country,engine,language,game,query,cluster_id,publication_action,section_parent_id,is_article_target,reason
US,google,en,cs2,cs2 external cheats,cs2-external,update_article,,True,No numeric volume in the explicitly selected provider/period/match cohort
US,google,en,cs2,external cs2 cheat,cs2-external,update_article,,False,No numeric volume in the explicitly selected provider/period/match cohort
US,google,en,cs2,cs2 internal vs external cheats,cs2-external,update_article,,False,No numeric volume in the explicitly selected provider/period/match cohort
US,google,en,cs2,are external cs2 cheats safer,cs2-external,update_article,,False,No numeric volume in the explicitly selected provider/period/match cohort
US,google,en,cs2,cs2 external cheat features,cs2-external,update_article,,False,No numeric volume in the explicitly selected provider/period/match cohort
US,google,en,cs2,triggerbot vs aimbot cs2,cs2-triggerbot,write_article,,True,No numeric volume in the explicitly selected provider/period/match cohort
US,google,en,cs2,what is a triggerbot in cs2,cs2-triggerbot,write_article,,False,No numeric volume in the explicitly selected provider/period/match cohort
US,google,en,cs2,cs2 triggerbot meaning,cs2-triggerbot,write_article,,False,No numeric volume in the explicitly selected provider/period/match cohort
US,google,en,cs2,cs2 triggerbot vs aim assist,cs2-triggerbot,write_article,,False,No numeric volume in the explicitly selected provider/period/match cohort
US,google,en,cs2,cs2 esp,cs2-esp,write_article,,False,No numeric volume in the explicitly selected provider/period/match cohort
US,google,en,cs2,cs2 esp vs wallhack,cs2-esp,write_article,,False,No numeric volume in the explicitly selected provider/period/match cohort
US,google,en,cs2,what does esp mean in cs2,cs2-esp,write_article,,False,No numeric volume in the explicitly selected provider/period/match cohort
US,google,en,cs2,cs2 radar vs esp,cs2-esp,write_article,,True,No numeric volume in the explicitly selected provider/period/match cohort
US,google,en,cs2,cs2 wallhack meaning,cs2-esp,write_article,,False,No numeric volume in the explicitly selected provider/period/match cohort
US,google,en,cs2,cs2 aimbot,cs2-aimbot,include_as_section,cs2-triggerbot,False,No numeric volume in the explicitly selected provider/period/match cohort
US,google,en,cs2,cs2 aimbot vs aim assist,cs2-aimbot,include_as_section,cs2-triggerbot,False,No numeric volume in the explicitly selected provider/period/match cohort
US,google,en,cs2,what is aimbot in cs2,cs2-aimbot,include_as_section,cs2-triggerbot,False,No numeric volume in the explicitly selected provider/period/match cohort
US,google,en,cs2,cs2 aim assist meaning,cs2-aimbot,include_as_section,cs2-triggerbot,False,No numeric volume in the explicitly selected provider/period/match cohort
US,google,en,cs2,cs2 legitbot vs aimbot,cs2-aimbot,include_as_section,cs2-triggerbot,False,No numeric volume in the explicitly selected provider/period/match cohort
US,google,en,cs2,cs2 skin changer,cs2-skin-changer,update_article,,True,No numeric volume in the explicitly selected provider/period/match cohort
US,google,en,cs2,cs2 skin changer vs real skins,cs2-skin-changer,update_article,,False,No numeric volume in the explicitly selected provider/period/match cohort
US,google,en,cs2,can other players see skin changer cs2,cs2-skin-changer,update_article,,False,No numeric volume in the explicitly selected provider/period/match cohort
US,google,en,cs2,cs2 skin changer inventory,cs2-skin-changer,update_article,,False,No numeric volume in the explicitly selected provider/period/match cohort
US,google,en,cs2,cs2 skin changer vs workshop,cs2-skin-changer,update_article,,False,No numeric volume in the explicitly selected provider/period/match cohort
US,google,en,cs2,free vs paid cs2 cheats,cs2-free-paid,update_article,,True,No numeric volume in the explicitly selected provider/period/match cohort
US,google,en,cs2,best free cs2 cheats,cs2-free-download,research_landing,,False,No numeric volume in the explicitly selected provider/period/match cohort
US,google,en,cs2,free cs2 cheat limitations,cs2-free-paid,update_article,,False,No numeric volume in the explicitly selected provider/period/match cohort
US,google,en,cs2,cs2 cheat free trial vs free version,cs2-free-paid,update_article,,False,No numeric volume in the explicitly selected provider/period/match cohort
US,google,en,cs2,cs2 cheat comparison,cs2-comparison,update_article,,False,No numeric volume in the explicitly selected provider/period/match cohort
US,google,en,cs2,cs2 cheats review,cs2-comparison,update_article,,False,No numeric volume in the explicitly selected provider/period/match cohort
US,google,en,cs2,cs2 cheat review checklist,cs2-comparison,update_article,,False,No numeric volume in the explicitly selected provider/period/match cohort
US,google,en,cs2,cs2 cheats alternatives,cs2-comparison,update_article,,False,No numeric volume in the explicitly selected provider/period/match cohort
US,google,en,cs2,cs2 grenade helper,cs2-grenade-helper,write_article,,False,No numeric volume in the explicitly selected provider/period/match cohort
US,google,en,cs2,cs2 grenade helper vs lineups,cs2-grenade-helper,write_article,,True,No numeric volume in the explicitly selected provider/period/match cohort
US,google,en,cs2,cs2 grenade prediction feature,cs2-grenade-helper,write_article,,False,No numeric volume in the explicitly selected provider/period/match cohort
US,google,en,cs2,cs2 grenade helper meaning,cs2-grenade-helper,write_article,,False,No numeric volume in the explicitly selected provider/period/match cohort
US,google,en,cs2,cs2 lineup tool vs cheat,cs2-grenade-helper,write_article,,False,No numeric volume in the explicitly selected provider/period/match cohort
US,google,en,cs2,cs2 cheat status,cs2-status,include_as_section,cs2-comparison,False,No numeric volume in the explicitly selected provider/period/match cohort
US,google,en,cs2,what does updating mean cs2 cheat,cs2-status,include_as_section,cs2-comparison,False,No numeric volume in the explicitly selected provider/period/match cohort
US,google,en,cs2,cs2 cheat status unknown,cs2-status,include_as_section,cs2-comparison,False,No numeric volume in the explicitly selected provider/period/match cohort
US,google,en,cs2,cs2 cheat detected status meaning,cs2-status,include_as_section,cs2-comparison,True,No numeric volume in the explicitly selected provider/period/match cohort
US,google,en,cs2,cs2 cheat update history,cs2-status,include_as_section,cs2-comparison,False,No numeric volume in the explicitly selected provider/period/match cohort
US,google,en,cs2,cs2 cheat commands,cs2-commands,write_article,,True,No numeric volume in the explicitly selected provider/period/match cohort
US,google,en,cs2,cs2 console cheats vs hacks,cs2-commands,write_article,,False,No numeric volume in the explicitly selected provider/period/match cohort
US,google,en,cs2,sv cheats cs2 meaning,cs2-commands,write_article,,False,No numeric volume in the explicitly selected provider/period/match cohort
US,google,en,cs2,cs2 cheats offline vs online,cs2-commands,write_article,,False,No numeric volume in the explicitly selected provider/period/match cohort
US,google,en,cs2,cs2 practice commands,cs2-commands,write_article,,False,No numeric volume in the explicitly selected provider/period/match cohort
US,google,en,dota2,dota 2 scripts vs macros,dota2-scripts,update_article,,True,No numeric volume in the explicitly selected provider/period/match cohort
US,google,en,dota2,dota 2 hero scripts meaning,dota2-scripts,update_article,,False,No numeric volume in the explicitly selected provider/period/match cohort
US,google,en,dota2,dota 2 bot scripts vs cheats,dota2-scripts,update_article,,False,No numeric volume in the explicitly selected provider/period/match cohort
US,google,en,dota2,what is scripting in dota 2,dota2-scripts,update_article,,False,No numeric volume in the explicitly selected provider/period/match cohort
US,google,en,dota2,invoker scripts dota 2,dota2-invoker,include_as_section,dota2-scripts,False,No numeric volume in the explicitly selected provider/period/match cohort
US,google,en,dota2,dota 2 invoker script features,dota2-invoker,include_as_section,dota2-scripts,False,No numeric volume in the explicitly selected provider/period/match cohort
US,google,en,dota2,invoker combo script meaning,dota2-invoker,include_as_section,dota2-scripts,False,No numeric volume in the explicitly selected provider/period/match cohort
US,google,en,dota2,invoker scripts vs hotkeys,dota2-invoker,include_as_section,dota2-scripts,True,No numeric volume in the explicitly selected provider/period/match cohort
US,google,en,dota2,dota 2 invoker auto combo,dota2-invoker,include_as_section,dota2-scripts,False,No numeric volume in the explicitly selected provider/period/match cohort
US,google,en,dota2,meepo scripts dota 2,dota2-meepo,include_as_section,dota2-scripts,False,No numeric volume in the explicitly selected provider/period/match cohort
US,google,en,dota2,dota 2 meepo script features,dota2-meepo,include_as_section,dota2-scripts,False,No numeric volume in the explicitly selected provider/period/match cohort
US,google,en,dota2,meepo auto combo meaning,dota2-meepo,include_as_section,dota2-scripts,False,No numeric volume in the explicitly selected provider/period/match cohort
US,google,en,dota2,meepo scripts vs control groups,dota2-meepo,include_as_section,dota2-scripts,True,No numeric volume in the explicitly selected provider/period/match cohort
US,google,en,dota2,meepo automation features,dota2-meepo,include_as_section,dota2-scripts,False,No numeric volume in the explicitly selected provider/period/match cohort
US,google,en,dota2,dota 2 maphack,dota2-maphack,update_article,,False,No numeric volume in the explicitly selected provider/period/match cohort
US,google,en,dota2,dota 2 maphack vs esp,dota2-maphack,update_article,,True,No numeric volume in the explicitly selected provider/period/match cohort
US,google,en,dota2,dota 2 jungle maphack meaning,dota2-maphack,update_article,,False,No numeric volume in the explicitly selected provider/period/match cohort
US,google,en,dota2,dota 2 fog of war cheat claims,dota2-maphack,update_article,,False,No numeric volume in the explicitly selected provider/period/match cohort
US,google,en,dota2,dota 2 vision cheat meaning,dota2-maphack,update_article,,False,No numeric volume in the explicitly selected provider/period/match cohort
US,google,en,dota2,dota 2 ward tracker,dota2-ward-tracker,include_as_section,dota2-maphack,False,No numeric volume in the explicitly selected provider/period/match cohort
US,google,en,dota2,dota 2 ward tracker cheat meaning,dota2-ward-tracker,include_as_section,dota2-maphack,False,No numeric volume in the explicitly selected provider/period/match cohort
US,google,en,dota2,ward tracker vs ward timer dota 2,dota2-ward-tracker,include_as_section,dota2-maphack,False,No numeric volume in the explicitly selected provider/period/match cohort
US,google,en,dota2,dota 2 ward esp,dota2-ward-tracker,include_as_section,dota2-maphack,False,No numeric volume in the explicitly selected provider/period/match cohort
US,google,en,dota2,dota 2 enemy ward tracker,dota2-ward-tracker,include_as_section,dota2-maphack,False,No numeric volume in the explicitly selected provider/period/match cohort
US,google,en,dota2,dota 2 roshan timer,dota2-roshan,include_as_section,dota2-maphack,False,No numeric volume in the explicitly selected provider/period/match cohort
US,google,en,dota2,dota 2 roshan esp,dota2-roshan,include_as_section,dota2-maphack,True,No numeric volume in the explicitly selected provider/period/match cohort
US,google,en,dota2,roshan timer vs esp dota 2,dota2-roshan,include_as_section,dota2-maphack,False,No numeric volume in the explicitly selected provider/period/match cohort
US,google,en,dota2,dota 2 roshan tracker,dota2-roshan,include_as_section,dota2-maphack,False,No numeric volume in the explicitly selected provider/period/match cohort
US,google,en,dota2,dota 2 roshan cheat feature,dota2-roshan,include_as_section,dota2-maphack,False,No numeric volume in the explicitly selected provider/period/match cohort
US,google,en,dota2,dota 2 teleport preview,dota2-teleport,include_as_section,dota2-maphack,False,No numeric volume in the explicitly selected provider/period/match cohort
US,google,en,dota2,dota 2 teleport tracker,dota2-teleport,include_as_section,dota2-maphack,False,No numeric volume in the explicitly selected provider/period/match cohort
US,google,en,dota2,dota 2 tp preview cheat,dota2-teleport,include_as_section,dota2-maphack,False,No numeric volume in the explicitly selected provider/period/match cohort
US,google,en,dota2,dota 2 teleport esp,dota2-teleport,include_as_section,dota2-maphack,False,No numeric volume in the explicitly selected provider/period/match cohort
US,google,en,dota2,teleport preview meaning dota 2,dota2-teleport,include_as_section,dota2-maphack,True,No numeric volume in the explicitly selected provider/period/match cohort
US,google,en,dota2,dota 2 auto dodge,dota2-auto-dodge,write_article,,True,No numeric volume in the explicitly selected provider/period/match cohort
US,google,en,dota2,dota 2 auto dodge script meaning,dota2-auto-dodge,write_article,,False,No numeric volume in the explicitly selected provider/period/match cohort
US,google,en,dota2,auto dodge vs manual dodge dota 2,dota2-auto-dodge,write_article,,False,No numeric volume in the explicitly selected provider/period/match cohort
US,google,en,dota2,dota 2 skillshot dodge script,dota2-auto-dodge,write_article,,False,No numeric volume in the explicitly selected provider/period/match cohort
US,google,en,dota2,dota 2 dodger feature,dota2-auto-dodge,write_article,,False,No numeric volume in the explicitly selected provider/period/match cohort
US,google,en,dota2,dota 2 skin changer,dota2-skin-changer,update_article,,False,No numeric volume in the explicitly selected provider/period/match cohort
US,google,en,dota2,dota 2 skin changer vs real items,dota2-skin-changer,update_article,,True,No numeric volume in the explicitly selected provider/period/match cohort
US,google,en,dota2,can others see dota 2 skin changer,dota2-skin-changer,update_article,,False,No numeric volume in the explicitly selected provider/period/match cohort
US,google,en,dota2,dota 2 cosmetic changer,dota2-skin-changer,update_article,,False,No numeric volume in the explicitly selected provider/period/match cohort
US,google,en,dota2,dota 2 skin changer inventory,dota2-skin-changer,update_article,,False,No numeric volume in the explicitly selected provider/period/match cohort
US,google,en,dota2,dota 2 cheats comparison,dota2-comparison,update_article,,True,No numeric volume in the explicitly selected provider/period/match cohort
US,google,en,dota2,melonity vs umbrella,dota2-comparison,update_article,,False,No numeric volume in the explicitly selected provider/period/match cohort
US,google,en,dota2,melonity vs octarine,dota2-comparison,update_article,,False,No numeric volume in the explicitly selected provider/period/match cohort
US,google,en,dota2,dota 2 scripts comparison,dota2-comparison,update_article,,False,No numeric volume in the explicitly selected provider/period/match cohort
US,google,en,dota2,dota 2 cheat review checklist,dota2-comparison,update_article,,False,No numeric volume in the explicitly selected provider/period/match cohort
US,google,en,dota2,dota 2 auto last hit,dota2-auto-last-hit,include_as_section,dota2-scripts,False,No numeric volume in the explicitly selected provider/period/match cohort
US,google,en,dota2,dota 2 last hit script,dota2-auto-last-hit,include_as_section,dota2-scripts,True,No numeric volume in the explicitly selected provider/period/match cohort
US,google,en,dota2,dota 2 auto deny script,dota2-auto-last-hit,include_as_section,dota2-scripts,False,No numeric volume in the explicitly selected provider/period/match cohort
US,google,en,dota2,auto last hit vs manual dota 2,dota2-auto-last-hit,include_as_section,dota2-scripts,False,No numeric volume in the explicitly selected provider/period/match cohort
US,google,en,dota2,dota 2 farming scripts meaning,dota2-auto-last-hit,include_as_section,dota2-scripts,False,No numeric volume in the explicitly selected provider/period/match cohort
US,google,en,dota2,dota 2 cheat commands,dota2-commands,update_article,,True,No numeric volume in the explicitly selected provider/period/match cohort
US,google,en,dota2,dota 2 lobby cheats vs scripts,dota2-commands,update_article,,False,No numeric volume in the explicitly selected provider/period/match cohort
US,google,en,dota2,dota 2 console cheat codes,dota2-commands,update_article,,False,No numeric volume in the explicitly selected provider/period/match cohort
US,google,en,dota2,dota 2 cheats custom lobby,dota2-commands,update_article,,False,No numeric volume in the explicitly selected provider/period/match cohort
US,google,en,dota2,dota 2 cheats meaning,dota2-commands,update_article,,False,No numeric volume in the explicitly selected provider/period/match cohort
US,google,en,deadlock,deadlock auto parry,deadlock-auto-parry,update_article,,False,No numeric volume in the explicitly selected provider/period/match cohort
US,google,en,deadlock,deadlock auto parry meaning,deadlock-auto-parry,update_article,,False,No numeric volume in the explicitly selected provider/period/match cohort
US,google,en,deadlock,deadlock auto parry vs manual,deadlock-auto-parry,update_article,,False,No numeric volume in the explicitly selected provider/period/match cohort
US,google,en,deadlock,deadlock parry script,deadlock-auto-parry,update_article,,False,No numeric volume in the explicitly selected provider/period/match cohort
US,google,en,deadlock,deadlock souls aimbot,deadlock-souls,write_article,,True,No numeric volume in the explicitly selected provider/period/match cohort
US,google,en,deadlock,deadlock soul aimbot,deadlock-souls,write_article,,False,No numeric volume in the explicitly selected provider/period/match cohort
US,google,en,deadlock,deadlock auto secure souls,deadlock-souls,write_article,,False,No numeric volume in the explicitly selected provider/period/match cohort
US,google,en,deadlock,deadlock soul deny cheat,deadlock-souls,write_article,,False,No numeric volume in the explicitly selected provider/period/match cohort
US,google,en,deadlock,deadlock souls aimbot vs player aimbot,deadlock-souls,write_article,,False,No numeric volume in the explicitly selected provider/period/match cohort
US,google,en,deadlock,deadlock esp,deadlock-esp,include_as_section,deadlock-hub,False,No numeric volume in the explicitly selected provider/period/match cohort
US,google,en,deadlock,deadlock esp vs wallhack,deadlock-esp,include_as_section,deadlock-hub,False,No numeric volume in the explicitly selected provider/period/match cohort
US,google,en,deadlock,deadlock radar cheat meaning,deadlock-esp,include_as_section,deadlock-hub,False,No numeric volume in the explicitly selected provider/period/match cohort
US,google,en,deadlock,what is esp in deadlock,deadlock-esp,include_as_section,deadlock-hub,False,No numeric volume in the explicitly selected provider/period/match cohort
US,google,en,deadlock,deadlock enemy visibility cheat,deadlock-esp,include_as_section,deadlock-hub,False,No numeric volume in the explicitly selected provider/period/match cohort
US,google,en,deadlock,deadlock aimbot,deadlock-aimbot,include_as_section,deadlock-souls,False,No numeric volume in the explicitly selected provider/period/match cohort
US,google,en,deadlock,deadlock aimbot vs aim assist,deadlock-aimbot,include_as_section,deadlock-souls,False,No numeric volume in the explicitly selected provider/period/match cohort
US,google,en,deadlock,deadlock projectile aimbot,deadlock-aimbot,include_as_section,deadlock-souls,False,No numeric volume in the explicitly selected provider/period/match cohort
US,google,en,deadlock,deadlock aim assist cheat meaning,deadlock-aimbot,include_as_section,deadlock-souls,False,No numeric volume in the explicitly selected provider/period/match cohort
US,google,en,deadlock,deadlock player aimbot vs soul aimbot,deadlock-aimbot,include_as_section,deadlock-souls,True,No numeric volume in the explicitly selected provider/period/match cohort
US,google,en,deadlock,deadlock fov changer,deadlock-fov,include_as_section,deadlock-souls,False,No numeric volume in the explicitly selected provider/period/match cohort
US,google,en,deadlock,deadlock fov changer cheat,deadlock-fov,include_as_section,deadlock-souls,False,No numeric volume in the explicitly selected provider/period/match cohort
US,google,en,deadlock,deadlock camera fov vs aimbot fov,deadlock-fov,include_as_section,deadlock-souls,False,No numeric volume in the explicitly selected provider/period/match cohort
US,google,en,deadlock,deadlock fov meaning,deadlock-fov,include_as_section,deadlock-souls,False,No numeric volume in the explicitly selected provider/period/match cohort
US,google,en,deadlock,deadlock fov changer vs settings,deadlock-fov,include_as_section,deadlock-souls,False,No numeric volume in the explicitly selected provider/period/match cohort
US,google,en,deadlock,deadlock hero combos cheat,deadlock-combos,include_as_section,deadlock-hub,False,No numeric volume in the explicitly selected provider/period/match cohort
US,google,en,deadlock,deadlock auto combo meaning,deadlock-combos,include_as_section,deadlock-hub,True,No numeric volume in the explicitly selected provider/period/match cohort
US,google,en,deadlock,deadlock hero scripts,deadlock-combos,include_as_section,deadlock-hub,False,No numeric volume in the explicitly selected provider/period/match cohort
US,google,en,deadlock,deadlock combo script features,deadlock-combos,include_as_section,deadlock-hub,False,No numeric volume in the explicitly selected provider/period/match cohort
US,google,en,deadlock,deadlock auto combo vs manual,deadlock-combos,include_as_section,deadlock-hub,False,No numeric volume in the explicitly selected provider/period/match cohort
US,google,en,deadlock,deadlock dodger,deadlock-dodger,include_as_section,deadlock-hub,False,No numeric volume in the explicitly selected provider/period/match cohort
US,google,en,deadlock,deadlock auto dodge,deadlock-dodger,include_as_section,deadlock-hub,False,No numeric volume in the explicitly selected provider/period/match cohort
US,google,en,deadlock,deadlock auto dodge cheat meaning,deadlock-dodger,include_as_section,deadlock-hub,True,No numeric volume in the explicitly selected provider/period/match cohort
US,google,en,deadlock,deadlock dodger vs manual dodge,deadlock-dodger,include_as_section,deadlock-hub,False,No numeric volume in the explicitly selected provider/period/match cohort
US,google,en,deadlock,deadlock skillshot dodge script,deadlock-dodger,include_as_section,deadlock-hub,False,No numeric volume in the explicitly selected provider/period/match cohort
US,google,en,deadlock,deadlock cheats comparison,deadlock-comparison,update_article,,True,No numeric volume in the explicitly selected provider/period/match cohort
US,google,en,deadlock,best deadlock cheats,deadlock-comparison,update_article,,False,No numeric volume in the explicitly selected provider/period/match cohort
US,google,en,deadlock,deadlock cheat feature comparison,deadlock-comparison,update_article,,False,No numeric volume in the explicitly selected provider/period/match cohort
US,google,en,deadlock,cluster vs avalanche deadlock,deadlock-comparison,update_article,,False,No numeric volume in the explicitly selected provider/period/match cohort
US,google,en,deadlock,deadlock cheat review checklist,deadlock-comparison,update_article,,False,No numeric volume in the explicitly selected provider/period/match cohort
US,google,en,deadlock,free deadlock cheats,deadlock-free-download,research_landing,,True,No numeric volume in the explicitly selected provider/period/match cohort
US,google,en,deadlock,deadlock cheat free trial,deadlock-trial,include_as_section,deadlock-comparison,False,No numeric volume in the explicitly selected provider/period/match cohort
US,google,en,deadlock,free vs paid deadlock cheats,deadlock-trial,include_as_section,deadlock-comparison,True,No numeric volume in the explicitly selected provider/period/match cohort
US,google,en,deadlock,deadlock free cheat limitations,deadlock-trial,include_as_section,deadlock-comparison,False,No numeric volume in the explicitly selected provider/period/match cohort
US,google,en,deadlock,deadlock cheat subscription comparison,deadlock-trial,include_as_section,deadlock-comparison,False,No numeric volume in the explicitly selected provider/period/match cohort
US,google,en,deadlock,deadlock console commands vs cheats,deadlock-commands,write_article,,False,No numeric volume in the explicitly selected provider/period/match cohort
US,google,en,deadlock,deadlock sandbox cheats,deadlock-commands,write_article,,False,No numeric volume in the explicitly selected provider/period/match cohort
US,google,en,deadlock,deadlock valve cheats vs planetary conquest,deadlock-commands,write_article,,False,No numeric volume in the explicitly selected provider/period/match cohort
US,google,en,deadlock,deadlock cheat codes meaning,deadlock-commands,write_article,,False,No numeric volume in the explicitly selected provider/period/match cohort
US,google,en,cs2,Is triggerbot cheating?,cs2-triggerbot,write_article,,False,No numeric volume in the explicitly selected provider/period/match cohort
US,google,en,cs2,What's the difference between aimbot and triggerbot?,cs2-triggerbot,write_article,,False,No numeric volume in the explicitly selected provider/period/match cohort
US,google,en,cs2,Does CS2 detect external cheats?,cs2-external,update_article,,False,No numeric volume in the explicitly selected provider/period/match cohort
US,google,en,dota2,Is scripting allowed in Dota 2?,dota2-scripts,update_article,,False,No numeric volume in the explicitly selected provider/period/match cohort
US,google,en,dota2,Is scripting in a game cheating?,dota2-scripts,update_article,,False,No numeric volume in the explicitly selected provider/period/match cohort
US,google,en,deadlock,Is there auto parry in Deadlock?,deadlock-auto-parry,update_article,,False,No numeric volume in the explicitly selected provider/period/match cohort
US,google,en,deadlock,How does parry work in Deadlock?,deadlock-auto-parry,update_article,,False,No numeric volume in the explicitly selected provider/period/match cohort
US,google,en,deadlock,Does Unstoppable stop parry Deadlock?,deadlock-auto-parry,update_article,,False,No numeric volume in the explicitly selected provider/period/match cohort
US,google,en,deadlock,How to train parry Deadlock?,deadlock-auto-parry,update_article,,False,No numeric volume in the explicitly selected provider/period/match cohort
US,google,en,dota2,dota 2 ward tracker cheat,dota2-ward-tracker,include_as_section,dota2-maphack,True,No numeric volume in the explicitly selected provider/period/match cohort
US,google,en,deadlock,deadlock aimbot fov,deadlock-fov,include_as_section,deadlock-souls,True,No numeric volume in the explicitly selected provider/period/match cohort
US,google,en,deadlock,deadlock soul triggerbot,deadlock-souls,write_article,,False,No numeric volume in the explicitly selected provider/period/match cohort
US,google,en,deadlock,deadlock auto parry cheats,deadlock-auto-parry,update_article,,False,No numeric volume in the explicitly selected provider/period/match cohort
US,google,en,deadlock,deadlock auto parry hack,deadlock-auto-parry,update_article,,False,No numeric volume in the explicitly selected provider/period/match cohort
US,google,en,deadlock,deadlock auto parry script,deadlock-auto-parry,update_article,,False,No numeric volume in the explicitly selected provider/period/match cohort
US,google,en,deadlock,deadlock autoparry cheat,deadlock-auto-parry,update_article,,False,No numeric volume in the explicitly selected provider/period/match cohort
US,google,en,deadlock,deadlock auto parry cheat free,deadlock-auto-parry,update_article,,False,No numeric volume in the explicitly selected provider/period/match cohort
US,google,en,deadlock,free deadlock auto parry,deadlock-auto-parry,update_article,,False,No numeric volume in the explicitly selected provider/period/match cohort
US,google,en,deadlock,deadlock auto parry download,deadlock-auto-parry,update_article,,False,No numeric volume in the explicitly selected provider/period/match cohort
US,google,en,deadlock,deadlock auto parry mod,deadlock-auto-parry,update_article,,False,No numeric volume in the explicitly selected provider/period/match cohort
US,google,en,deadlock,deadlock auto block cheat,deadlock-auto-parry,update_article,,False,No numeric volume in the explicitly selected provider/period/match cohort
US,google,en,deadlock,deadlock melee parry cheat,deadlock-auto-parry,update_article,,False,No numeric volume in the explicitly selected provider/period/match cohort
US,google,en,deadlock,deadlock parry hack,deadlock-auto-parry,update_article,,False,No numeric volume in the explicitly selected provider/period/match cohort
US,google,en,deadlock,deadlock auto parry light melee,deadlock-auto-parry,update_article,,False,No numeric volume in the explicitly selected provider/period/match cohort
US,google,en,deadlock,deadlock auto parry vs auto block,deadlock-auto-parry,update_article,,False,No numeric volume in the explicitly selected provider/period/match cohort
US,google,en,deadlock,deadlock soul aimbot cheat,deadlock-souls,write_article,,False,No numeric volume in the explicitly selected provider/period/match cohort
US,google,en,deadlock,deadlock soul aimbot free,deadlock-souls,write_article,,False,No numeric volume in the explicitly selected provider/period/match cohort
US,google,en,deadlock,deadlock soul aimbot download,deadlock-souls,write_article,,False,No numeric volume in the explicitly selected provider/period/match cohort
US,google,en,deadlock,deadlock soul triggerbot free,deadlock-souls,write_article,,False,No numeric volume in the explicitly selected provider/period/match cohort
US,google,en,deadlock,deadlock auto soul secure,deadlock-souls,write_article,,False,No numeric volume in the explicitly selected provider/period/match cohort
US,google,en,deadlock,deadlock auto deny cheat,deadlock-souls,write_article,,False,No numeric volume in the explicitly selected provider/period/match cohort
US,google,en,deadlock,deadlock soul orb aimbot,deadlock-souls,write_article,,False,No numeric volume in the explicitly selected provider/period/match cohort
US,google,en,deadlock,deadlock soul esp cheat,deadlock-souls,write_article,,False,No numeric volume in the explicitly selected provider/period/match cohort
US,google,en,deadlock,deadlock soul triggerbot vs aimbot,deadlock-souls,write_article,,False,No numeric volume in the explicitly selected provider/period/match cohort
US,google,en,deadlock,deadlock auto last hit cheat,deadlock-souls,write_article,,False,No numeric volume in the explicitly selected provider/period/match cohort
US,google,en,deadlock,deadlock wallhack,deadlock-esp,include_as_section,deadlock-hub,False,No numeric volume in the explicitly selected provider/period/match cohort
US,google,en,deadlock,deadlock wallhack cheat,deadlock-esp,include_as_section,deadlock-hub,False,No numeric volume in the explicitly selected provider/period/match cohort
US,google,en,deadlock,deadlock wallhack free,deadlock-esp,include_as_section,deadlock-hub,False,No numeric volume in the explicitly selected provider/period/match cohort
US,google,en,deadlock,deadlock esp hack,deadlock-esp,include_as_section,deadlock-hub,False,No numeric volume in the explicitly selected provider/period/match cohort
US,google,en,deadlock,deadlock esp free,deadlock-esp,include_as_section,deadlock-hub,False,No numeric volume in the explicitly selected provider/period/match cohort
US,google,en,deadlock,free deadlock esp,deadlock-esp,include_as_section,deadlock-hub,False,No numeric volume in the explicitly selected provider/period/match cohort
US,google,en,deadlock,deadlock esp download,deadlock-esp,include_as_section,deadlock-hub,False,No numeric volume in the explicitly selected provider/period/match cohort
US,google,en,deadlock,deadlock radar hack,deadlock-esp,include_as_section,deadlock-hub,False,No numeric volume in the explicitly selected provider/period/match cohort
US,google,en,deadlock,deadlock player esp,deadlock-esp,include_as_section,deadlock-hub,False,No numeric volume in the explicitly selected provider/period/match cohort
US,google,en,deadlock,deadlock item esp,deadlock-esp,include_as_section,deadlock-hub,False,No numeric volume in the explicitly selected provider/period/match cohort
US,google,en,deadlock,deadlock health esp,deadlock-esp,include_as_section,deadlock-hub,False,No numeric volume in the explicitly selected provider/period/match cohort
US,google,en,deadlock,deadlock radar vs esp,deadlock-esp,include_as_section,deadlock-hub,True,No numeric volume in the explicitly selected provider/period/match cohort
US,google,en,deadlock,deadlock aimbot cheat,deadlock-aimbot,include_as_section,deadlock-souls,False,No numeric volume in the explicitly selected provider/period/match cohort
US,google,en,deadlock,deadlock aimbot free,deadlock-aimbot,include_as_section,deadlock-souls,False,No numeric volume in the explicitly selected provider/period/match cohort
US,google,en,deadlock,free deadlock aimbot,deadlock-aimbot,include_as_section,deadlock-souls,False,No numeric volume in the explicitly selected provider/period/match cohort
US,google,en,deadlock,deadlock aimbot download,deadlock-aimbot,include_as_section,deadlock-souls,False,No numeric volume in the explicitly selected provider/period/match cohort
US,google,en,deadlock,deadlock silent aim,deadlock-aimbot,include_as_section,deadlock-souls,False,No numeric volume in the explicitly selected provider/period/match cohort
US,google,en,deadlock,deadlock silent aim cheat,deadlock-aimbot,include_as_section,deadlock-souls,False,No numeric volume in the explicitly selected provider/period/match cohort
US,google,en,deadlock,deadlock aim assist cheat,deadlock-aimbot,include_as_section,deadlock-souls,False,No numeric volume in the explicitly selected provider/period/match cohort
US,google,en,deadlock,deadlock aimbot prediction,deadlock-aimbot,include_as_section,deadlock-souls,False,No numeric volume in the explicitly selected provider/period/match cohort
US,google,en,deadlock,deadlock triggerbot,deadlock-aimbot,include_as_section,deadlock-souls,False,No numeric volume in the explicitly selected provider/period/match cohort
US,google,en,deadlock,deadlock triggerbot cheat,deadlock-aimbot,include_as_section,deadlock-souls,False,No numeric volume in the explicitly selected provider/period/match cohort
US,google,en,deadlock,deadlock triggerbot free,deadlock-aimbot,include_as_section,deadlock-souls,False,No numeric volume in the explicitly selected provider/period/match cohort
US,google,en,deadlock,deadlock combo script,deadlock-combos,include_as_section,deadlock-hub,False,No numeric volume in the explicitly selected provider/period/match cohort
US,google,en,deadlock,deadlock auto combo,deadlock-combos,include_as_section,deadlock-hub,False,No numeric volume in the explicitly selected provider/period/match cohort
US,google,en,deadlock,deadlock auto combo cheat,deadlock-combos,include_as_section,deadlock-hub,False,No numeric volume in the explicitly selected provider/period/match cohort
US,google,en,deadlock,deadlock ability automation,deadlock-combos,include_as_section,deadlock-hub,False,No numeric volume in the explicitly selected provider/period/match cohort
US,google,en,deadlock,deadlock combo script free,deadlock-combos,include_as_section,deadlock-hub,False,No numeric volume in the explicitly selected provider/period/match cohort
US,google,en,deadlock,deadlock auto dodge cheat,deadlock-dodger,include_as_section,deadlock-hub,False,No numeric volume in the explicitly selected provider/period/match cohort
US,google,en,deadlock,deadlock auto dodge script,deadlock-dodger,include_as_section,deadlock-hub,False,No numeric volume in the explicitly selected provider/period/match cohort
US,google,en,deadlock,deadlock dodger cheat,deadlock-dodger,include_as_section,deadlock-hub,False,No numeric volume in the explicitly selected provider/period/match cohort
US,google,en,deadlock,deadlock auto dodge free,deadlock-dodger,include_as_section,deadlock-hub,False,No numeric volume in the explicitly selected provider/period/match cohort
US,google,en,deadlock,deadlock auto dodge vs parry,deadlock-dodger,include_as_section,deadlock-hub,False,No numeric volume in the explicitly selected provider/period/match cohort
US,google,en,deadlock,deadlock skillshot dodge cheat,deadlock-dodger,include_as_section,deadlock-hub,False,No numeric volume in the explicitly selected provider/period/match cohort
US,google,en,deadlock,deadlock cheats free trial,deadlock-trial,include_as_section,deadlock-comparison,False,No numeric volume in the explicitly selected provider/period/match cohort
US,google,en,deadlock,deadlock free cheat vs trial,deadlock-trial,include_as_section,deadlock-comparison,False,No numeric volume in the explicitly selected provider/period/match cohort
US,google,en,deadlock,deadlock cheat subscription,deadlock-trial,include_as_section,deadlock-comparison,False,No numeric volume in the explicitly selected provider/period/match cohort
US,google,en,deadlock,deadlock cheat trial limitations,deadlock-trial,include_as_section,deadlock-comparison,False,No numeric volume in the explicitly selected provider/period/match cohort
US,google,en,deadlock,deadlock cheat refund policy,deadlock-trial,include_as_section,deadlock-comparison,False,No numeric volume in the explicitly selected provider/period/match cohort
US,google,en,cs2,cs2 triggerbot cheat,cs2-triggerbot,write_article,,False,No numeric volume in the explicitly selected provider/period/match cohort
US,google,en,cs2,cs2 triggerbot free,cs2-triggerbot,write_article,,False,No numeric volume in the explicitly selected provider/period/match cohort
US,google,en,cs2,free cs2 triggerbot,cs2-triggerbot,write_article,,False,No numeric volume in the explicitly selected provider/period/match cohort
US,google,en,cs2,cs2 triggerbot download,cs2-triggerbot,write_article,,False,No numeric volume in the explicitly selected provider/period/match cohort
US,google,en,cs2,cs2 triggerbot hack,cs2-triggerbot,write_article,,False,No numeric volume in the explicitly selected provider/period/match cohort
US,google,en,cs2,triggerbot cs2 free,cs2-triggerbot,write_article,,False,No numeric volume in the explicitly selected provider/period/match cohort
US,google,en,cs2,cs2 triggerbot vs aimbot,cs2-triggerbot,write_article,,False,No numeric volume in the explicitly selected provider/period/match cohort
US,google,en,cs2,cs2 triggerbot limitations,cs2-triggerbot,write_article,,False,No numeric volume in the explicitly selected provider/period/match cohort
US,google,en,cs2,cs2 wallhack,cs2-esp,write_article,,False,No numeric volume in the explicitly selected provider/period/match cohort
US,google,en,cs2,cs2 wallhack free,cs2-esp,write_article,,False,No numeric volume in the explicitly selected provider/period/match cohort
US,google,en,cs2,free cs2 wallhack,cs2-esp,write_article,,False,No numeric volume in the explicitly selected provider/period/match cohort
US,google,en,cs2,cs2 wallhack download,cs2-esp,write_article,,False,No numeric volume in the explicitly selected provider/period/match cohort
US,google,en,cs2,cs2 esp free,cs2-esp,write_article,,False,No numeric volume in the explicitly selected provider/period/match cohort
US,google,en,cs2,free cs2 esp,cs2-esp,write_article,,False,No numeric volume in the explicitly selected provider/period/match cohort
US,google,en,cs2,cs2 esp download,cs2-esp,write_article,,False,No numeric volume in the explicitly selected provider/period/match cohort
US,google,en,cs2,cs2 radar hack,cs2-esp,write_article,,False,No numeric volume in the explicitly selected provider/period/match cohort
US,google,en,cs2,cs2 radar hack free,cs2-esp,write_article,,False,No numeric volume in the explicitly selected provider/period/match cohort
US,google,en,cs2,cs2 box esp,cs2-esp,write_article,,False,No numeric volume in the explicitly selected provider/period/match cohort
US,google,en,cs2,cs2 skeleton esp,cs2-esp,write_article,,False,No numeric volume in the explicitly selected provider/period/match cohort
US,google,en,cs2,cs2 health esp,cs2-esp,write_article,,False,No numeric volume in the explicitly selected provider/period/match cohort
US,google,en,cs2,cs2 radar vs wallhack,cs2-esp,write_article,,False,No numeric volume in the explicitly selected provider/period/match cohort
US,google,en,cs2,cs2 aimbot cheat,cs2-aimbot,include_as_section,cs2-triggerbot,False,No numeric volume in the explicitly selected provider/period/match cohort
US,google,en,cs2,cs2 aimbot free,cs2-aimbot,include_as_section,cs2-triggerbot,False,No numeric volume in the explicitly selected provider/period/match cohort
US,google,en,cs2,free cs2 aimbot,cs2-aimbot,include_as_section,cs2-triggerbot,False,No numeric volume in the explicitly selected provider/period/match cohort
US,google,en,cs2,cs2 aimbot download,cs2-aimbot,include_as_section,cs2-triggerbot,False,No numeric volume in the explicitly selected provider/period/match cohort
US,google,en,cs2,cs2 aim assist cheat,cs2-aimbot,include_as_section,cs2-triggerbot,False,No numeric volume in the explicitly selected provider/period/match cohort
US,google,en,cs2,cs2 silent aim,cs2-aimbot,include_as_section,cs2-triggerbot,False,No numeric volume in the explicitly selected provider/period/match cohort
US,google,en,cs2,cs2 silent aim vs aimbot,cs2-aimbot,include_as_section,cs2-triggerbot,False,No numeric volume in the explicitly selected provider/period/match cohort
US,google,en,cs2,cs2 recoil control cheat,cs2-aimbot,include_as_section,cs2-triggerbot,False,No numeric volume in the explicitly selected provider/period/match cohort
US,google,en,cs2,cs2 no recoil cheat,cs2-aimbot,include_as_section,cs2-triggerbot,False,No numeric volume in the explicitly selected provider/period/match cohort
US,google,en,cs2,cs2 legit aimbot,cs2-aimbot,include_as_section,cs2-triggerbot,False,No numeric volume in the explicitly selected provider/period/match cohort
US,google,en,cs2,cs2 aim assist vs aimbot,cs2-aimbot,include_as_section,cs2-triggerbot,True,No numeric volume in the explicitly selected provider/period/match cohort
US,google,en,cs2,cs2 skin changer free,cs2-skin-changer,update_article,,False,No numeric volume in the explicitly selected provider/period/match cohort
US,google,en,cs2,free cs2 skin changer,cs2-skin-changer,update_article,,False,No numeric volume in the explicitly selected provider/period/match cohort
US,google,en,cs2,cs2 skin changer free download,cs2-skin-changer,update_article,,False,No numeric volume in the explicitly selected provider/period/match cohort
US,google,en,cs2,cs2 skinchanger,cs2-skin-changer,update_article,,False,No numeric volume in the explicitly selected provider/period/match cohort
US,google,en,cs2,cs2 skinchanger free,cs2-skin-changer,update_article,,False,No numeric volume in the explicitly selected provider/period/match cohort
US,google,en,cs2,cs2 inventory changer,cs2-skin-changer,update_article,,False,No numeric volume in the explicitly selected provider/period/match cohort
US,google,en,cs2,cs2 knife changer,cs2-skin-changer,update_article,,False,No numeric volume in the explicitly selected provider/period/match cohort
US,google,en,cs2,cs2 glove changer,cs2-skin-changer,update_article,,False,No numeric volume in the explicitly selected provider/period/match cohort
US,google,en,cs2,cs2 skin changer vs inventory changer,cs2-skin-changer,update_article,,False,No numeric volume in the explicitly selected provider/period/match cohort
US,google,en,cs2,cs2 skin changer server,cs2-skin-changer,update_article,,False,No numeric volume in the explicitly selected provider/period/match cohort
US,google,en,cs2,cs2 skin changer bannable,cs2-skin-changer,update_article,,False,No numeric volume in the explicitly selected provider/period/match cohort
US,google,en,cs2,cs2 skin changer mod,cs2-skin-changer,update_article,,False,No numeric volume in the explicitly selected provider/period/match cohort
US,google,en,cs2,cs2 external cheat free,cs2-external,update_article,,False,No numeric volume in the explicitly selected provider/period/match cohort
US,google,en,cs2,free external cs2 cheats,cs2-external,update_article,,False,No numeric volume in the explicitly selected provider/period/match cohort
US,google,en,cs2,cs2 external esp,cs2-external,update_article,,False,No numeric volume in the explicitly selected provider/period/match cohort
US,google,en,cs2,cs2 external radar,cs2-external,update_article,,False,No numeric volume in the explicitly selected provider/period/match cohort
US,google,en,cs2,cs2 external vs internal cheat,cs2-external,update_article,,False,No numeric volume in the explicitly selected provider/period/match cohort
US,google,en,cs2,cs2 grenade helper cheat,cs2-grenade-helper,write_article,,False,No numeric volume in the explicitly selected provider/period/match cohort
US,google,en,cs2,cs2 grenade helper free,cs2-grenade-helper,write_article,,False,No numeric volume in the explicitly selected provider/period/match cohort
US,google,en,cs2,cs2 lineup helper,cs2-grenade-helper,write_article,,False,No numeric volume in the explicitly selected provider/period/match cohort
US,google,en,cs2,cs2 nade helper,cs2-grenade-helper,write_article,,False,No numeric volume in the explicitly selected provider/period/match cohort
US,google,en,cs2,cs2 grenade prediction cheat,cs2-grenade-helper,write_article,,False,No numeric volume in the explicitly selected provider/period/match cohort
US,google,en,cs2,cs2 grenade helper vs lineup guide,cs2-grenade-helper,write_article,,False,No numeric volume in the explicitly selected provider/period/match cohort
US,google,en,cs2,cs2 cheats free trial,cs2-free-paid,update_article,,False,No numeric volume in the explicitly selected provider/period/match cohort
US,google,en,cs2,free cs2 cheats vs paid,cs2-free-paid,update_article,,False,No numeric volume in the explicitly selected provider/period/match cohort
US,google,en,cs2,cs2 cheat free version limitations,cs2-free-paid,update_article,,False,No numeric volume in the explicitly selected provider/period/match cohort
US,google,en,cs2,cs2 cheat subscription vs lifetime,cs2-free-paid,update_article,,False,No numeric volume in the explicitly selected provider/period/match cohort
US,google,en,dota2,dota 2 script,dota2-scripts,update_article,,False,No numeric volume in the explicitly selected provider/period/match cohort
US,google,en,dota2,dota2 scripts,dota2-scripts,update_article,,False,No numeric volume in the explicitly selected provider/period/match cohort
US,google,en,dota2,dota 2 scripts free,dota2-scripts,update_article,,False,No numeric volume in the explicitly selected provider/period/match cohort
US,google,en,dota2,free dota 2 scripts,dota2-scripts,update_article,,False,No numeric volume in the explicitly selected provider/period/match cohort
US,google,en,dota2,dota 2 scripts download,dota2-scripts,update_article,,False,No numeric volume in the explicitly selected provider/period/match cohort
US,google,en,dota2,dota 2 scripts free download,dota2-scripts,update_article,,False,No numeric volume in the explicitly selected provider/period/match cohort
US,google,en,dota2,dota 2 hack scripts,dota2-scripts,update_article,,False,No numeric volume in the explicitly selected provider/period/match cohort
US,google,en,dota2,dota 2 script hack,dota2-scripts,update_article,,False,No numeric volume in the explicitly selected provider/period/match cohort
US,google,en,dota2,dota 2 script bot,dota2-scripts,update_article,,False,No numeric volume in the explicitly selected provider/period/match cohort
US,google,en,dota2,dota 2 combo scripts,dota2-scripts,update_article,,False,No numeric volume in the explicitly selected provider/period/match cohort
US,google,en,dota2,dota 2 auto combo script,dota2-scripts,update_article,,False,No numeric volume in the explicitly selected provider/period/match cohort
US,google,en,dota2,dota 2 invoker script,dota2-invoker,include_as_section,dota2-scripts,False,No numeric volume in the explicitly selected provider/period/match cohort
US,google,en,dota2,dota 2 script invoker,dota2-invoker,include_as_section,dota2-scripts,False,No numeric volume in the explicitly selected provider/period/match cohort
US,google,en,dota2,invoker script free,dota2-invoker,include_as_section,dota2-scripts,False,No numeric volume in the explicitly selected provider/period/match cohort
US,google,en,dota2,dota 2 invoker script free,dota2-invoker,include_as_section,dota2-scripts,False,No numeric volume in the explicitly selected provider/period/match cohort
US,google,en,dota2,invoker combo script,dota2-invoker,include_as_section,dota2-scripts,False,No numeric volume in the explicitly selected provider/period/match cohort
US,google,en,dota2,invoker script vs macro,dota2-invoker,include_as_section,dota2-scripts,False,No numeric volume in the explicitly selected provider/period/match cohort
US,google,en,dota2,dota 2 meepo script,dota2-meepo,include_as_section,dota2-scripts,False,No numeric volume in the explicitly selected provider/period/match cohort
US,google,en,dota2,meepo script free,dota2-meepo,include_as_section,dota2-scripts,False,No numeric volume in the explicitly selected provider/period/match cohort
US,google,en,dota2,dota 2 meepo script free,dota2-meepo,include_as_section,dota2-scripts,False,No numeric volume in the explicitly selected provider/period/match cohort
US,google,en,dota2,meepo auto poof script,dota2-meepo,include_as_section,dota2-scripts,False,No numeric volume in the explicitly selected provider/period/match cohort
US,google,en,dota2,meepo script vs macro,dota2-meepo,include_as_section,dota2-scripts,False,No numeric volume in the explicitly selected provider/period/match cohort
US,google,en,dota2,dota 2 map hack,dota2-maphack,update_article,,False,No numeric volume in the explicitly selected provider/period/match cohort
US,google,en,dota2,dota2 maphack,dota2-maphack,update_article,,False,No numeric volume in the explicitly selected provider/period/match cohort
US,google,en,dota2,dota 2 maphack free,dota2-maphack,update_article,,False,No numeric volume in the explicitly selected provider/period/match cohort
US,google,en,dota2,free dota 2 maphack,dota2-maphack,update_article,,False,No numeric volume in the explicitly selected provider/period/match cohort
US,google,en,dota2,dota 2 maphack download,dota2-maphack,update_article,,False,No numeric volume in the explicitly selected provider/period/match cohort
US,google,en,dota2,dota 2 map hack free download,dota2-maphack,update_article,,False,No numeric volume in the explicitly selected provider/period/match cohort
US,google,en,dota2,dota 2 script map hack,dota2-maphack,update_article,,False,No numeric volume in the explicitly selected provider/period/match cohort
US,google,en,dota2,dota 2 esp,dota2-maphack,update_article,,False,No numeric volume in the explicitly selected provider/period/match cohort
US,google,en,dota2,dota 2 fog of war hack,dota2-maphack,update_article,,False,No numeric volume in the explicitly selected provider/period/match cohort
US,google,en,dota2,dota 2 enemy vision cheat,dota2-maphack,update_article,,False,No numeric volume in the explicitly selected provider/period/match cohort
US,google,en,dota2,dota 2 enemy ward hack,dota2-ward-tracker,include_as_section,dota2-maphack,False,No numeric volume in the explicitly selected provider/period/match cohort
US,google,en,dota2,dota 2 ward detection cheat,dota2-ward-tracker,include_as_section,dota2-maphack,False,No numeric volume in the explicitly selected provider/period/match cohort
US,google,en,dota2,dota 2 roshan timer hack,dota2-roshan,include_as_section,dota2-maphack,False,No numeric volume in the explicitly selected provider/period/match cohort
US,google,en,dota2,dota 2 roshan tracker cheat,dota2-roshan,include_as_section,dota2-maphack,False,No numeric volume in the explicitly selected provider/period/match cohort
US,google,en,dota2,dota 2 roshan esp free,dota2-roshan,include_as_section,dota2-maphack,False,No numeric volume in the explicitly selected provider/period/match cohort
US,google,en,dota2,dota 2 tp tracker cheat,dota2-teleport,include_as_section,dota2-maphack,False,No numeric volume in the explicitly selected provider/period/match cohort
US,google,en,dota2,dota 2 teleport preview cheat,dota2-teleport,include_as_section,dota2-maphack,False,No numeric volume in the explicitly selected provider/period/match cohort
US,google,en,dota2,dota 2 autododge,dota2-auto-dodge,write_article,,False,No numeric volume in the explicitly selected provider/period/match cohort
US,google,en,dota2,dota 2 auto dodge cheat,dota2-auto-dodge,write_article,,False,No numeric volume in the explicitly selected provider/period/match cohort
US,google,en,dota2,dota 2 auto dodge script,dota2-auto-dodge,write_article,,False,No numeric volume in the explicitly selected provider/period/match cohort
US,google,en,dota2,dota 2 auto dodge free,dota2-auto-dodge,write_article,,False,No numeric volume in the explicitly selected provider/period/match cohort
US,google,en,dota2,dota 2 dodger hack,dota2-auto-dodge,write_article,,False,No numeric volume in the explicitly selected provider/period/match cohort
US,google,en,dota2,dota 2 auto dodge vs auto block,dota2-auto-dodge,write_article,,False,No numeric volume in the explicitly selected provider/period/match cohort
US,google,en,dota2,dota 2 auto hex script,dota2-auto-dodge,write_article,,False,No numeric volume in the explicitly selected provider/period/match cohort
US,google,en,dota2,dota 2 last hit script free,dota2-auto-last-hit,include_as_section,dota2-scripts,False,No numeric volume in the explicitly selected provider/period/match cohort
US,google,en,dota2,dota 2 auto last hit cheat,dota2-auto-last-hit,include_as_section,dota2-scripts,False,No numeric volume in the explicitly selected provider/period/match cohort
US,google,en,dota2,dota 2 last hit hack,dota2-auto-last-hit,include_as_section,dota2-scripts,False,No numeric volume in the explicitly selected provider/period/match cohort
US,google,en,dota2,dota 2 last hit trainer vs script,dota2-auto-last-hit,include_as_section,dota2-scripts,False,No numeric volume in the explicitly selected provider/period/match cohort
US,google,en,dota2,dota 2 skin changer free,dota2-skin-changer,update_article,,False,No numeric volume in the explicitly selected provider/period/match cohort
US,google,en,dota2,free dota 2 skin changer,dota2-skin-changer,update_article,,False,No numeric volume in the explicitly selected provider/period/match cohort
US,google,en,dota2,dota 2 skin changer download,dota2-skin-changer,update_article,,False,No numeric volume in the explicitly selected provider/period/match cohort
US,google,en,dota2,dota 2 skin changer free download,dota2-skin-changer,update_article,,False,No numeric volume in the explicitly selected provider/period/match cohort
US,google,en,dota2,dota 2 script skin,dota2-skin-changer,update_article,,False,No numeric volume in the explicitly selected provider/period/match cohort
US,google,en,dota2,dota2 skinchanger,dota2-skin-changer,update_article,,False,No numeric volume in the explicitly selected provider/period/match cohort
US,google,en,dota2,dota 2 inventory changer,dota2-skin-changer,update_article,,False,No numeric volume in the explicitly selected provider/period/match cohort
US,google,en,dota2,dota 2 skin changer visible to others,dota2-skin-changer,update_article,,False,No numeric volume in the explicitly selected provider/period/match cohort
US,google,en,deadlock,deadlock cheats free,deadlock-free-download,research_landing,,False,No numeric volume in the explicitly selected provider/period/match cohort
US,google,en,deadlock,deadlock free cheats,deadlock-free-download,research_landing,,False,No numeric volume in the explicitly selected provider/period/match cohort
US,google,en,deadlock,deadlock cheat free,deadlock-free-download,research_landing,,False,No numeric volume in the explicitly selected provider/period/match cohort
US,google,en,deadlock,free deadlock hacks,deadlock-free-download,research_landing,,False,No numeric volume in the explicitly selected provider/period/match cohort
US,google,en,deadlock,deadlock hacks free,deadlock-free-download,research_landing,,False,No numeric volume in the explicitly selected provider/period/match cohort
US,google,en,deadlock,deadlock hack free,deadlock-free-download,research_landing,,False,No numeric volume in the explicitly selected provider/period/match cohort
US,google,en,deadlock,deadlock cheats download,deadlock-free-download,research_landing,,False,No numeric volume in the explicitly selected provider/period/match cohort
US,google,en,deadlock,download deadlock cheats,deadlock-free-download,research_landing,,False,No numeric volume in the explicitly selected provider/period/match cohort
US,google,en,deadlock,deadlock cheats free download,deadlock-free-download,research_landing,,False,No numeric volume in the explicitly selected provider/period/match cohort
US,google,en,deadlock,free deadlock cheats download,deadlock-free-download,research_landing,,False,No numeric volume in the explicitly selected provider/period/match cohort
US,google,en,deadlock,deadlock hack download,deadlock-free-download,research_landing,,False,No numeric volume in the explicitly selected provider/period/match cohort
US,google,en,deadlock,deadlock hacks free download,deadlock-free-download,research_landing,,False,No numeric volume in the explicitly selected provider/period/match cohort
US,google,en,deadlock,best free deadlock cheats,deadlock-free-download,research_landing,,False,No numeric volume in the explicitly selected provider/period/match cohort
US,google,en,deadlock,deadlock free cheat no subscription,deadlock-free-download,research_landing,,False,No numeric volume in the explicitly selected provider/period/match cohort
US,google,en,cs2,cs2 cheat free,cs2-free-download,research_landing,,False,No numeric volume in the explicitly selected provider/period/match cohort
US,google,en,cs2,free cs2 hacks,cs2-free-download,research_landing,,False,No numeric volume in the explicitly selected provider/period/match cohort
US,google,en,cs2,cs2 hacks free,cs2-free-download,research_landing,,False,No numeric volume in the explicitly selected provider/period/match cohort
US,google,en,cs2,cs2 hack free,cs2-free-download,research_landing,,False,No numeric volume in the explicitly selected provider/period/match cohort
US,google,en,cs2,cs2 cheats download,cs2-free-download,research_landing,,False,No numeric volume in the explicitly selected provider/period/match cohort
US,google,en,cs2,download cs2 cheats,cs2-free-download,research_landing,,False,No numeric volume in the explicitly selected provider/period/match cohort
US,google,en,cs2,cs2 cheats free download,cs2-free-download,research_landing,,False,No numeric volume in the explicitly selected provider/period/match cohort
US,google,en,cs2,free cs2 cheats download,cs2-free-download,research_landing,,False,No numeric volume in the explicitly selected provider/period/match cohort
US,google,en,cs2,cs2 hack download,cs2-free-download,research_landing,,False,No numeric volume in the explicitly selected provider/period/match cohort
US,google,en,cs2,cs2 hacks free download,cs2-free-download,research_landing,,False,No numeric volume in the explicitly selected provider/period/match cohort
US,google,en,cs2,cs2 free cheat no subscription,cs2-free-download,research_landing,,False,No numeric volume in the explicitly selected provider/period/match cohort
US,google,en,dota2,free dota 2 cheats,dota2-free-download,research_landing,,True,No numeric volume in the explicitly selected provider/period/match cohort
US,google,en,dota2,dota 2 cheats free,dota2-free-download,research_landing,,False,No numeric volume in the explicitly selected provider/period/match cohort
US,google,en,dota2,dota 2 free cheats,dota2-free-download,research_landing,,False,No numeric volume in the explicitly selected provider/period/match cohort
US,google,en,dota2,dota 2 cheat free,dota2-free-download,research_landing,,False,No numeric volume in the explicitly selected provider/period/match cohort
US,google,en,dota2,free dota 2 hacks,dota2-free-download,research_landing,,False,No numeric volume in the explicitly selected provider/period/match cohort
US,google,en,dota2,dota 2 hacks free,dota2-free-download,research_landing,,False,No numeric volume in the explicitly selected provider/period/match cohort
US,google,en,dota2,dota 2 hack free,dota2-free-download,research_landing,,False,No numeric volume in the explicitly selected provider/period/match cohort
US,google,en,dota2,dota 2 cheats download,dota2-free-download,research_landing,,False,No numeric volume in the explicitly selected provider/period/match cohort
US,google,en,dota2,download dota 2 cheats,dota2-free-download,research_landing,,False,No numeric volume in the explicitly selected provider/period/match cohort
US,google,en,dota2,dota 2 cheats free download,dota2-free-download,research_landing,,False,No numeric volume in the explicitly selected provider/period/match cohort
US,google,en,dota2,free dota 2 cheats download,dota2-free-download,research_landing,,False,No numeric volume in the explicitly selected provider/period/match cohort
US,google,en,dota2,dota 2 hack download,dota2-free-download,research_landing,,False,No numeric volume in the explicitly selected provider/period/match cohort
US,google,en,dota2,dota 2 hacks free download,dota2-free-download,research_landing,,False,No numeric volume in the explicitly selected provider/period/match cohort
US,google,en,dota2,best free dota 2 cheats,dota2-free-download,research_landing,,False,No numeric volume in the explicitly selected provider/period/match cohort
US,google,en,dota2,dota 2 free cheat no subscription,dota2-free-download,research_landing,,False,No numeric volume in the explicitly selected provider/period/match cohort
US,google,en,deadlock,deadlock auto parry reddit,deadlock-auto-parry,update_article,,False,No numeric volume in the explicitly selected provider/period/match cohort
US,google,en,deadlock,deadlock auto parry github,deadlock-auto-parry,update_article,,False,No numeric volume in the explicitly selected provider/period/match cohort
US,google,en,dota2,dota 2 scripts reddit,dota2-scripts,update_article,,False,No numeric volume in the explicitly selected provider/period/match cohort
US,google,en,dota2,dota 2 scripts github,dota2-scripts,update_article,,False,No numeric volume in the explicitly selected provider/period/match cohort
US,google,en,dota2,dota 2 lua scripts,dota2-scripts,update_article,,False,No numeric volume in the explicitly selected provider/period/match cohort
US,google,en,dota2,dota 2 ahk scripts,dota2-scripts,update_article,,False,No numeric volume in the explicitly selected provider/period/match cohort
US,google,en,cs2,cs2 skin changer reddit,cs2-skin-changer,update_article,,False,No numeric volume in the explicitly selected provider/period/match cohort
US,google,en,cs2,cs2 skin changer github,cs2-skin-changer,update_article,,False,No numeric volume in the explicitly selected provider/period/match cohort
US,google,en,cs2,cs2 skin changer unknowncheats,cs2-skin-changer,update_article,,False,No numeric volume in the explicitly selected provider/period/match cohort
US,google,en,cs2,cs2 skin changer source,cs2-skin-changer,update_article,,False,No numeric volume in the explicitly selected provider/period/match cohort
US,google,en,cs2,cs2 skin changer open source,cs2-skin-changer,update_article,,False,No numeric volume in the explicitly selected provider/period/match cohort
US,google,en,cs2,cs2 skin changer plugin,cs2-skin-changer,update_article,,False,No numeric volume in the explicitly selected provider/period/match cohort
US,google,en,deadlock,deadlock hack,deadlock-hub,update_hub,,False,No numeric volume in the explicitly selected provider/period/match cohort
US,google,en,deadlock,deadlock hacks,deadlock-hub,update_hub,,False,No numeric volume in the explicitly selected provider/period/match cohort
US,google,en,deadlock,deadlock cheat software,deadlock-hub,update_hub,,False,No numeric volume in the explicitly selected provider/period/match cohort
US,google,en,deadlock,deadlock cheat features,deadlock-hub,update_hub,,False,No numeric volume in the explicitly selected provider/period/match cohort
US,google,en,deadlock,deadlock cheat review,deadlock-hub,update_hub,,False,No numeric volume in the explicitly selected provider/period/match cohort
US,google,en,deadlock,best deadlock hack,deadlock-hub,update_hub,,False,No numeric volume in the explicitly selected provider/period/match cohort
US,google,en,cs2,cs2 hacks,cs2-hub,update_hub,,False,No numeric volume in the explicitly selected provider/period/match cohort
US,google,en,cs2,cs2 hack,cs2-hub,update_hub,,False,No numeric volume in the explicitly selected provider/period/match cohort
US,google,en,cs2,counter strike 2 cheats,cs2-hub,update_hub,,False,No numeric volume in the explicitly selected provider/period/match cohort
US,google,en,cs2,counter strike 2 hacks,cs2-hub,update_hub,,False,No numeric volume in the explicitly selected provider/period/match cohort
US,google,en,cs2,counter strike 2 cheat,cs2-hub,update_hub,,False,No numeric volume in the explicitly selected provider/period/match cohort
US,google,en,cs2,counter strike 2 hack,cs2-hub,update_hub,,False,No numeric volume in the explicitly selected provider/period/match cohort
US,google,en,cs2,cs 2 cheats,cs2-hub,update_hub,,False,No numeric volume in the explicitly selected provider/period/match cohort
US,google,en,cs2,cs2 cheat software,cs2-hub,update_hub,,False,No numeric volume in the explicitly selected provider/period/match cohort
US,google,en,cs2,cs2 cheat features,cs2-hub,update_hub,,False,No numeric volume in the explicitly selected provider/period/match cohort
US,google,en,dota2,dota2 cheats,dota2-hub,update_hub,,False,No numeric volume in the explicitly selected provider/period/match cohort
US,google,en,dota2,dota2 hacks,dota2-hub,update_hub,,False,No numeric volume in the explicitly selected provider/period/match cohort
US,google,en,dota2,dota 2 hack,dota2-hub,update_hub,,False,No numeric volume in the explicitly selected provider/period/match cohort
US,google,en,dota2,dota 2 hacks,dota2-hub,update_hub,,False,No numeric volume in the explicitly selected provider/period/match cohort
US,google,en,dota2,dota 2 cheat software,dota2-hub,update_hub,,False,No numeric volume in the explicitly selected provider/period/match cohort
US,google,en,dota2,dota 2 cheat features,dota2-hub,update_hub,,False,No numeric volume in the explicitly selected provider/period/match cohort
US,google,en,dota2,free vs paid dota 2 cheats,dota2-comparison,update_article,,False,No numeric volume in the explicitly selected provider/period/match cohort
US,google,en,dota2,dota 2 cheats free trial,dota2-comparison,update_article,,False,No numeric volume in the explicitly selected provider/period/match cohort
US,google,en,dota2,dota 2 script free trial,dota2-comparison,update_article,,False,No numeric volume in the explicitly selected provider/period/match cohort
US,google,en,dota2,dota 2 free cheat vs trial,dota2-comparison,update_article,,False,No numeric volume in the explicitly selected provider/period/match cohort
US,google,en,dota2,dota 2 cheat subscription,dota2-comparison,update_article,,False,No numeric volume in the explicitly selected provider/period/match cohort
US,google,en,dota2,dota 2 cheat free version limitations,dota2-comparison,update_article,,False,No numeric volume in the explicitly selected provider/period/match cohort
GB,google,en,cs2,cs2 external cheats,cs2-external,update_article,,True,No numeric volume in the explicitly selected provider/period/match cohort
GB,google,en,cs2,external cs2 cheat,cs2-external,update_article,,False,No numeric volume in the explicitly selected provider/period/match cohort
GB,google,en,cs2,cs2 internal vs external cheats,cs2-external,update_article,,False,No numeric volume in the explicitly selected provider/period/match cohort
GB,google,en,cs2,are external cs2 cheats safer,cs2-external,update_article,,False,No numeric volume in the explicitly selected provider/period/match cohort
GB,google,en,cs2,cs2 external cheat features,cs2-external,update_article,,False,No numeric volume in the explicitly selected provider/period/match cohort
GB,google,en,cs2,cs2 triggerbot,cs2-triggerbot,write_article,,False,No numeric volume in the explicitly selected provider/period/match cohort
GB,google,en,cs2,triggerbot vs aimbot cs2,cs2-triggerbot,write_article,,True,No numeric volume in the explicitly selected provider/period/match cohort
GB,google,en,cs2,what is a triggerbot in cs2,cs2-triggerbot,write_article,,False,No numeric volume in the explicitly selected provider/period/match cohort
GB,google,en,cs2,cs2 triggerbot meaning,cs2-triggerbot,write_article,,False,No numeric volume in the explicitly selected provider/period/match cohort
GB,google,en,cs2,cs2 triggerbot vs aim assist,cs2-triggerbot,write_article,,False,No numeric volume in the explicitly selected provider/period/match cohort
GB,google,en,cs2,cs2 esp,cs2-esp,write_article,,False,No numeric volume in the explicitly selected provider/period/match cohort
GB,google,en,cs2,cs2 esp vs wallhack,cs2-esp,write_article,,False,No numeric volume in the explicitly selected provider/period/match cohort
GB,google,en,cs2,what does esp mean in cs2,cs2-esp,write_article,,False,No numeric volume in the explicitly selected provider/period/match cohort
GB,google,en,cs2,cs2 radar vs esp,cs2-esp,write_article,,True,No numeric volume in the explicitly selected provider/period/match cohort
GB,google,en,cs2,cs2 wallhack meaning,cs2-esp,write_article,,False,No numeric volume in the explicitly selected provider/period/match cohort
GB,google,en,cs2,cs2 aimbot,cs2-aimbot,include_as_section,cs2-triggerbot,False,No numeric volume in the explicitly selected provider/period/match cohort
GB,google,en,cs2,cs2 aimbot vs aim assist,cs2-aimbot,include_as_section,cs2-triggerbot,False,No numeric volume in the explicitly selected provider/period/match cohort
GB,google,en,cs2,what is aimbot in cs2,cs2-aimbot,include_as_section,cs2-triggerbot,False,No numeric volume in the explicitly selected provider/period/match cohort
GB,google,en,cs2,cs2 aim assist meaning,cs2-aimbot,include_as_section,cs2-triggerbot,False,No numeric volume in the explicitly selected provider/period/match cohort
GB,google,en,cs2,cs2 legitbot vs aimbot,cs2-aimbot,include_as_section,cs2-triggerbot,False,No numeric volume in the explicitly selected provider/period/match cohort
GB,google,en,cs2,cs2 skin changer,cs2-skin-changer,update_article,,True,No numeric volume in the explicitly selected provider/period/match cohort
GB,google,en,cs2,cs2 skin changer vs real skins,cs2-skin-changer,update_article,,False,No numeric volume in the explicitly selected provider/period/match cohort
GB,google,en,cs2,can other players see skin changer cs2,cs2-skin-changer,update_article,,False,No numeric volume in the explicitly selected provider/period/match cohort
GB,google,en,cs2,cs2 skin changer inventory,cs2-skin-changer,update_article,,False,No numeric volume in the explicitly selected provider/period/match cohort
GB,google,en,cs2,cs2 skin changer vs workshop,cs2-skin-changer,update_article,,False,No numeric volume in the explicitly selected provider/period/match cohort
GB,google,en,cs2,free cs2 cheats,cs2-free-download,research_landing,,True,No numeric volume in the explicitly selected provider/period/match cohort
GB,google,en,cs2,free vs paid cs2 cheats,cs2-free-paid,update_article,,True,No numeric volume in the explicitly selected provider/period/match cohort
GB,google,en,cs2,best free cs2 cheats,cs2-free-download,research_landing,,False,No numeric volume in the explicitly selected provider/period/match cohort
GB,google,en,cs2,free cs2 cheat limitations,cs2-free-paid,update_article,,False,No numeric volume in the explicitly selected provider/period/match cohort
GB,google,en,cs2,cs2 cheat free trial vs free version,cs2-free-paid,update_article,,False,No numeric volume in the explicitly selected provider/period/match cohort
GB,google,en,cs2,best cs2 cheats,cs2-comparison,update_article,,True,No numeric volume in the explicitly selected provider/period/match cohort
GB,google,en,cs2,cs2 cheat comparison,cs2-comparison,update_article,,False,No numeric volume in the explicitly selected provider/period/match cohort
GB,google,en,cs2,cs2 cheats review,cs2-comparison,update_article,,False,No numeric volume in the explicitly selected provider/period/match cohort
GB,google,en,cs2,cs2 cheat review checklist,cs2-comparison,update_article,,False,No numeric volume in the explicitly selected provider/period/match cohort
GB,google,en,cs2,cs2 cheats alternatives,cs2-comparison,update_article,,False,No numeric volume in the explicitly selected provider/period/match cohort
GB,google,en,cs2,cs2 grenade helper,cs2-grenade-helper,write_article,,False,No numeric volume in the explicitly selected provider/period/match cohort
GB,google,en,cs2,cs2 grenade helper vs lineups,cs2-grenade-helper,write_article,,True,No numeric volume in the explicitly selected provider/period/match cohort
GB,google,en,cs2,cs2 grenade prediction feature,cs2-grenade-helper,write_article,,False,No numeric volume in the explicitly selected provider/period/match cohort
GB,google,en,cs2,cs2 grenade helper meaning,cs2-grenade-helper,write_article,,False,No numeric volume in the explicitly selected provider/period/match cohort
GB,google,en,cs2,cs2 lineup tool vs cheat,cs2-grenade-helper,write_article,,False,No numeric volume in the explicitly selected provider/period/match cohort
GB,google,en,cs2,cs2 cheat status,cs2-status,include_as_section,cs2-comparison,False,No numeric volume in the explicitly selected provider/period/match cohort
GB,google,en,cs2,what does updating mean cs2 cheat,cs2-status,include_as_section,cs2-comparison,False,No numeric volume in the explicitly selected provider/period/match cohort
GB,google,en,cs2,cs2 cheat status unknown,cs2-status,include_as_section,cs2-comparison,False,No numeric volume in the explicitly selected provider/period/match cohort
GB,google,en,cs2,cs2 cheat detected status meaning,cs2-status,include_as_section,cs2-comparison,True,No numeric volume in the explicitly selected provider/period/match cohort
GB,google,en,cs2,cs2 cheat update history,cs2-status,include_as_section,cs2-comparison,False,No numeric volume in the explicitly selected provider/period/match cohort
GB,google,en,cs2,cs2 cheat commands,cs2-commands,write_article,,True,No numeric volume in the explicitly selected provider/period/match cohort
GB,google,en,cs2,cs2 console cheats vs hacks,cs2-commands,write_article,,False,No numeric volume in the explicitly selected provider/period/match cohort
GB,google,en,cs2,sv cheats cs2 meaning,cs2-commands,write_article,,False,No numeric volume in the explicitly selected provider/period/match cohort
GB,google,en,cs2,cs2 cheats offline vs online,cs2-commands,write_article,,False,No numeric volume in the explicitly selected provider/period/match cohort
GB,google,en,cs2,cs2 practice commands,cs2-commands,write_article,,False,No numeric volume in the explicitly selected provider/period/match cohort
GB,google,en,dota2,dota 2 scripts,dota2-scripts,update_article,,False,No numeric volume in the explicitly selected provider/period/match cohort
GB,google,en,dota2,dota 2 scripts vs macros,dota2-scripts,update_article,,True,No numeric volume in the explicitly selected provider/period/match cohort
GB,google,en,dota2,dota 2 hero scripts meaning,dota2-scripts,update_article,,False,No numeric volume in the explicitly selected provider/period/match cohort
GB,google,en,dota2,dota 2 bot scripts vs cheats,dota2-scripts,update_article,,False,No numeric volume in the explicitly selected provider/period/match cohort
GB,google,en,dota2,what is scripting in dota 2,dota2-scripts,update_article,,False,No numeric volume in the explicitly selected provider/period/match cohort
GB,google,en,dota2,invoker scripts dota 2,dota2-invoker,include_as_section,dota2-scripts,False,No numeric volume in the explicitly selected provider/period/match cohort
GB,google,en,dota2,dota 2 invoker script features,dota2-invoker,include_as_section,dota2-scripts,False,No numeric volume in the explicitly selected provider/period/match cohort
GB,google,en,dota2,invoker combo script meaning,dota2-invoker,include_as_section,dota2-scripts,False,No numeric volume in the explicitly selected provider/period/match cohort
GB,google,en,dota2,invoker scripts vs hotkeys,dota2-invoker,include_as_section,dota2-scripts,True,No numeric volume in the explicitly selected provider/period/match cohort
GB,google,en,dota2,dota 2 invoker auto combo,dota2-invoker,include_as_section,dota2-scripts,False,No numeric volume in the explicitly selected provider/period/match cohort
GB,google,en,dota2,meepo scripts dota 2,dota2-meepo,include_as_section,dota2-scripts,False,No numeric volume in the explicitly selected provider/period/match cohort
GB,google,en,dota2,dota 2 meepo script features,dota2-meepo,include_as_section,dota2-scripts,False,No numeric volume in the explicitly selected provider/period/match cohort
GB,google,en,dota2,meepo auto combo meaning,dota2-meepo,include_as_section,dota2-scripts,False,No numeric volume in the explicitly selected provider/period/match cohort
GB,google,en,dota2,meepo scripts vs control groups,dota2-meepo,include_as_section,dota2-scripts,True,No numeric volume in the explicitly selected provider/period/match cohort
GB,google,en,dota2,meepo automation features,dota2-meepo,include_as_section,dota2-scripts,False,No numeric volume in the explicitly selected provider/period/match cohort
GB,google,en,dota2,dota 2 maphack,dota2-maphack,update_article,,False,No numeric volume in the explicitly selected provider/period/match cohort
GB,google,en,dota2,dota 2 maphack vs esp,dota2-maphack,update_article,,True,No numeric volume in the explicitly selected provider/period/match cohort
GB,google,en,dota2,dota 2 jungle maphack meaning,dota2-maphack,update_article,,False,No numeric volume in the explicitly selected provider/period/match cohort
GB,google,en,dota2,dota 2 fog of war cheat claims,dota2-maphack,update_article,,False,No numeric volume in the explicitly selected provider/period/match cohort
GB,google,en,dota2,dota 2 vision cheat meaning,dota2-maphack,update_article,,False,No numeric volume in the explicitly selected provider/period/match cohort
GB,google,en,dota2,dota 2 ward tracker,dota2-ward-tracker,include_as_section,dota2-maphack,False,No numeric volume in the explicitly selected provider/period/match cohort
GB,google,en,dota2,dota 2 ward tracker cheat meaning,dota2-ward-tracker,include_as_section,dota2-maphack,False,No numeric volume in the explicitly selected provider/period/match cohort
GB,google,en,dota2,ward tracker vs ward timer dota 2,dota2-ward-tracker,include_as_section,dota2-maphack,False,No numeric volume in the explicitly selected provider/period/match cohort
GB,google,en,dota2,dota 2 ward esp,dota2-ward-tracker,include_as_section,dota2-maphack,False,No numeric volume in the explicitly selected provider/period/match cohort
GB,google,en,dota2,dota 2 enemy ward tracker,dota2-ward-tracker,include_as_section,dota2-maphack,False,No numeric volume in the explicitly selected provider/period/match cohort
GB,google,en,dota2,dota 2 roshan timer,dota2-roshan,include_as_section,dota2-maphack,False,No numeric volume in the explicitly selected provider/period/match cohort
GB,google,en,dota2,dota 2 roshan esp,dota2-roshan,include_as_section,dota2-maphack,True,No numeric volume in the explicitly selected provider/period/match cohort
GB,google,en,dota2,roshan timer vs esp dota 2,dota2-roshan,include_as_section,dota2-maphack,False,No numeric volume in the explicitly selected provider/period/match cohort
GB,google,en,dota2,dota 2 roshan tracker,dota2-roshan,include_as_section,dota2-maphack,False,No numeric volume in the explicitly selected provider/period/match cohort
GB,google,en,dota2,dota 2 roshan cheat feature,dota2-roshan,include_as_section,dota2-maphack,False,No numeric volume in the explicitly selected provider/period/match cohort
GB,google,en,dota2,dota 2 teleport preview,dota2-teleport,include_as_section,dota2-maphack,False,No numeric volume in the explicitly selected provider/period/match cohort
GB,google,en,dota2,dota 2 teleport tracker,dota2-teleport,include_as_section,dota2-maphack,False,No numeric volume in the explicitly selected provider/period/match cohort
GB,google,en,dota2,dota 2 tp preview cheat,dota2-teleport,include_as_section,dota2-maphack,False,No numeric volume in the explicitly selected provider/period/match cohort
GB,google,en,dota2,dota 2 teleport esp,dota2-teleport,include_as_section,dota2-maphack,False,No numeric volume in the explicitly selected provider/period/match cohort
GB,google,en,dota2,teleport preview meaning dota 2,dota2-teleport,include_as_section,dota2-maphack,True,No numeric volume in the explicitly selected provider/period/match cohort
GB,google,en,dota2,dota 2 auto dodge,dota2-auto-dodge,write_article,,True,No numeric volume in the explicitly selected provider/period/match cohort
GB,google,en,dota2,dota 2 auto dodge script meaning,dota2-auto-dodge,write_article,,False,No numeric volume in the explicitly selected provider/period/match cohort
GB,google,en,dota2,auto dodge vs manual dodge dota 2,dota2-auto-dodge,write_article,,False,No numeric volume in the explicitly selected provider/period/match cohort
GB,google,en,dota2,dota 2 skillshot dodge script,dota2-auto-dodge,write_article,,False,No numeric volume in the explicitly selected provider/period/match cohort
GB,google,en,dota2,dota 2 dodger feature,dota2-auto-dodge,write_article,,False,No numeric volume in the explicitly selected provider/period/match cohort
GB,google,en,dota2,dota 2 skin changer,dota2-skin-changer,update_article,,False,No numeric volume in the explicitly selected provider/period/match cohort
GB,google,en,dota2,dota 2 skin changer vs real items,dota2-skin-changer,update_article,,True,No numeric volume in the explicitly selected provider/period/match cohort
GB,google,en,dota2,can others see dota 2 skin changer,dota2-skin-changer,update_article,,False,No numeric volume in the explicitly selected provider/period/match cohort
GB,google,en,dota2,dota 2 cosmetic changer,dota2-skin-changer,update_article,,False,No numeric volume in the explicitly selected provider/period/match cohort
GB,google,en,dota2,dota 2 skin changer inventory,dota2-skin-changer,update_article,,False,No numeric volume in the explicitly selected provider/period/match cohort
GB,google,en,dota2,dota 2 cheats comparison,dota2-comparison,update_article,,True,No numeric volume in the explicitly selected provider/period/match cohort
GB,google,en,dota2,melonity vs umbrella,dota2-comparison,update_article,,False,No numeric volume in the explicitly selected provider/period/match cohort
GB,google,en,dota2,melonity vs octarine,dota2-comparison,update_article,,False,No numeric volume in the explicitly selected provider/period/match cohort
GB,google,en,dota2,dota 2 scripts comparison,dota2-comparison,update_article,,False,No numeric volume in the explicitly selected provider/period/match cohort
GB,google,en,dota2,dota 2 cheat review checklist,dota2-comparison,update_article,,False,No numeric volume in the explicitly selected provider/period/match cohort
GB,google,en,dota2,dota 2 auto last hit,dota2-auto-last-hit,include_as_section,dota2-scripts,False,No numeric volume in the explicitly selected provider/period/match cohort
GB,google,en,dota2,dota 2 last hit script,dota2-auto-last-hit,include_as_section,dota2-scripts,True,No numeric volume in the explicitly selected provider/period/match cohort
GB,google,en,dota2,dota 2 auto deny script,dota2-auto-last-hit,include_as_section,dota2-scripts,False,No numeric volume in the explicitly selected provider/period/match cohort
GB,google,en,dota2,auto last hit vs manual dota 2,dota2-auto-last-hit,include_as_section,dota2-scripts,False,No numeric volume in the explicitly selected provider/period/match cohort
GB,google,en,dota2,dota 2 farming scripts meaning,dota2-auto-last-hit,include_as_section,dota2-scripts,False,No numeric volume in the explicitly selected provider/period/match cohort
GB,google,en,dota2,dota 2 cheat commands,dota2-commands,update_article,,True,No numeric volume in the explicitly selected provider/period/match cohort
GB,google,en,dota2,dota 2 lobby cheats vs scripts,dota2-commands,update_article,,False,No numeric volume in the explicitly selected provider/period/match cohort
GB,google,en,dota2,dota 2 console cheat codes,dota2-commands,update_article,,False,No numeric volume in the explicitly selected provider/period/match cohort
GB,google,en,dota2,dota 2 cheats custom lobby,dota2-commands,update_article,,False,No numeric volume in the explicitly selected provider/period/match cohort
GB,google,en,dota2,dota 2 cheats meaning,dota2-commands,update_article,,False,No numeric volume in the explicitly selected provider/period/match cohort
GB,google,en,deadlock,deadlock auto parry,deadlock-auto-parry,update_article,,False,No numeric volume in the explicitly selected provider/period/match cohort
GB,google,en,deadlock,deadlock auto parry cheat,deadlock-auto-parry,update_article,,False,No numeric volume in the explicitly selected provider/period/match cohort
GB,google,en,deadlock,deadlock auto parry meaning,deadlock-auto-parry,update_article,,False,No numeric volume in the explicitly selected provider/period/match cohort
GB,google,en,deadlock,deadlock auto parry vs manual,deadlock-auto-parry,update_article,,False,No numeric volume in the explicitly selected provider/period/match cohort
GB,google,en,deadlock,deadlock parry script,deadlock-auto-parry,update_article,,False,No numeric volume in the explicitly selected provider/period/match cohort
GB,google,en,deadlock,deadlock souls aimbot,deadlock-souls,write_article,,True,No numeric volume in the explicitly selected provider/period/match cohort
GB,google,en,deadlock,deadlock soul aimbot,deadlock-souls,write_article,,False,No numeric volume in the explicitly selected provider/period/match cohort
GB,google,en,deadlock,deadlock auto secure souls,deadlock-souls,write_article,,False,No numeric volume in the explicitly selected provider/period/match cohort
GB,google,en,deadlock,deadlock soul deny cheat,deadlock-souls,write_article,,False,No numeric volume in the explicitly selected provider/period/match cohort
GB,google,en,deadlock,deadlock souls aimbot vs player aimbot,deadlock-souls,write_article,,False,No numeric volume in the explicitly selected provider/period/match cohort
GB,google,en,deadlock,deadlock esp,deadlock-esp,include_as_section,deadlock-hub,False,No numeric volume in the explicitly selected provider/period/match cohort
GB,google,en,deadlock,deadlock esp vs wallhack,deadlock-esp,include_as_section,deadlock-hub,False,No numeric volume in the explicitly selected provider/period/match cohort
GB,google,en,deadlock,deadlock radar cheat meaning,deadlock-esp,include_as_section,deadlock-hub,False,No numeric volume in the explicitly selected provider/period/match cohort
GB,google,en,deadlock,what is esp in deadlock,deadlock-esp,include_as_section,deadlock-hub,False,No numeric volume in the explicitly selected provider/period/match cohort
GB,google,en,deadlock,deadlock enemy visibility cheat,deadlock-esp,include_as_section,deadlock-hub,False,No numeric volume in the explicitly selected provider/period/match cohort
GB,google,en,deadlock,deadlock aimbot,deadlock-aimbot,include_as_section,deadlock-souls,False,No numeric volume in the explicitly selected provider/period/match cohort
GB,google,en,deadlock,deadlock aimbot vs aim assist,deadlock-aimbot,include_as_section,deadlock-souls,False,No numeric volume in the explicitly selected provider/period/match cohort
GB,google,en,deadlock,deadlock projectile aimbot,deadlock-aimbot,include_as_section,deadlock-souls,False,No numeric volume in the explicitly selected provider/period/match cohort
GB,google,en,deadlock,deadlock aim assist cheat meaning,deadlock-aimbot,include_as_section,deadlock-souls,False,No numeric volume in the explicitly selected provider/period/match cohort
GB,google,en,deadlock,deadlock player aimbot vs soul aimbot,deadlock-aimbot,include_as_section,deadlock-souls,True,No numeric volume in the explicitly selected provider/period/match cohort
GB,google,en,deadlock,deadlock fov changer,deadlock-fov,include_as_section,deadlock-souls,False,No numeric volume in the explicitly selected provider/period/match cohort
GB,google,en,deadlock,deadlock fov changer cheat,deadlock-fov,include_as_section,deadlock-souls,False,No numeric volume in the explicitly selected provider/period/match cohort
GB,google,en,deadlock,deadlock camera fov vs aimbot fov,deadlock-fov,include_as_section,deadlock-souls,False,No numeric volume in the explicitly selected provider/period/match cohort
GB,google,en,deadlock,deadlock fov meaning,deadlock-fov,include_as_section,deadlock-souls,False,No numeric volume in the explicitly selected provider/period/match cohort
GB,google,en,deadlock,deadlock fov changer vs settings,deadlock-fov,include_as_section,deadlock-souls,False,No numeric volume in the explicitly selected provider/period/match cohort
GB,google,en,deadlock,deadlock hero combos cheat,deadlock-combos,include_as_section,deadlock-hub,False,No numeric volume in the explicitly selected provider/period/match cohort
GB,google,en,deadlock,deadlock auto combo meaning,deadlock-combos,include_as_section,deadlock-hub,True,No numeric volume in the explicitly selected provider/period/match cohort
GB,google,en,deadlock,deadlock hero scripts,deadlock-combos,include_as_section,deadlock-hub,False,No numeric volume in the explicitly selected provider/period/match cohort
GB,google,en,deadlock,deadlock combo script features,deadlock-combos,include_as_section,deadlock-hub,False,No numeric volume in the explicitly selected provider/period/match cohort
GB,google,en,deadlock,deadlock auto combo vs manual,deadlock-combos,include_as_section,deadlock-hub,False,No numeric volume in the explicitly selected provider/period/match cohort
GB,google,en,deadlock,deadlock dodger,deadlock-dodger,include_as_section,deadlock-hub,False,No numeric volume in the explicitly selected provider/period/match cohort
GB,google,en,deadlock,deadlock auto dodge,deadlock-dodger,include_as_section,deadlock-hub,False,No numeric volume in the explicitly selected provider/period/match cohort
GB,google,en,deadlock,deadlock auto dodge cheat meaning,deadlock-dodger,include_as_section,deadlock-hub,True,No numeric volume in the explicitly selected provider/period/match cohort
GB,google,en,deadlock,deadlock dodger vs manual dodge,deadlock-dodger,include_as_section,deadlock-hub,False,No numeric volume in the explicitly selected provider/period/match cohort
GB,google,en,deadlock,deadlock skillshot dodge script,deadlock-dodger,include_as_section,deadlock-hub,False,No numeric volume in the explicitly selected provider/period/match cohort
GB,google,en,deadlock,deadlock cheats comparison,deadlock-comparison,update_article,,True,No numeric volume in the explicitly selected provider/period/match cohort
GB,google,en,deadlock,best deadlock cheats,deadlock-comparison,update_article,,False,No numeric volume in the explicitly selected provider/period/match cohort
GB,google,en,deadlock,deadlock cheat feature comparison,deadlock-comparison,update_article,,False,No numeric volume in the explicitly selected provider/period/match cohort
GB,google,en,deadlock,cluster vs avalanche deadlock,deadlock-comparison,update_article,,False,No numeric volume in the explicitly selected provider/period/match cohort
GB,google,en,deadlock,deadlock cheat review checklist,deadlock-comparison,update_article,,False,No numeric volume in the explicitly selected provider/period/match cohort
GB,google,en,deadlock,free deadlock cheats,deadlock-free-download,research_landing,,True,No numeric volume in the explicitly selected provider/period/match cohort
GB,google,en,deadlock,deadlock cheat free trial,deadlock-trial,include_as_section,deadlock-comparison,False,No numeric volume in the explicitly selected provider/period/match cohort
GB,google,en,deadlock,free vs paid deadlock cheats,deadlock-trial,include_as_section,deadlock-comparison,True,No numeric volume in the explicitly selected provider/period/match cohort
GB,google,en,deadlock,deadlock free cheat limitations,deadlock-trial,include_as_section,deadlock-comparison,False,No numeric volume in the explicitly selected provider/period/match cohort
GB,google,en,deadlock,deadlock cheat subscription comparison,deadlock-trial,include_as_section,deadlock-comparison,False,No numeric volume in the explicitly selected provider/period/match cohort
GB,google,en,deadlock,deadlock cheat commands,deadlock-commands,write_article,,True,No numeric volume in the explicitly selected provider/period/match cohort
GB,google,en,deadlock,deadlock console commands vs cheats,deadlock-commands,write_article,,False,No numeric volume in the explicitly selected provider/period/match cohort
GB,google,en,deadlock,deadlock sandbox cheats,deadlock-commands,write_article,,False,No numeric volume in the explicitly selected provider/period/match cohort
GB,google,en,deadlock,deadlock valve cheats vs planetary conquest,deadlock-commands,write_article,,False,No numeric volume in the explicitly selected provider/period/match cohort
GB,google,en,deadlock,deadlock cheat codes meaning,deadlock-commands,write_article,,False,No numeric volume in the explicitly selected provider/period/match cohort
GB,google,en,dota2,dota 2 cheats,dota2-hub,update_hub,,True,No numeric volume in the explicitly selected provider/period/match cohort
GB,google,en,cs2,Is triggerbot cheating?,cs2-triggerbot,write_article,,False,No numeric volume in the explicitly selected provider/period/match cohort
GB,google,en,cs2,What's the difference between aimbot and triggerbot?,cs2-triggerbot,write_article,,False,No numeric volume in the explicitly selected provider/period/match cohort
GB,google,en,cs2,Does CS2 detect external cheats?,cs2-external,update_article,,False,No numeric volume in the explicitly selected provider/period/match cohort
GB,google,en,dota2,Is scripting allowed in Dota 2?,dota2-scripts,update_article,,False,No numeric volume in the explicitly selected provider/period/match cohort
GB,google,en,dota2,Is scripting in a game cheating?,dota2-scripts,update_article,,False,No numeric volume in the explicitly selected provider/period/match cohort
GB,google,en,deadlock,Is there auto parry in Deadlock?,deadlock-auto-parry,update_article,,False,No numeric volume in the explicitly selected provider/period/match cohort
GB,google,en,deadlock,How does parry work in Deadlock?,deadlock-auto-parry,update_article,,False,No numeric volume in the explicitly selected provider/period/match cohort
GB,google,en,deadlock,Does Unstoppable stop parry Deadlock?,deadlock-auto-parry,update_article,,False,No numeric volume in the explicitly selected provider/period/match cohort
GB,google,en,deadlock,How to train parry Deadlock?,deadlock-auto-parry,update_article,,False,No numeric volume in the explicitly selected provider/period/match cohort
GB,google,en,deadlock,deadlock cheat,deadlock-hub,update_hub,,False,No numeric volume in the explicitly selected provider/period/match cohort
GB,google,en,deadlock,is there a parry cheat in deadlock,deadlock-auto-parry,update_article,,True,No numeric volume in the explicitly selected provider/period/match cohort
GB,google,en,cs2,cs2 cheat,cs2-hub,update_hub,,False,No numeric volume in the explicitly selected provider/period/match cohort
GB,google,en,cs2,midnight cs2 cheat,cs2-comparison,update_article,,False,No numeric volume in the explicitly selected provider/period/match cohort
GB,google,en,dota2,cheat dota 2,dota2-hub,update_hub,,False,No numeric volume in the explicitly selected provider/period/match cohort
GB,google,en,dota2,cheat code dota 2,dota2-commands,update_article,,False,No numeric volume in the explicitly selected provider/period/match cohort
GB,google,en,cs2,triggerbot cs2,cs2-triggerbot,write_article,,False,No numeric volume in the explicitly selected provider/period/match cohort
GB,google,en,cs2,cs2 cheats free,cs2-free-download,research_landing,,False,No numeric volume in the explicitly selected provider/period/match cohort
GB,google,en,cs2,fatality cs2 cheat,cs2-comparison,update_article,,False,No numeric volume in the explicitly selected provider/period/match cohort
GB,google,en,cs2,pellix cs2 cheat,cs2-comparison,update_article,,False,No numeric volume in the explicitly selected provider/period/match cohort
GB,google,en,cs2,cs2 anti cheat,cs2-hub,update_hub,,False,No numeric volume in the explicitly selected provider/period/match cohort
GB,google,en,cs2,cs2 free cheats,cs2-free-download,research_landing,,False,No numeric volume in the explicitly selected provider/period/match cohort
GB,google,en,cs2,orbit cs2 cheat,cs2-comparison,update_article,,False,No numeric volume in the explicitly selected provider/period/match cohort
GB,google,en,dota2,cheat dota 2 bot,dota2-commands,update_article,,False,No numeric volume in the explicitly selected provider/period/match cohort
GB,google,en,dota2,cheat dota 2 gold,dota2-commands,update_article,,False,No numeric volume in the explicitly selected provider/period/match cohort
GB,google,en,dota2,cheat dota 2 lobby,dota2-commands,update_article,,False,No numeric volume in the explicitly selected provider/period/match cohort
GB,google,en,dota2,cheat lobby dota 2,dota2-commands,update_article,,False,No numeric volume in the explicitly selected provider/period/match cohort
GB,google,en,dota2,cheat money dota 2,dota2-commands,update_article,,False,No numeric volume in the explicitly selected provider/period/match cohort
GB,google,en,dota2,cheating in dota 2,dota2-hub,update_hub,,False,No numeric volume in the explicitly selected provider/period/match cohort
GB,google,en,dota2,cheats dota 2 lobby,dota2-commands,update_article,,False,No numeric volume in the explicitly selected provider/period/match cohort
GB,google,en,dota2,cheats on dota 2,dota2-hub,update_hub,,False,No numeric volume in the explicitly selected provider/period/match cohort
GB,google,en,dota2,dota 2 anti cheat,dota2-hub,update_hub,,False,No numeric volume in the explicitly selected provider/period/match cohort
GB,google,en,dota2,dota 2 bot cheats,dota2-commands,update_article,,False,No numeric volume in the explicitly selected provider/period/match cohort
GB,google,en,deadlock,deadlock frog cheater,deadlock-hub,update_hub,,False,No numeric volume in the explicitly selected provider/period/match cohort
GB,google,en,deadlock,deadlock cheating problem,deadlock-hub,update_hub,,False,No numeric volume in the explicitly selected provider/period/match cohort
GB,google,en,dota2,dota 2 ward tracker cheat,dota2-ward-tracker,include_as_section,dota2-maphack,True,No numeric volume in the explicitly selected provider/period/match cohort
GB,google,en,deadlock,deadlock aimbot fov,deadlock-fov,include_as_section,deadlock-souls,True,No numeric volume in the explicitly selected provider/period/match cohort
GB,google,en,deadlock,deadlock soul triggerbot,deadlock-souls,write_article,,False,No numeric volume in the explicitly selected provider/period/match cohort
GB,google,en,deadlock,deadlock auto parry cheats,deadlock-auto-parry,update_article,,False,No numeric volume in the explicitly selected provider/period/match cohort
GB,google,en,deadlock,deadlock auto parry hack,deadlock-auto-parry,update_article,,False,No numeric volume in the explicitly selected provider/period/match cohort
GB,google,en,deadlock,deadlock auto parry script,deadlock-auto-parry,update_article,,False,No numeric volume in the explicitly selected provider/period/match cohort
GB,google,en,deadlock,deadlock autoparry cheat,deadlock-auto-parry,update_article,,False,No numeric volume in the explicitly selected provider/period/match cohort
GB,google,en,deadlock,deadlock auto parry cheat free,deadlock-auto-parry,update_article,,False,No numeric volume in the explicitly selected provider/period/match cohort
GB,google,en,deadlock,free deadlock auto parry,deadlock-auto-parry,update_article,,False,No numeric volume in the explicitly selected provider/period/match cohort
GB,google,en,deadlock,deadlock auto parry download,deadlock-auto-parry,update_article,,False,No numeric volume in the explicitly selected provider/period/match cohort
GB,google,en,deadlock,deadlock auto parry mod,deadlock-auto-parry,update_article,,False,No numeric volume in the explicitly selected provider/period/match cohort
GB,google,en,deadlock,deadlock auto block cheat,deadlock-auto-parry,update_article,,False,No numeric volume in the explicitly selected provider/period/match cohort
GB,google,en,deadlock,deadlock melee parry cheat,deadlock-auto-parry,update_article,,False,No numeric volume in the explicitly selected provider/period/match cohort
GB,google,en,deadlock,deadlock parry hack,deadlock-auto-parry,update_article,,False,No numeric volume in the explicitly selected provider/period/match cohort
GB,google,en,deadlock,deadlock auto parry light melee,deadlock-auto-parry,update_article,,False,No numeric volume in the explicitly selected provider/period/match cohort
GB,google,en,deadlock,deadlock auto parry vs auto block,deadlock-auto-parry,update_article,,False,No numeric volume in the explicitly selected provider/period/match cohort
GB,google,en,deadlock,deadlock soul aimbot cheat,deadlock-souls,write_article,,False,No numeric volume in the explicitly selected provider/period/match cohort
GB,google,en,deadlock,deadlock soul aimbot free,deadlock-souls,write_article,,False,No numeric volume in the explicitly selected provider/period/match cohort
GB,google,en,deadlock,deadlock soul aimbot download,deadlock-souls,write_article,,False,No numeric volume in the explicitly selected provider/period/match cohort
GB,google,en,deadlock,deadlock soul triggerbot free,deadlock-souls,write_article,,False,No numeric volume in the explicitly selected provider/period/match cohort
GB,google,en,deadlock,deadlock auto soul secure,deadlock-souls,write_article,,False,No numeric volume in the explicitly selected provider/period/match cohort
GB,google,en,deadlock,deadlock auto deny cheat,deadlock-souls,write_article,,False,No numeric volume in the explicitly selected provider/period/match cohort
GB,google,en,deadlock,deadlock soul orb aimbot,deadlock-souls,write_article,,False,No numeric volume in the explicitly selected provider/period/match cohort
GB,google,en,deadlock,deadlock soul esp cheat,deadlock-souls,write_article,,False,No numeric volume in the explicitly selected provider/period/match cohort
GB,google,en,deadlock,deadlock soul triggerbot vs aimbot,deadlock-souls,write_article,,False,No numeric volume in the explicitly selected provider/period/match cohort
GB,google,en,deadlock,deadlock auto last hit cheat,deadlock-souls,write_article,,False,No numeric volume in the explicitly selected provider/period/match cohort
GB,google,en,deadlock,deadlock wallhack,deadlock-esp,include_as_section,deadlock-hub,False,No numeric volume in the explicitly selected provider/period/match cohort
GB,google,en,deadlock,deadlock wallhack cheat,deadlock-esp,include_as_section,deadlock-hub,False,No numeric volume in the explicitly selected provider/period/match cohort
GB,google,en,deadlock,deadlock wallhack free,deadlock-esp,include_as_section,deadlock-hub,False,No numeric volume in the explicitly selected provider/period/match cohort
GB,google,en,deadlock,deadlock esp hack,deadlock-esp,include_as_section,deadlock-hub,False,No numeric volume in the explicitly selected provider/period/match cohort
GB,google,en,deadlock,deadlock esp free,deadlock-esp,include_as_section,deadlock-hub,False,No numeric volume in the explicitly selected provider/period/match cohort
GB,google,en,deadlock,free deadlock esp,deadlock-esp,include_as_section,deadlock-hub,False,No numeric volume in the explicitly selected provider/period/match cohort
GB,google,en,deadlock,deadlock esp download,deadlock-esp,include_as_section,deadlock-hub,False,No numeric volume in the explicitly selected provider/period/match cohort
GB,google,en,deadlock,deadlock radar hack,deadlock-esp,include_as_section,deadlock-hub,False,No numeric volume in the explicitly selected provider/period/match cohort
GB,google,en,deadlock,deadlock player esp,deadlock-esp,include_as_section,deadlock-hub,False,No numeric volume in the explicitly selected provider/period/match cohort
GB,google,en,deadlock,deadlock item esp,deadlock-esp,include_as_section,deadlock-hub,False,No numeric volume in the explicitly selected provider/period/match cohort
GB,google,en,deadlock,deadlock health esp,deadlock-esp,include_as_section,deadlock-hub,False,No numeric volume in the explicitly selected provider/period/match cohort
GB,google,en,deadlock,deadlock radar vs esp,deadlock-esp,include_as_section,deadlock-hub,True,No numeric volume in the explicitly selected provider/period/match cohort
GB,google,en,deadlock,deadlock aimbot cheat,deadlock-aimbot,include_as_section,deadlock-souls,False,No numeric volume in the explicitly selected provider/period/match cohort
GB,google,en,deadlock,deadlock aimbot free,deadlock-aimbot,include_as_section,deadlock-souls,False,No numeric volume in the explicitly selected provider/period/match cohort
GB,google,en,deadlock,free deadlock aimbot,deadlock-aimbot,include_as_section,deadlock-souls,False,No numeric volume in the explicitly selected provider/period/match cohort
GB,google,en,deadlock,deadlock aimbot download,deadlock-aimbot,include_as_section,deadlock-souls,False,No numeric volume in the explicitly selected provider/period/match cohort
GB,google,en,deadlock,deadlock silent aim,deadlock-aimbot,include_as_section,deadlock-souls,False,No numeric volume in the explicitly selected provider/period/match cohort
GB,google,en,deadlock,deadlock silent aim cheat,deadlock-aimbot,include_as_section,deadlock-souls,False,No numeric volume in the explicitly selected provider/period/match cohort
GB,google,en,deadlock,deadlock aim assist cheat,deadlock-aimbot,include_as_section,deadlock-souls,False,No numeric volume in the explicitly selected provider/period/match cohort
GB,google,en,deadlock,deadlock aimbot prediction,deadlock-aimbot,include_as_section,deadlock-souls,False,No numeric volume in the explicitly selected provider/period/match cohort
GB,google,en,deadlock,deadlock triggerbot,deadlock-aimbot,include_as_section,deadlock-souls,False,No numeric volume in the explicitly selected provider/period/match cohort
GB,google,en,deadlock,deadlock triggerbot cheat,deadlock-aimbot,include_as_section,deadlock-souls,False,No numeric volume in the explicitly selected provider/period/match cohort
GB,google,en,deadlock,deadlock triggerbot free,deadlock-aimbot,include_as_section,deadlock-souls,False,No numeric volume in the explicitly selected provider/period/match cohort
GB,google,en,deadlock,deadlock combo script,deadlock-combos,include_as_section,deadlock-hub,False,No numeric volume in the explicitly selected provider/period/match cohort
GB,google,en,deadlock,deadlock auto combo,deadlock-combos,include_as_section,deadlock-hub,False,No numeric volume in the explicitly selected provider/period/match cohort
GB,google,en,deadlock,deadlock auto combo cheat,deadlock-combos,include_as_section,deadlock-hub,False,No numeric volume in the explicitly selected provider/period/match cohort
GB,google,en,deadlock,deadlock ability automation,deadlock-combos,include_as_section,deadlock-hub,False,No numeric volume in the explicitly selected provider/period/match cohort
GB,google,en,deadlock,deadlock combo script free,deadlock-combos,include_as_section,deadlock-hub,False,No numeric volume in the explicitly selected provider/period/match cohort
GB,google,en,deadlock,deadlock auto dodge cheat,deadlock-dodger,include_as_section,deadlock-hub,False,No numeric volume in the explicitly selected provider/period/match cohort
GB,google,en,deadlock,deadlock auto dodge script,deadlock-dodger,include_as_section,deadlock-hub,False,No numeric volume in the explicitly selected provider/period/match cohort
GB,google,en,deadlock,deadlock dodger cheat,deadlock-dodger,include_as_section,deadlock-hub,False,No numeric volume in the explicitly selected provider/period/match cohort
GB,google,en,deadlock,deadlock auto dodge free,deadlock-dodger,include_as_section,deadlock-hub,False,No numeric volume in the explicitly selected provider/period/match cohort
GB,google,en,deadlock,deadlock auto dodge vs parry,deadlock-dodger,include_as_section,deadlock-hub,False,No numeric volume in the explicitly selected provider/period/match cohort
GB,google,en,deadlock,deadlock skillshot dodge cheat,deadlock-dodger,include_as_section,deadlock-hub,False,No numeric volume in the explicitly selected provider/period/match cohort
GB,google,en,deadlock,deadlock cheats free trial,deadlock-trial,include_as_section,deadlock-comparison,False,No numeric volume in the explicitly selected provider/period/match cohort
GB,google,en,deadlock,deadlock free cheat vs trial,deadlock-trial,include_as_section,deadlock-comparison,False,No numeric volume in the explicitly selected provider/period/match cohort
GB,google,en,deadlock,deadlock cheat subscription,deadlock-trial,include_as_section,deadlock-comparison,False,No numeric volume in the explicitly selected provider/period/match cohort
GB,google,en,deadlock,deadlock cheat trial limitations,deadlock-trial,include_as_section,deadlock-comparison,False,No numeric volume in the explicitly selected provider/period/match cohort
GB,google,en,deadlock,deadlock cheat refund policy,deadlock-trial,include_as_section,deadlock-comparison,False,No numeric volume in the explicitly selected provider/period/match cohort
GB,google,en,cs2,cs2 triggerbot cheat,cs2-triggerbot,write_article,,False,No numeric volume in the explicitly selected provider/period/match cohort
GB,google,en,cs2,cs2 triggerbot free,cs2-triggerbot,write_article,,False,No numeric volume in the explicitly selected provider/period/match cohort
GB,google,en,cs2,free cs2 triggerbot,cs2-triggerbot,write_article,,False,No numeric volume in the explicitly selected provider/period/match cohort
GB,google,en,cs2,cs2 triggerbot download,cs2-triggerbot,write_article,,False,No numeric volume in the explicitly selected provider/period/match cohort
GB,google,en,cs2,cs2 triggerbot hack,cs2-triggerbot,write_article,,False,No numeric volume in the explicitly selected provider/period/match cohort
GB,google,en,cs2,triggerbot cs2 free,cs2-triggerbot,write_article,,False,No numeric volume in the explicitly selected provider/period/match cohort
GB,google,en,cs2,cs2 triggerbot vs aimbot,cs2-triggerbot,write_article,,False,No numeric volume in the explicitly selected provider/period/match cohort
GB,google,en,cs2,cs2 triggerbot limitations,cs2-triggerbot,write_article,,False,No numeric volume in the explicitly selected provider/period/match cohort
GB,google,en,cs2,cs2 wallhack,cs2-esp,write_article,,False,No numeric volume in the explicitly selected provider/period/match cohort
GB,google,en,cs2,cs2 wallhack free,cs2-esp,write_article,,False,No numeric volume in the explicitly selected provider/period/match cohort
GB,google,en,cs2,free cs2 wallhack,cs2-esp,write_article,,False,No numeric volume in the explicitly selected provider/period/match cohort
GB,google,en,cs2,cs2 wallhack download,cs2-esp,write_article,,False,No numeric volume in the explicitly selected provider/period/match cohort
GB,google,en,cs2,cs2 esp free,cs2-esp,write_article,,False,No numeric volume in the explicitly selected provider/period/match cohort
GB,google,en,cs2,free cs2 esp,cs2-esp,write_article,,False,No numeric volume in the explicitly selected provider/period/match cohort
GB,google,en,cs2,cs2 esp download,cs2-esp,write_article,,False,No numeric volume in the explicitly selected provider/period/match cohort
GB,google,en,cs2,cs2 radar hack,cs2-esp,write_article,,False,No numeric volume in the explicitly selected provider/period/match cohort
GB,google,en,cs2,cs2 radar hack free,cs2-esp,write_article,,False,No numeric volume in the explicitly selected provider/period/match cohort
GB,google,en,cs2,cs2 box esp,cs2-esp,write_article,,False,No numeric volume in the explicitly selected provider/period/match cohort
GB,google,en,cs2,cs2 skeleton esp,cs2-esp,write_article,,False,No numeric volume in the explicitly selected provider/period/match cohort
GB,google,en,cs2,cs2 health esp,cs2-esp,write_article,,False,No numeric volume in the explicitly selected provider/period/match cohort
GB,google,en,cs2,cs2 radar vs wallhack,cs2-esp,write_article,,False,No numeric volume in the explicitly selected provider/period/match cohort
GB,google,en,cs2,cs2 aimbot cheat,cs2-aimbot,include_as_section,cs2-triggerbot,False,No numeric volume in the explicitly selected provider/period/match cohort
GB,google,en,cs2,cs2 aimbot free,cs2-aimbot,include_as_section,cs2-triggerbot,False,No numeric volume in the explicitly selected provider/period/match cohort
GB,google,en,cs2,free cs2 aimbot,cs2-aimbot,include_as_section,cs2-triggerbot,False,No numeric volume in the explicitly selected provider/period/match cohort
GB,google,en,cs2,cs2 aimbot download,cs2-aimbot,include_as_section,cs2-triggerbot,False,No numeric volume in the explicitly selected provider/period/match cohort
GB,google,en,cs2,cs2 aim assist cheat,cs2-aimbot,include_as_section,cs2-triggerbot,False,No numeric volume in the explicitly selected provider/period/match cohort
GB,google,en,cs2,cs2 silent aim,cs2-aimbot,include_as_section,cs2-triggerbot,False,No numeric volume in the explicitly selected provider/period/match cohort
GB,google,en,cs2,cs2 silent aim vs aimbot,cs2-aimbot,include_as_section,cs2-triggerbot,False,No numeric volume in the explicitly selected provider/period/match cohort
GB,google,en,cs2,cs2 recoil control cheat,cs2-aimbot,include_as_section,cs2-triggerbot,False,No numeric volume in the explicitly selected provider/period/match cohort
GB,google,en,cs2,cs2 no recoil cheat,cs2-aimbot,include_as_section,cs2-triggerbot,False,No numeric volume in the explicitly selected provider/period/match cohort
GB,google,en,cs2,cs2 legit aimbot,cs2-aimbot,include_as_section,cs2-triggerbot,False,No numeric volume in the explicitly selected provider/period/match cohort
GB,google,en,cs2,cs2 aim assist vs aimbot,cs2-aimbot,include_as_section,cs2-triggerbot,True,No numeric volume in the explicitly selected provider/period/match cohort
GB,google,en,cs2,cs2 skin changer free,cs2-skin-changer,update_article,,False,No numeric volume in the explicitly selected provider/period/match cohort
GB,google,en,cs2,free cs2 skin changer,cs2-skin-changer,update_article,,False,No numeric volume in the explicitly selected provider/period/match cohort
GB,google,en,cs2,cs2 skin changer free download,cs2-skin-changer,update_article,,False,No numeric volume in the explicitly selected provider/period/match cohort
GB,google,en,cs2,cs2 skinchanger,cs2-skin-changer,update_article,,False,No numeric volume in the explicitly selected provider/period/match cohort
GB,google,en,cs2,cs2 skinchanger free,cs2-skin-changer,update_article,,False,No numeric volume in the explicitly selected provider/period/match cohort
GB,google,en,cs2,cs2 inventory changer,cs2-skin-changer,update_article,,False,No numeric volume in the explicitly selected provider/period/match cohort
GB,google,en,cs2,cs2 knife changer,cs2-skin-changer,update_article,,False,No numeric volume in the explicitly selected provider/period/match cohort
GB,google,en,cs2,cs2 glove changer,cs2-skin-changer,update_article,,False,No numeric volume in the explicitly selected provider/period/match cohort
GB,google,en,cs2,cs2 skin changer vs inventory changer,cs2-skin-changer,update_article,,False,No numeric volume in the explicitly selected provider/period/match cohort
GB,google,en,cs2,cs2 skin changer server,cs2-skin-changer,update_article,,False,No numeric volume in the explicitly selected provider/period/match cohort
GB,google,en,cs2,cs2 skin changer bannable,cs2-skin-changer,update_article,,False,No numeric volume in the explicitly selected provider/period/match cohort
GB,google,en,cs2,cs2 skin changer mod,cs2-skin-changer,update_article,,False,No numeric volume in the explicitly selected provider/period/match cohort
GB,google,en,cs2,cs2 external cheat free,cs2-external,update_article,,False,No numeric volume in the explicitly selected provider/period/match cohort
GB,google,en,cs2,free external cs2 cheats,cs2-external,update_article,,False,No numeric volume in the explicitly selected provider/period/match cohort
GB,google,en,cs2,cs2 external esp,cs2-external,update_article,,False,No numeric volume in the explicitly selected provider/period/match cohort
GB,google,en,cs2,cs2 external radar,cs2-external,update_article,,False,No numeric volume in the explicitly selected provider/period/match cohort
GB,google,en,cs2,cs2 external vs internal cheat,cs2-external,update_article,,False,No numeric volume in the explicitly selected provider/period/match cohort
GB,google,en,cs2,cs2 grenade helper cheat,cs2-grenade-helper,write_article,,False,No numeric volume in the explicitly selected provider/period/match cohort
GB,google,en,cs2,cs2 grenade helper free,cs2-grenade-helper,write_article,,False,No numeric volume in the explicitly selected provider/period/match cohort
GB,google,en,cs2,cs2 lineup helper,cs2-grenade-helper,write_article,,False,No numeric volume in the explicitly selected provider/period/match cohort
GB,google,en,cs2,cs2 nade helper,cs2-grenade-helper,write_article,,False,No numeric volume in the explicitly selected provider/period/match cohort
GB,google,en,cs2,cs2 grenade prediction cheat,cs2-grenade-helper,write_article,,False,No numeric volume in the explicitly selected provider/period/match cohort
GB,google,en,cs2,cs2 grenade helper vs lineup guide,cs2-grenade-helper,write_article,,False,No numeric volume in the explicitly selected provider/period/match cohort
GB,google,en,cs2,cs2 cheats free trial,cs2-free-paid,update_article,,False,No numeric volume in the explicitly selected provider/period/match cohort
GB,google,en,cs2,free cs2 cheats vs paid,cs2-free-paid,update_article,,False,No numeric volume in the explicitly selected provider/period/match cohort
GB,google,en,cs2,cs2 cheat free version limitations,cs2-free-paid,update_article,,False,No numeric volume in the explicitly selected provider/period/match cohort
GB,google,en,cs2,cs2 cheat subscription vs lifetime,cs2-free-paid,update_article,,False,No numeric volume in the explicitly selected provider/period/match cohort
GB,google,en,dota2,dota 2 script,dota2-scripts,update_article,,False,No numeric volume in the explicitly selected provider/period/match cohort
GB,google,en,dota2,dota2 scripts,dota2-scripts,update_article,,False,No numeric volume in the explicitly selected provider/period/match cohort
GB,google,en,dota2,dota 2 scripts free,dota2-scripts,update_article,,False,No numeric volume in the explicitly selected provider/period/match cohort
GB,google,en,dota2,free dota 2 scripts,dota2-scripts,update_article,,False,No numeric volume in the explicitly selected provider/period/match cohort
GB,google,en,dota2,dota 2 scripts download,dota2-scripts,update_article,,False,No numeric volume in the explicitly selected provider/period/match cohort
GB,google,en,dota2,dota 2 scripts free download,dota2-scripts,update_article,,False,No numeric volume in the explicitly selected provider/period/match cohort
GB,google,en,dota2,dota 2 hack scripts,dota2-scripts,update_article,,False,No numeric volume in the explicitly selected provider/period/match cohort
GB,google,en,dota2,dota 2 script hack,dota2-scripts,update_article,,False,No numeric volume in the explicitly selected provider/period/match cohort
GB,google,en,dota2,dota 2 script bot,dota2-scripts,update_article,,False,No numeric volume in the explicitly selected provider/period/match cohort
GB,google,en,dota2,dota 2 combo scripts,dota2-scripts,update_article,,False,No numeric volume in the explicitly selected provider/period/match cohort
GB,google,en,dota2,dota 2 auto combo script,dota2-scripts,update_article,,False,No numeric volume in the explicitly selected provider/period/match cohort
GB,google,en,dota2,dota 2 invoker script,dota2-invoker,include_as_section,dota2-scripts,False,No numeric volume in the explicitly selected provider/period/match cohort
GB,google,en,dota2,dota 2 script invoker,dota2-invoker,include_as_section,dota2-scripts,False,No numeric volume in the explicitly selected provider/period/match cohort
GB,google,en,dota2,invoker script free,dota2-invoker,include_as_section,dota2-scripts,False,No numeric volume in the explicitly selected provider/period/match cohort
GB,google,en,dota2,dota 2 invoker script free,dota2-invoker,include_as_section,dota2-scripts,False,No numeric volume in the explicitly selected provider/period/match cohort
GB,google,en,dota2,invoker combo script,dota2-invoker,include_as_section,dota2-scripts,False,No numeric volume in the explicitly selected provider/period/match cohort
GB,google,en,dota2,invoker script vs macro,dota2-invoker,include_as_section,dota2-scripts,False,No numeric volume in the explicitly selected provider/period/match cohort
GB,google,en,dota2,dota 2 meepo script,dota2-meepo,include_as_section,dota2-scripts,False,No numeric volume in the explicitly selected provider/period/match cohort
GB,google,en,dota2,meepo script free,dota2-meepo,include_as_section,dota2-scripts,False,No numeric volume in the explicitly selected provider/period/match cohort
GB,google,en,dota2,dota 2 meepo script free,dota2-meepo,include_as_section,dota2-scripts,False,No numeric volume in the explicitly selected provider/period/match cohort
GB,google,en,dota2,meepo auto poof script,dota2-meepo,include_as_section,dota2-scripts,False,No numeric volume in the explicitly selected provider/period/match cohort
GB,google,en,dota2,meepo script vs macro,dota2-meepo,include_as_section,dota2-scripts,False,No numeric volume in the explicitly selected provider/period/match cohort
GB,google,en,dota2,dota 2 map hack,dota2-maphack,update_article,,False,No numeric volume in the explicitly selected provider/period/match cohort
GB,google,en,dota2,dota2 maphack,dota2-maphack,update_article,,False,No numeric volume in the explicitly selected provider/period/match cohort
GB,google,en,dota2,dota 2 maphack free,dota2-maphack,update_article,,False,No numeric volume in the explicitly selected provider/period/match cohort
GB,google,en,dota2,free dota 2 maphack,dota2-maphack,update_article,,False,No numeric volume in the explicitly selected provider/period/match cohort
GB,google,en,dota2,dota 2 maphack download,dota2-maphack,update_article,,False,No numeric volume in the explicitly selected provider/period/match cohort
GB,google,en,dota2,dota 2 map hack free download,dota2-maphack,update_article,,False,No numeric volume in the explicitly selected provider/period/match cohort
GB,google,en,dota2,dota 2 script map hack,dota2-maphack,update_article,,False,No numeric volume in the explicitly selected provider/period/match cohort
GB,google,en,dota2,dota 2 esp,dota2-maphack,update_article,,False,No numeric volume in the explicitly selected provider/period/match cohort
GB,google,en,dota2,dota 2 fog of war hack,dota2-maphack,update_article,,False,No numeric volume in the explicitly selected provider/period/match cohort
GB,google,en,dota2,dota 2 enemy vision cheat,dota2-maphack,update_article,,False,No numeric volume in the explicitly selected provider/period/match cohort
GB,google,en,dota2,dota 2 enemy ward hack,dota2-ward-tracker,include_as_section,dota2-maphack,False,No numeric volume in the explicitly selected provider/period/match cohort
GB,google,en,dota2,dota 2 ward detection cheat,dota2-ward-tracker,include_as_section,dota2-maphack,False,No numeric volume in the explicitly selected provider/period/match cohort
GB,google,en,dota2,dota 2 roshan timer hack,dota2-roshan,include_as_section,dota2-maphack,False,No numeric volume in the explicitly selected provider/period/match cohort
GB,google,en,dota2,dota 2 roshan tracker cheat,dota2-roshan,include_as_section,dota2-maphack,False,No numeric volume in the explicitly selected provider/period/match cohort
GB,google,en,dota2,dota 2 roshan esp free,dota2-roshan,include_as_section,dota2-maphack,False,No numeric volume in the explicitly selected provider/period/match cohort
GB,google,en,dota2,dota 2 tp tracker cheat,dota2-teleport,include_as_section,dota2-maphack,False,No numeric volume in the explicitly selected provider/period/match cohort
GB,google,en,dota2,dota 2 teleport preview cheat,dota2-teleport,include_as_section,dota2-maphack,False,No numeric volume in the explicitly selected provider/period/match cohort
GB,google,en,dota2,dota 2 autododge,dota2-auto-dodge,write_article,,False,No numeric volume in the explicitly selected provider/period/match cohort
GB,google,en,dota2,dota 2 auto dodge cheat,dota2-auto-dodge,write_article,,False,No numeric volume in the explicitly selected provider/period/match cohort
GB,google,en,dota2,dota 2 auto dodge script,dota2-auto-dodge,write_article,,False,No numeric volume in the explicitly selected provider/period/match cohort
GB,google,en,dota2,dota 2 auto dodge free,dota2-auto-dodge,write_article,,False,No numeric volume in the explicitly selected provider/period/match cohort
GB,google,en,dota2,dota 2 dodger hack,dota2-auto-dodge,write_article,,False,No numeric volume in the explicitly selected provider/period/match cohort
GB,google,en,dota2,dota 2 auto dodge vs auto block,dota2-auto-dodge,write_article,,False,No numeric volume in the explicitly selected provider/period/match cohort
GB,google,en,dota2,dota 2 auto hex script,dota2-auto-dodge,write_article,,False,No numeric volume in the explicitly selected provider/period/match cohort
GB,google,en,dota2,dota 2 last hit script free,dota2-auto-last-hit,include_as_section,dota2-scripts,False,No numeric volume in the explicitly selected provider/period/match cohort
GB,google,en,dota2,dota 2 auto last hit cheat,dota2-auto-last-hit,include_as_section,dota2-scripts,False,No numeric volume in the explicitly selected provider/period/match cohort
GB,google,en,dota2,dota 2 last hit hack,dota2-auto-last-hit,include_as_section,dota2-scripts,False,No numeric volume in the explicitly selected provider/period/match cohort
GB,google,en,dota2,dota 2 last hit trainer vs script,dota2-auto-last-hit,include_as_section,dota2-scripts,False,No numeric volume in the explicitly selected provider/period/match cohort
GB,google,en,dota2,dota 2 skin changer free,dota2-skin-changer,update_article,,False,No numeric volume in the explicitly selected provider/period/match cohort
GB,google,en,dota2,free dota 2 skin changer,dota2-skin-changer,update_article,,False,No numeric volume in the explicitly selected provider/period/match cohort
GB,google,en,dota2,dota 2 skin changer download,dota2-skin-changer,update_article,,False,No numeric volume in the explicitly selected provider/period/match cohort
GB,google,en,dota2,dota 2 skin changer free download,dota2-skin-changer,update_article,,False,No numeric volume in the explicitly selected provider/period/match cohort
GB,google,en,dota2,dota 2 script skin,dota2-skin-changer,update_article,,False,No numeric volume in the explicitly selected provider/period/match cohort
GB,google,en,dota2,dota2 skinchanger,dota2-skin-changer,update_article,,False,No numeric volume in the explicitly selected provider/period/match cohort
GB,google,en,dota2,dota 2 inventory changer,dota2-skin-changer,update_article,,False,No numeric volume in the explicitly selected provider/period/match cohort
GB,google,en,dota2,dota 2 skin changer visible to others,dota2-skin-changer,update_article,,False,No numeric volume in the explicitly selected provider/period/match cohort
GB,google,en,deadlock,deadlock cheats free,deadlock-free-download,research_landing,,False,No numeric volume in the explicitly selected provider/period/match cohort
GB,google,en,deadlock,deadlock free cheats,deadlock-free-download,research_landing,,False,No numeric volume in the explicitly selected provider/period/match cohort
GB,google,en,deadlock,deadlock cheat free,deadlock-free-download,research_landing,,False,No numeric volume in the explicitly selected provider/period/match cohort
GB,google,en,deadlock,free deadlock hacks,deadlock-free-download,research_landing,,False,No numeric volume in the explicitly selected provider/period/match cohort
GB,google,en,deadlock,deadlock hacks free,deadlock-free-download,research_landing,,False,No numeric volume in the explicitly selected provider/period/match cohort
GB,google,en,deadlock,deadlock hack free,deadlock-free-download,research_landing,,False,No numeric volume in the explicitly selected provider/period/match cohort
GB,google,en,deadlock,deadlock cheats download,deadlock-free-download,research_landing,,False,No numeric volume in the explicitly selected provider/period/match cohort
GB,google,en,deadlock,download deadlock cheats,deadlock-free-download,research_landing,,False,No numeric volume in the explicitly selected provider/period/match cohort
GB,google,en,deadlock,deadlock cheats free download,deadlock-free-download,research_landing,,False,No numeric volume in the explicitly selected provider/period/match cohort
GB,google,en,deadlock,free deadlock cheats download,deadlock-free-download,research_landing,,False,No numeric volume in the explicitly selected provider/period/match cohort
GB,google,en,deadlock,deadlock hack download,deadlock-free-download,research_landing,,False,No numeric volume in the explicitly selected provider/period/match cohort
GB,google,en,deadlock,deadlock hacks free download,deadlock-free-download,research_landing,,False,No numeric volume in the explicitly selected provider/period/match cohort
GB,google,en,deadlock,best free deadlock cheats,deadlock-free-download,research_landing,,False,No numeric volume in the explicitly selected provider/period/match cohort
GB,google,en,deadlock,deadlock free cheat no subscription,deadlock-free-download,research_landing,,False,No numeric volume in the explicitly selected provider/period/match cohort
GB,google,en,cs2,cs2 cheat free,cs2-free-download,research_landing,,False,No numeric volume in the explicitly selected provider/period/match cohort
GB,google,en,cs2,free cs2 hacks,cs2-free-download,research_landing,,False,No numeric volume in the explicitly selected provider/period/match cohort
GB,google,en,cs2,cs2 hacks free,cs2-free-download,research_landing,,False,No numeric volume in the explicitly selected provider/period/match cohort
GB,google,en,cs2,cs2 hack free,cs2-free-download,research_landing,,False,No numeric volume in the explicitly selected provider/period/match cohort
GB,google,en,cs2,cs2 cheats download,cs2-free-download,research_landing,,False,No numeric volume in the explicitly selected provider/period/match cohort
GB,google,en,cs2,download cs2 cheats,cs2-free-download,research_landing,,False,No numeric volume in the explicitly selected provider/period/match cohort
GB,google,en,cs2,cs2 cheats free download,cs2-free-download,research_landing,,False,No numeric volume in the explicitly selected provider/period/match cohort
GB,google,en,cs2,free cs2 cheats download,cs2-free-download,research_landing,,False,No numeric volume in the explicitly selected provider/period/match cohort
GB,google,en,cs2,cs2 hack download,cs2-free-download,research_landing,,False,No numeric volume in the explicitly selected provider/period/match cohort
GB,google,en,cs2,cs2 hacks free download,cs2-free-download,research_landing,,False,No numeric volume in the explicitly selected provider/period/match cohort
GB,google,en,cs2,cs2 free cheat no subscription,cs2-free-download,research_landing,,False,No numeric volume in the explicitly selected provider/period/match cohort
GB,google,en,dota2,free dota 2 cheats,dota2-free-download,research_landing,,True,No numeric volume in the explicitly selected provider/period/match cohort
GB,google,en,dota2,dota 2 cheats free,dota2-free-download,research_landing,,False,No numeric volume in the explicitly selected provider/period/match cohort
GB,google,en,dota2,dota 2 free cheats,dota2-free-download,research_landing,,False,No numeric volume in the explicitly selected provider/period/match cohort
GB,google,en,dota2,dota 2 cheat free,dota2-free-download,research_landing,,False,No numeric volume in the explicitly selected provider/period/match cohort
GB,google,en,dota2,free dota 2 hacks,dota2-free-download,research_landing,,False,No numeric volume in the explicitly selected provider/period/match cohort
GB,google,en,dota2,dota 2 hacks free,dota2-free-download,research_landing,,False,No numeric volume in the explicitly selected provider/period/match cohort
GB,google,en,dota2,dota 2 hack free,dota2-free-download,research_landing,,False,No numeric volume in the explicitly selected provider/period/match cohort
GB,google,en,dota2,dota 2 cheats download,dota2-free-download,research_landing,,False,No numeric volume in the explicitly selected provider/period/match cohort
GB,google,en,dota2,download dota 2 cheats,dota2-free-download,research_landing,,False,No numeric volume in the explicitly selected provider/period/match cohort
GB,google,en,dota2,dota 2 cheats free download,dota2-free-download,research_landing,,False,No numeric volume in the explicitly selected provider/period/match cohort
GB,google,en,dota2,free dota 2 cheats download,dota2-free-download,research_landing,,False,No numeric volume in the explicitly selected provider/period/match cohort
GB,google,en,dota2,dota 2 hack download,dota2-free-download,research_landing,,False,No numeric volume in the explicitly selected provider/period/match cohort
GB,google,en,dota2,dota 2 hacks free download,dota2-free-download,research_landing,,False,No numeric volume in the explicitly selected provider/period/match cohort
GB,google,en,dota2,best free dota 2 cheats,dota2-free-download,research_landing,,False,No numeric volume in the explicitly selected provider/period/match cohort
GB,google,en,dota2,dota 2 free cheat no subscription,dota2-free-download,research_landing,,False,No numeric volume in the explicitly selected provider/period/match cohort
GB,google,en,deadlock,deadlock auto parry reddit,deadlock-auto-parry,update_article,,False,No numeric volume in the explicitly selected provider/period/match cohort
GB,google,en,deadlock,deadlock auto parry github,deadlock-auto-parry,update_article,,False,No numeric volume in the explicitly selected provider/period/match cohort
GB,google,en,dota2,dota 2 scripts reddit,dota2-scripts,update_article,,False,No numeric volume in the explicitly selected provider/period/match cohort
GB,google,en,dota2,dota 2 scripts github,dota2-scripts,update_article,,False,No numeric volume in the explicitly selected provider/period/match cohort
GB,google,en,dota2,dota 2 lua scripts,dota2-scripts,update_article,,False,No numeric volume in the explicitly selected provider/period/match cohort
GB,google,en,dota2,dota 2 ahk scripts,dota2-scripts,update_article,,False,No numeric volume in the explicitly selected provider/period/match cohort
GB,google,en,cs2,cs2 skin changer reddit,cs2-skin-changer,update_article,,False,No numeric volume in the explicitly selected provider/period/match cohort
GB,google,en,cs2,cs2 skin changer github,cs2-skin-changer,update_article,,False,No numeric volume in the explicitly selected provider/period/match cohort
GB,google,en,cs2,cs2 skin changer unknowncheats,cs2-skin-changer,update_article,,False,No numeric volume in the explicitly selected provider/period/match cohort
GB,google,en,cs2,cs2 skin changer source,cs2-skin-changer,update_article,,False,No numeric volume in the explicitly selected provider/period/match cohort
GB,google,en,cs2,cs2 skin changer open source,cs2-skin-changer,update_article,,False,No numeric volume in the explicitly selected provider/period/match cohort
GB,google,en,cs2,cs2 skin changer plugin,cs2-skin-changer,update_article,,False,No numeric volume in the explicitly selected provider/period/match cohort
GB,google,en,deadlock,deadlock hack,deadlock-hub,update_hub,,False,No numeric volume in the explicitly selected provider/period/match cohort
GB,google,en,deadlock,deadlock hacks,deadlock-hub,update_hub,,False,No numeric volume in the explicitly selected provider/period/match cohort
GB,google,en,deadlock,deadlock cheat software,deadlock-hub,update_hub,,False,No numeric volume in the explicitly selected provider/period/match cohort
GB,google,en,deadlock,deadlock cheat features,deadlock-hub,update_hub,,False,No numeric volume in the explicitly selected provider/period/match cohort
GB,google,en,deadlock,deadlock cheat review,deadlock-hub,update_hub,,False,No numeric volume in the explicitly selected provider/period/match cohort
GB,google,en,deadlock,best deadlock hack,deadlock-hub,update_hub,,False,No numeric volume in the explicitly selected provider/period/match cohort
GB,google,en,cs2,cs2 hacks,cs2-hub,update_hub,,False,No numeric volume in the explicitly selected provider/period/match cohort
GB,google,en,cs2,cs2 hack,cs2-hub,update_hub,,False,No numeric volume in the explicitly selected provider/period/match cohort
GB,google,en,cs2,counter strike 2 cheats,cs2-hub,update_hub,,False,No numeric volume in the explicitly selected provider/period/match cohort
GB,google,en,cs2,counter strike 2 hacks,cs2-hub,update_hub,,False,No numeric volume in the explicitly selected provider/period/match cohort
GB,google,en,cs2,counter strike 2 cheat,cs2-hub,update_hub,,False,No numeric volume in the explicitly selected provider/period/match cohort
GB,google,en,cs2,counter strike 2 hack,cs2-hub,update_hub,,False,No numeric volume in the explicitly selected provider/period/match cohort
GB,google,en,cs2,cs 2 cheats,cs2-hub,update_hub,,False,No numeric volume in the explicitly selected provider/period/match cohort
GB,google,en,cs2,cs2 cheat software,cs2-hub,update_hub,,False,No numeric volume in the explicitly selected provider/period/match cohort
GB,google,en,cs2,cs2 cheat features,cs2-hub,update_hub,,False,No numeric volume in the explicitly selected provider/period/match cohort
GB,google,en,dota2,dota2 cheats,dota2-hub,update_hub,,False,No numeric volume in the explicitly selected provider/period/match cohort
GB,google,en,dota2,dota2 hacks,dota2-hub,update_hub,,False,No numeric volume in the explicitly selected provider/period/match cohort
GB,google,en,dota2,dota 2 hack,dota2-hub,update_hub,,False,No numeric volume in the explicitly selected provider/period/match cohort
GB,google,en,dota2,dota 2 hacks,dota2-hub,update_hub,,False,No numeric volume in the explicitly selected provider/period/match cohort
GB,google,en,dota2,dota 2 cheat software,dota2-hub,update_hub,,False,No numeric volume in the explicitly selected provider/period/match cohort
GB,google,en,dota2,dota 2 cheat features,dota2-hub,update_hub,,False,No numeric volume in the explicitly selected provider/period/match cohort
GB,google,en,dota2,free vs paid dota 2 cheats,dota2-comparison,update_article,,False,No numeric volume in the explicitly selected provider/period/match cohort
GB,google,en,dota2,dota 2 cheats free trial,dota2-comparison,update_article,,False,No numeric volume in the explicitly selected provider/period/match cohort
GB,google,en,dota2,dota 2 script free trial,dota2-comparison,update_article,,False,No numeric volume in the explicitly selected provider/period/match cohort
GB,google,en,dota2,dota 2 free cheat vs trial,dota2-comparison,update_article,,False,No numeric volume in the explicitly selected provider/period/match cohort
GB,google,en,dota2,dota 2 cheat subscription,dota2-comparison,update_article,,False,No numeric volume in the explicitly selected provider/period/match cohort
GB,google,en,dota2,dota 2 cheat free version limitations,dota2-comparison,update_article,,False,No numeric volume in the explicitly selected provider/period/match cohort
