game,query,cluster_id,query_role,recommended_page_type,search_facets,discovery,discovery_note,sources
cs2,cs2 external cheats,cs2-external,article_candidate,article_or_section,,editorial_expansion,Writer-proposed search phrase based on the topic; demand unverified,https://anyx.gg/ | https://undetek.com/
cs2,external cs2 cheat,cs2-external,article_candidate,article_or_section,,editorial_expansion,Writer-proposed search phrase based on the topic; demand unverified,https://anyx.gg/ | https://undetek.com/
cs2,cs2 internal vs external cheats,cs2-external,article_candidate,article_or_section,vs,editorial_expansion,Writer-proposed search phrase based on the topic; demand unverified,https://anyx.gg/ | https://undetek.com/
cs2,are external cs2 cheats safer,cs2-external,article_candidate,article_or_section,,editorial_expansion,Writer-proposed search phrase based on the topic; demand unverified,https://anyx.gg/ | https://undetek.com/
cs2,cs2 external cheat features,cs2-external,article_candidate,article_or_section,,editorial_expansion,Writer-proposed search phrase based on the topic; demand unverified,https://anyx.gg/ | https://undetek.com/
cs2,cs2 triggerbot,cs2-triggerbot,ambiguous_research,intent_review,,observed,"Visible Semrush keyword output; estimated demand, not an independent Google exact count",https://anyx.gg/ | https://undetek.com/ | https://www.semrush.com/free-tools/keyword-search-volume-checker/?db=us&keyword=cs2+triggerbot
cs2,triggerbot vs aimbot cs2,cs2-triggerbot,article_candidate,article_or_section,vs,editorial_expansion,Writer-proposed search phrase based on the topic; demand unverified,https://anyx.gg/ | https://undetek.com/
cs2,what is a triggerbot in cs2,cs2-triggerbot,article_candidate,article_or_section,,observed,Observed People Also Ask question in the saved Google sample. Question wording does not establish exact search volume.,https://www.google.com/search?q=cs2+triggerbot&hl=en&gl=us&pws=0
cs2,cs2 triggerbot meaning,cs2-triggerbot,article_candidate,article_or_section,,editorial_expansion,Writer-proposed search phrase based on the topic; demand unverified,https://anyx.gg/ | https://undetek.com/
cs2,cs2 triggerbot vs aim assist,cs2-triggerbot,article_candidate,article_or_section,vs,editorial_expansion,Writer-proposed search phrase based on the topic; demand unverified,https://anyx.gg/ | https://undetek.com/
cs2,cs2 esp,cs2-esp,ambiguous_research,intent_review,,observed,Exact phrase found in sampled publisher text; does not prove search volume,https://cheatix.to/information/counter-strike-2/best-cheats
cs2,cs2 esp vs wallhack,cs2-esp,article_candidate,article_or_section,vs,editorial_expansion,Writer-proposed search phrase based on the topic; demand unverified,https://anyx.gg/ | https://undetek.com/
cs2,what does esp mean in cs2,cs2-esp,article_candidate,article_or_section,,editorial_expansion,Writer-proposed search phrase based on the topic; demand unverified,https://anyx.gg/ | https://undetek.com/
cs2,cs2 radar vs esp,cs2-esp,article_candidate,article_or_section,vs,editorial_expansion,Writer-proposed search phrase based on the topic; demand unverified,https://anyx.gg/ | https://undetek.com/
cs2,cs2 wallhack meaning,cs2-esp,article_candidate,article_or_section,,editorial_expansion,Writer-proposed search phrase based on the topic; demand unverified,https://anyx.gg/ | https://undetek.com/
cs2,cs2 aimbot,cs2-aimbot,ambiguous_research,intent_review,,editorial_expansion,Writer-proposed search phrase based on the topic; demand unverified,https://anyx.gg/ | https://undetek.com/
cs2,cs2 aimbot vs aim assist,cs2-aimbot,article_candidate,section_of_cs2-triggerbot,vs,editorial_expansion,Writer-proposed search phrase based on the topic; demand unverified,https://anyx.gg/ | https://undetek.com/
cs2,what is aimbot in cs2,cs2-aimbot,article_candidate,section_of_cs2-triggerbot,,editorial_expansion,Writer-proposed search phrase based on the topic; demand unverified,https://anyx.gg/ | https://undetek.com/
cs2,cs2 aim assist meaning,cs2-aimbot,article_candidate,section_of_cs2-triggerbot,,editorial_expansion,Writer-proposed search phrase based on the topic; demand unverified,https://anyx.gg/ | https://undetek.com/
cs2,cs2 legitbot vs aimbot,cs2-aimbot,article_candidate,section_of_cs2-triggerbot,vs,editorial_expansion,Writer-proposed search phrase based on the topic; demand unverified,https://anyx.gg/ | https://undetek.com/
cs2,cs2 skin changer,cs2-skin-changer,article_candidate,article_or_section,,editorial_expansion,Writer-proposed search phrase based on the topic; demand unverified,https://anyx.gg/ | https://undetek.com/
cs2,cs2 skin changer vs real skins,cs2-skin-changer,article_candidate,article_or_section,vs,editorial_expansion,Writer-proposed search phrase based on the topic; demand unverified,https://anyx.gg/ | https://undetek.com/
cs2,can other players see skin changer cs2,cs2-skin-changer,article_candidate,article_or_section,,editorial_expansion,Writer-proposed search phrase based on the topic; demand unverified,https://anyx.gg/ | https://undetek.com/
cs2,cs2 skin changer inventory,cs2-skin-changer,article_candidate,article_or_section,,editorial_expansion,Writer-proposed search phrase based on the topic; demand unverified,https://anyx.gg/ | https://undetek.com/
cs2,cs2 skin changer vs workshop,cs2-skin-changer,article_candidate,article_or_section,vs,editorial_expansion,Writer-proposed search phrase based on the topic; demand unverified,https://anyx.gg/ | https://undetek.com/
cs2,free cs2 cheats,cs2-free-download,product_access,verified_product_or_category,free,observed,Visible US Keyword Magic suggestion; reader intent still needs its own SERP validation,https://anyx.gg/ | https://undetek.com/ | https://www.semrush.com/free-tools/keyword-search-volume-checker/?db=us&keyword=cs2+cheats | https://www.semrush.com/free-tools/keyword-tool/
cs2,free vs paid cs2 cheats,cs2-free-paid,article_candidate,article_or_section,free | paid | vs,editorial_expansion,Writer-proposed search phrase based on the topic; demand unverified,https://anyx.gg/ | https://undetek.com/
cs2,best free cs2 cheats,cs2-free-download,product_access,verified_product_or_category,free | best,editorial_expansion,Writer-proposed search phrase based on the topic; demand unverified,https://anyx.gg/ | https://undetek.com/
cs2,free cs2 cheat limitations,cs2-free-paid,article_candidate,article_or_section,free,editorial_expansion,Writer-proposed search phrase based on the topic; demand unverified,https://anyx.gg/ | https://undetek.com/
cs2,cs2 cheat free trial vs free version,cs2-free-paid,article_candidate,article_or_section,free | trial | vs,editorial_expansion,Writer-proposed search phrase based on the topic; demand unverified,https://anyx.gg/ | https://undetek.com/
cs2,best cs2 cheats,cs2-comparison,article_candidate,article_or_section,best,observed,Visible US Keyword Magic suggestion; reader intent still needs its own SERP validation,https://cs2-cheats.com/ | https://www.semrush.com/free-tools/keyword-tool/
cs2,cs2 cheat comparison,cs2-comparison,article_candidate,article_or_section,,editorial_expansion,Writer-proposed search phrase based on the topic; demand unverified,https://anyx.gg/ | https://undetek.com/
cs2,cs2 cheats review,cs2-comparison,article_candidate,article_or_section,,editorial_expansion,Writer-proposed search phrase based on the topic; demand unverified,https://anyx.gg/ | https://undetek.com/
cs2,cs2 cheat review checklist,cs2-comparison,article_candidate,article_or_section,,editorial_expansion,Writer-proposed search phrase based on the topic; demand unverified,https://anyx.gg/ | https://undetek.com/
cs2,cs2 cheats alternatives,cs2-comparison,article_candidate,article_or_section,,editorial_expansion,Writer-proposed search phrase based on the topic; demand unverified,https://anyx.gg/ | https://undetek.com/
cs2,cs2 grenade helper,cs2-grenade-helper,ambiguous_research,intent_review,,observed,Exact phrase found in sampled publisher text; does not prove search volume,https://anyx.gg/
cs2,cs2 grenade helper vs lineups,cs2-grenade-helper,article_candidate,article_or_section,vs,editorial_expansion,Writer-proposed search phrase based on the topic; demand unverified,https://anyx.gg/ | https://undetek.com/
cs2,cs2 grenade prediction feature,cs2-grenade-helper,article_candidate,article_or_section,,editorial_expansion,Writer-proposed search phrase based on the topic; demand unverified,https://anyx.gg/ | https://undetek.com/
cs2,cs2 grenade helper meaning,cs2-grenade-helper,article_candidate,article_or_section,,editorial_expansion,Writer-proposed search phrase based on the topic; demand unverified,https://anyx.gg/ | https://undetek.com/
cs2,cs2 lineup tool vs cheat,cs2-grenade-helper,article_candidate,article_or_section,vs,editorial_expansion,Writer-proposed search phrase based on the topic; demand unverified,https://anyx.gg/ | https://undetek.com/
cs2,cs2 cheat status,cs2-status,ambiguous_research,intent_review,,editorial_expansion,Writer-proposed search phrase based on the topic; demand unverified,https://anyx.gg/ | https://undetek.com/
cs2,what does updating mean cs2 cheat,cs2-status,article_candidate,section_of_cs2-comparison,,editorial_expansion,Writer-proposed search phrase based on the topic; demand unverified,https://anyx.gg/ | https://undetek.com/
cs2,cs2 cheat status unknown,cs2-status,article_candidate,section_of_cs2-comparison,,editorial_expansion,Writer-proposed search phrase based on the topic; demand unverified,https://anyx.gg/ | https://undetek.com/
cs2,cs2 cheat detected status meaning,cs2-status,article_candidate,section_of_cs2-comparison,,editorial_expansion,Writer-proposed search phrase based on the topic; demand unverified,https://anyx.gg/ | https://undetek.com/
cs2,cs2 cheat update history,cs2-status,article_candidate,section_of_cs2-comparison,,editorial_expansion,Writer-proposed search phrase based on the topic; demand unverified,https://anyx.gg/ | https://undetek.com/
cs2,cs2 cheat commands,cs2-commands,article_candidate,command_reference,,editorial_expansion,Writer-proposed search phrase based on the topic; demand unverified,https://totalcsgo.com/commands
cs2,cs2 console cheats vs hacks,cs2-commands,article_candidate,command_reference,vs,editorial_expansion,Writer-proposed search phrase based on the topic; demand unverified,https://totalcsgo.com/commands
cs2,sv cheats cs2 meaning,cs2-commands,article_candidate,command_reference,,editorial_expansion,Writer-proposed search phrase based on the topic; demand unverified,https://totalcsgo.com/commands
cs2,cs2 cheats offline vs online,cs2-commands,article_candidate,command_reference,vs,editorial_expansion,Writer-proposed search phrase based on the topic; demand unverified,https://totalcsgo.com/commands
cs2,cs2 practice commands,cs2-commands,article_candidate,command_reference,,editorial_expansion,Writer-proposed search phrase based on the topic; demand unverified,https://totalcsgo.com/commands
dota2,dota 2 scripts,dota2-scripts,ambiguous_research,intent_review,,observed,"Visible Semrush keyword output; estimated demand, not an independent Google exact count",https://dota2cheat.net/guides/ | https://dotacheats.com/ | https://www.semrush.com/free-tools/keyword-search-volume-checker/?db=us&keyword=dota+2+scripts
dota2,dota 2 scripts vs macros,dota2-scripts,article_candidate,article_or_section,vs,editorial_expansion,Writer-proposed search phrase based on the topic; demand unverified,https://uc.zone/en/dota2 | https://umbrella-dota.com/en/scripts/
dota2,dota 2 hero scripts meaning,dota2-scripts,article_candidate,article_or_section,,editorial_expansion,Writer-proposed search phrase based on the topic; demand unverified,https://uc.zone/en/dota2 | https://umbrella-dota.com/en/scripts/
dota2,dota 2 bot scripts vs cheats,dota2-scripts,article_candidate,article_or_section,vs,editorial_expansion,Writer-proposed search phrase based on the topic; demand unverified,https://uc.zone/en/dota2 | https://umbrella-dota.com/en/scripts/
dota2,what is scripting in dota 2,dota2-scripts,article_candidate,article_or_section,,editorial_expansion,Writer-proposed search phrase based on the topic; demand unverified,https://uc.zone/en/dota2 | https://umbrella-dota.com/en/scripts/
dota2,invoker scripts dota 2,dota2-invoker,article_candidate,section_of_dota2-scripts,,editorial_expansion,Writer-proposed search phrase based on the topic; demand unverified,https://uc.zone/en/dota2 | https://umbrella-dota.com/en/scripts/
dota2,dota 2 invoker script features,dota2-invoker,article_candidate,section_of_dota2-scripts,,editorial_expansion,Writer-proposed search phrase based on the topic; demand unverified,https://uc.zone/en/dota2 | https://umbrella-dota.com/en/scripts/
dota2,invoker combo script meaning,dota2-invoker,article_candidate,section_of_dota2-scripts,,editorial_expansion,Writer-proposed search phrase based on the topic; demand unverified,https://uc.zone/en/dota2 | https://umbrella-dota.com/en/scripts/
dota2,invoker scripts vs hotkeys,dota2-invoker,article_candidate,section_of_dota2-scripts,vs,editorial_expansion,Writer-proposed search phrase based on the topic; demand unverified,https://uc.zone/en/dota2 | https://umbrella-dota.com/en/scripts/
dota2,dota 2 invoker auto combo,dota2-invoker,article_candidate,section_of_dota2-scripts,,editorial_expansion,Writer-proposed search phrase based on the topic; demand unverified,https://uc.zone/en/dota2 | https://umbrella-dota.com/en/scripts/
dota2,meepo scripts dota 2,dota2-meepo,article_candidate,section_of_dota2-scripts,,editorial_expansion,Writer-proposed search phrase based on the topic; demand unverified,https://uc.zone/en/dota2 | https://umbrella-dota.com/en/scripts/
dota2,dota 2 meepo script features,dota2-meepo,article_candidate,section_of_dota2-scripts,,editorial_expansion,Writer-proposed search phrase based on the topic; demand unverified,https://uc.zone/en/dota2 | https://umbrella-dota.com/en/scripts/
dota2,meepo auto combo meaning,dota2-meepo,article_candidate,section_of_dota2-scripts,,editorial_expansion,Writer-proposed search phrase based on the topic; demand unverified,https://uc.zone/en/dota2 | https://umbrella-dota.com/en/scripts/
dota2,meepo scripts vs control groups,dota2-meepo,article_candidate,section_of_dota2-scripts,vs,editorial_expansion,Writer-proposed search phrase based on the topic; demand unverified,https://uc.zone/en/dota2 | https://umbrella-dota.com/en/scripts/
dota2,meepo automation features,dota2-meepo,article_candidate,section_of_dota2-scripts,,editorial_expansion,Writer-proposed search phrase based on the topic; demand unverified,https://uc.zone/en/dota2 | https://umbrella-dota.com/en/scripts/
dota2,dota 2 maphack,dota2-maphack,ambiguous_research,intent_review,,editorial_expansion,Writer-proposed search phrase based on the topic; demand unverified,https://uc.zone/en/dota2 | https://umbrella-dota.com/en/scripts/
dota2,dota 2 maphack vs esp,dota2-maphack,article_candidate,article_or_section,vs,editorial_expansion,Writer-proposed search phrase based on the topic; demand unverified,https://uc.zone/en/dota2 | https://umbrella-dota.com/en/scripts/
dota2,dota 2 jungle maphack meaning,dota2-maphack,article_candidate,article_or_section,,editorial_expansion,Writer-proposed search phrase based on the topic; demand unverified,https://uc.zone/en/dota2 | https://umbrella-dota.com/en/scripts/
dota2,dota 2 fog of war cheat claims,dota2-maphack,article_candidate,article_or_section,,editorial_expansion,Writer-proposed search phrase based on the topic; demand unverified,https://uc.zone/en/dota2 | https://umbrella-dota.com/en/scripts/
dota2,dota 2 vision cheat meaning,dota2-maphack,article_candidate,article_or_section,,editorial_expansion,Writer-proposed search phrase based on the topic; demand unverified,https://uc.zone/en/dota2 | https://umbrella-dota.com/en/scripts/
dota2,dota 2 ward tracker,dota2-ward-tracker,article_candidate,section_of_dota2-maphack,,editorial_expansion,Writer-proposed search phrase based on the topic; demand unverified,https://uc.zone/en/dota2 | https://umbrella-dota.com/en/scripts/
dota2,dota 2 ward tracker cheat meaning,dota2-ward-tracker,article_candidate,section_of_dota2-maphack,,editorial_expansion,Writer-proposed search phrase based on the topic; demand unverified,https://uc.zone/en/dota2 | https://umbrella-dota.com/en/scripts/
dota2,ward tracker vs ward timer dota 2,dota2-ward-tracker,article_candidate,section_of_dota2-maphack,vs,editorial_expansion,Writer-proposed search phrase based on the topic; demand unverified,https://uc.zone/en/dota2 | https://umbrella-dota.com/en/scripts/
dota2,dota 2 ward esp,dota2-ward-tracker,article_candidate,section_of_dota2-maphack,,editorial_expansion,Writer-proposed search phrase based on the topic; demand unverified,https://uc.zone/en/dota2 | https://umbrella-dota.com/en/scripts/
dota2,dota 2 enemy ward tracker,dota2-ward-tracker,article_candidate,section_of_dota2-maphack,,editorial_expansion,Writer-proposed search phrase based on the topic; demand unverified,https://uc.zone/en/dota2 | https://umbrella-dota.com/en/scripts/
dota2,dota 2 roshan timer,dota2-roshan,article_candidate,section_of_dota2-maphack,,editorial_expansion,Writer-proposed search phrase based on the topic; demand unverified,https://uc.zone/en/dota2 | https://umbrella-dota.com/en/scripts/
dota2,dota 2 roshan esp,dota2-roshan,article_candidate,section_of_dota2-maphack,,editorial_expansion,Writer-proposed search phrase based on the topic; demand unverified,https://uc.zone/en/dota2 | https://umbrella-dota.com/en/scripts/
dota2,roshan timer vs esp dota 2,dota2-roshan,article_candidate,section_of_dota2-maphack,vs,editorial_expansion,Writer-proposed search phrase based on the topic; demand unverified,https://uc.zone/en/dota2 | https://umbrella-dota.com/en/scripts/
dota2,dota 2 roshan tracker,dota2-roshan,article_candidate,section_of_dota2-maphack,,editorial_expansion,Writer-proposed search phrase based on the topic; demand unverified,https://uc.zone/en/dota2 | https://umbrella-dota.com/en/scripts/
dota2,dota 2 roshan cheat feature,dota2-roshan,article_candidate,section_of_dota2-maphack,,editorial_expansion,Writer-proposed search phrase based on the topic; demand unverified,https://uc.zone/en/dota2 | https://umbrella-dota.com/en/scripts/
dota2,dota 2 teleport preview,dota2-teleport,ambiguous_research,intent_review,,editorial_expansion,Writer-proposed search phrase based on the topic; demand unverified,https://uc.zone/en/dota2 | https://umbrella-dota.com/en/scripts/
dota2,dota 2 teleport tracker,dota2-teleport,article_candidate,section_of_dota2-maphack,,editorial_expansion,Writer-proposed search phrase based on the topic; demand unverified,https://uc.zone/en/dota2 | https://umbrella-dota.com/en/scripts/
dota2,dota 2 tp preview cheat,dota2-teleport,article_candidate,section_of_dota2-maphack,,editorial_expansion,Writer-proposed search phrase based on the topic; demand unverified,https://uc.zone/en/dota2 | https://umbrella-dota.com/en/scripts/
dota2,dota 2 teleport esp,dota2-teleport,article_candidate,section_of_dota2-maphack,,editorial_expansion,Writer-proposed search phrase based on the topic; demand unverified,https://uc.zone/en/dota2 | https://umbrella-dota.com/en/scripts/
dota2,teleport preview meaning dota 2,dota2-teleport,article_candidate,section_of_dota2-maphack,,editorial_expansion,Writer-proposed search phrase based on the topic; demand unverified,https://uc.zone/en/dota2 | https://umbrella-dota.com/en/scripts/
dota2,dota 2 auto dodge,dota2-auto-dodge,article_candidate,article_or_section,,editorial_expansion,Writer-proposed search phrase based on the topic; demand unverified,https://uc.zone/en/dota2 | https://umbrella-dota.com/en/scripts/
dota2,dota 2 auto dodge script meaning,dota2-auto-dodge,article_candidate,article_or_section,,editorial_expansion,Writer-proposed search phrase based on the topic; demand unverified,https://uc.zone/en/dota2 | https://umbrella-dota.com/en/scripts/
dota2,auto dodge vs manual dodge dota 2,dota2-auto-dodge,article_candidate,article_or_section,vs,editorial_expansion,Writer-proposed search phrase based on the topic; demand unverified,https://uc.zone/en/dota2 | https://umbrella-dota.com/en/scripts/
dota2,dota 2 skillshot dodge script,dota2-auto-dodge,article_candidate,article_or_section,,editorial_expansion,Writer-proposed search phrase based on the topic; demand unverified,https://uc.zone/en/dota2 | https://umbrella-dota.com/en/scripts/
dota2,dota 2 dodger feature,dota2-auto-dodge,article_candidate,article_or_section,,editorial_expansion,Writer-proposed search phrase based on the topic; demand unverified,https://uc.zone/en/dota2 | https://umbrella-dota.com/en/scripts/
dota2,dota 2 skin changer,dota2-skin-changer,ambiguous_research,intent_review,,observed,Exact phrase found in sampled publisher text; does not prove search volume,https://dotacheats.com/
dota2,dota 2 skin changer vs real items,dota2-skin-changer,article_candidate,article_or_section,vs,editorial_expansion,Writer-proposed search phrase based on the topic; demand unverified,https://uc.zone/en/dota2 | https://umbrella-dota.com/en/scripts/
dota2,can others see dota 2 skin changer,dota2-skin-changer,article_candidate,article_or_section,,editorial_expansion,Writer-proposed search phrase based on the topic; demand unverified,https://uc.zone/en/dota2 | https://umbrella-dota.com/en/scripts/
dota2,dota 2 cosmetic changer,dota2-skin-changer,article_candidate,article_or_section,,editorial_expansion,Writer-proposed search phrase based on the topic; demand unverified,https://uc.zone/en/dota2 | https://umbrella-dota.com/en/scripts/
dota2,dota 2 skin changer inventory,dota2-skin-changer,article_candidate,article_or_section,,editorial_expansion,Writer-proposed search phrase based on the topic; demand unverified,https://uc.zone/en/dota2 | https://umbrella-dota.com/en/scripts/
dota2,dota 2 cheats comparison,dota2-comparison,article_candidate,article_or_section,,editorial_expansion,Writer-proposed search phrase based on the topic; demand unverified,https://uc.zone/en/dota2 | https://umbrella-dota.com/en/scripts/
dota2,melonity vs umbrella,dota2-comparison,article_candidate,article_or_section,vs,editorial_expansion,Writer-proposed search phrase based on the topic; demand unverified,https://uc.zone/en/dota2 | https://umbrella-dota.com/en/scripts/
dota2,melonity vs octarine,dota2-comparison,article_candidate,article_or_section,vs,editorial_expansion,Writer-proposed search phrase based on the topic; demand unverified,https://uc.zone/en/dota2 | https://umbrella-dota.com/en/scripts/
dota2,dota 2 scripts comparison,dota2-comparison,article_candidate,article_or_section,,editorial_expansion,Writer-proposed search phrase based on the topic; demand unverified,https://uc.zone/en/dota2 | https://umbrella-dota.com/en/scripts/
dota2,dota 2 cheat review checklist,dota2-comparison,article_candidate,article_or_section,,editorial_expansion,Writer-proposed search phrase based on the topic; demand unverified,https://uc.zone/en/dota2 | https://umbrella-dota.com/en/scripts/
dota2,dota 2 auto last hit,dota2-auto-last-hit,article_candidate,section_of_dota2-scripts,,editorial_expansion,Writer-proposed search phrase based on the topic; demand unverified,https://uc.zone/en/dota2 | https://umbrella-dota.com/en/scripts/
dota2,dota 2 last hit script,dota2-auto-last-hit,article_candidate,section_of_dota2-scripts,,editorial_expansion,Writer-proposed search phrase based on the topic; demand unverified,https://uc.zone/en/dota2 | https://umbrella-dota.com/en/scripts/
dota2,dota 2 auto deny script,dota2-auto-last-hit,article_candidate,section_of_dota2-scripts,,editorial_expansion,Writer-proposed search phrase based on the topic; demand unverified,https://uc.zone/en/dota2 | https://umbrella-dota.com/en/scripts/
dota2,auto last hit vs manual dota 2,dota2-auto-last-hit,article_candidate,section_of_dota2-scripts,vs,editorial_expansion,Writer-proposed search phrase based on the topic; demand unverified,https://uc.zone/en/dota2 | https://umbrella-dota.com/en/scripts/
dota2,dota 2 farming scripts meaning,dota2-auto-last-hit,article_candidate,section_of_dota2-scripts,,editorial_expansion,Writer-proposed search phrase based on the topic; demand unverified,https://uc.zone/en/dota2 | https://umbrella-dota.com/en/scripts/
dota2,dota 2 cheat commands,dota2-commands,article_candidate,command_reference,,editorial_expansion,Writer-proposed search phrase based on the topic; demand unverified,https://dota2.fandom.com/wiki/Cheats
dota2,dota 2 lobby cheats vs scripts,dota2-commands,article_candidate,command_reference,vs,editorial_expansion,Writer-proposed search phrase based on the topic; demand unverified,https://dota2.fandom.com/wiki/Cheats
dota2,dota 2 console cheat codes,dota2-commands,article_candidate,command_reference,,editorial_expansion,Writer-proposed search phrase based on the topic; demand unverified,https://dota2.fandom.com/wiki/Cheats
dota2,dota 2 cheats custom lobby,dota2-commands,article_candidate,command_reference,,editorial_expansion,Writer-proposed search phrase based on the topic; demand unverified,https://dota2.fandom.com/wiki/Cheats
dota2,dota 2 cheats meaning,dota2-commands,article_candidate,command_reference,,editorial_expansion,Writer-proposed search phrase based on the topic; demand unverified,https://dota2.fandom.com/wiki/Cheats
deadlock,deadlock auto parry,deadlock-auto-parry,ambiguous_research,intent_review,,editorial_expansion,Writer-proposed search phrase based on the topic; demand unverified,https://avalan.cc/ | https://uc.zone/en/deadlock
deadlock,deadlock auto parry cheat,deadlock-auto-parry,article_candidate,article_or_section,,observed,Visible US Keyword Magic suggestion; reader intent still needs its own SERP validation,https://avalan.cc/ | https://uc.zone/en/deadlock | https://www.semrush.com/free-tools/keyword-tool/
deadlock,deadlock auto parry meaning,deadlock-auto-parry,article_candidate,article_or_section,,editorial_expansion,Writer-proposed search phrase based on the topic; demand unverified,https://avalan.cc/ | https://uc.zone/en/deadlock
deadlock,deadlock auto parry vs manual,deadlock-auto-parry,article_candidate,article_or_section,vs,editorial_expansion,Writer-proposed search phrase based on the topic; demand unverified,https://avalan.cc/ | https://uc.zone/en/deadlock
deadlock,deadlock parry script,deadlock-auto-parry,article_candidate,article_or_section,,editorial_expansion,Writer-proposed search phrase based on the topic; demand unverified,https://avalan.cc/ | https://uc.zone/en/deadlock
deadlock,deadlock souls aimbot,deadlock-souls,article_candidate,article_or_section,,editorial_expansion,Writer-proposed search phrase based on the topic; demand unverified,https://avalan.cc/ | https://uc.zone/en/deadlock
deadlock,deadlock soul aimbot,deadlock-souls,article_candidate,article_or_section,,editorial_expansion,Writer-proposed search phrase based on the topic; demand unverified,https://avalan.cc/ | https://uc.zone/en/deadlock
deadlock,deadlock auto secure souls,deadlock-souls,article_candidate,article_or_section,,editorial_expansion,Writer-proposed search phrase based on the topic; demand unverified,https://avalan.cc/ | https://uc.zone/en/deadlock
deadlock,deadlock soul deny cheat,deadlock-souls,article_candidate,article_or_section,,editorial_expansion,Writer-proposed search phrase based on the topic; demand unverified,https://avalan.cc/ | https://uc.zone/en/deadlock
deadlock,deadlock souls aimbot vs player aimbot,deadlock-souls,article_candidate,article_or_section,vs,editorial_expansion,Writer-proposed search phrase based on the topic; demand unverified,https://avalan.cc/ | https://uc.zone/en/deadlock
deadlock,deadlock esp,deadlock-esp,ambiguous_research,intent_review,,observed,Exact phrase found in sampled publisher text; does not prove search volume,https://avalan.cc/ | https://forgecheats.com/en/game/deadlock/
deadlock,deadlock esp vs wallhack,deadlock-esp,article_candidate,section_of_deadlock-hub,vs,editorial_expansion,Writer-proposed search phrase based on the topic; demand unverified,https://avalan.cc/ | https://uc.zone/en/deadlock
deadlock,deadlock radar cheat meaning,deadlock-esp,article_candidate,section_of_deadlock-hub,,editorial_expansion,Writer-proposed search phrase based on the topic; demand unverified,https://avalan.cc/ | https://uc.zone/en/deadlock
deadlock,what is esp in deadlock,deadlock-esp,article_candidate,section_of_deadlock-hub,,editorial_expansion,Writer-proposed search phrase based on the topic; demand unverified,https://avalan.cc/ | https://uc.zone/en/deadlock
deadlock,deadlock enemy visibility cheat,deadlock-esp,article_candidate,section_of_deadlock-hub,,editorial_expansion,Writer-proposed search phrase based on the topic; demand unverified,https://avalan.cc/ | https://uc.zone/en/deadlock
deadlock,deadlock aimbot,deadlock-aimbot,ambiguous_research,intent_review,,observed,Exact phrase found in sampled publisher text; does not prove search volume,https://avalan.cc/
deadlock,deadlock aimbot vs aim assist,deadlock-aimbot,article_candidate,section_of_deadlock-souls,vs,editorial_expansion,Writer-proposed search phrase based on the topic; demand unverified,https://avalan.cc/ | https://uc.zone/en/deadlock
deadlock,deadlock projectile aimbot,deadlock-aimbot,article_candidate,section_of_deadlock-souls,,editorial_expansion,Writer-proposed search phrase based on the topic; demand unverified,https://avalan.cc/ | https://uc.zone/en/deadlock
deadlock,deadlock aim assist cheat meaning,deadlock-aimbot,article_candidate,section_of_deadlock-souls,,editorial_expansion,Writer-proposed search phrase based on the topic; demand unverified,https://avalan.cc/ | https://uc.zone/en/deadlock
deadlock,deadlock player aimbot vs soul aimbot,deadlock-aimbot,article_candidate,section_of_deadlock-souls,vs,editorial_expansion,Writer-proposed search phrase based on the topic; demand unverified,https://avalan.cc/ | https://uc.zone/en/deadlock
deadlock,deadlock fov changer,deadlock-fov,article_candidate,section_of_deadlock-souls,,editorial_expansion,Writer-proposed search phrase based on the topic; demand unverified,https://avalan.cc/ | https://uc.zone/en/deadlock
deadlock,deadlock fov changer cheat,deadlock-fov,article_candidate,section_of_deadlock-souls,,editorial_expansion,Writer-proposed search phrase based on the topic; demand unverified,https://avalan.cc/ | https://uc.zone/en/deadlock
deadlock,deadlock camera fov vs aimbot fov,deadlock-fov,article_candidate,section_of_deadlock-souls,vs,editorial_expansion,Writer-proposed search phrase based on the topic; demand unverified,https://avalan.cc/ | https://uc.zone/en/deadlock
deadlock,deadlock fov meaning,deadlock-fov,article_candidate,section_of_deadlock-souls,,editorial_expansion,Writer-proposed search phrase based on the topic; demand unverified,https://avalan.cc/ | https://uc.zone/en/deadlock
deadlock,deadlock fov changer vs settings,deadlock-fov,article_candidate,section_of_deadlock-souls,vs,editorial_expansion,Writer-proposed search phrase based on the topic; demand unverified,https://avalan.cc/ | https://uc.zone/en/deadlock
deadlock,deadlock hero combos cheat,deadlock-combos,ambiguous_research,intent_review,,editorial_expansion,Writer-proposed search phrase based on the topic; demand unverified,https://avalan.cc/ | https://uc.zone/en/deadlock
deadlock,deadlock auto combo meaning,deadlock-combos,article_candidate,section_of_deadlock-hub,,editorial_expansion,Writer-proposed search phrase based on the topic; demand unverified,https://avalan.cc/ | https://uc.zone/en/deadlock
deadlock,deadlock hero scripts,deadlock-combos,article_candidate,section_of_deadlock-hub,,editorial_expansion,Writer-proposed search phrase based on the topic; demand unverified,https://avalan.cc/ | https://uc.zone/en/deadlock
deadlock,deadlock combo script features,deadlock-combos,article_candidate,section_of_deadlock-hub,,editorial_expansion,Writer-proposed search phrase based on the topic; demand unverified,https://avalan.cc/ | https://uc.zone/en/deadlock
deadlock,deadlock auto combo vs manual,deadlock-combos,article_candidate,section_of_deadlock-hub,vs,editorial_expansion,Writer-proposed search phrase based on the topic; demand unverified,https://avalan.cc/ | https://uc.zone/en/deadlock
deadlock,deadlock dodger,deadlock-dodger,ambiguous_research,intent_review,,editorial_expansion,Writer-proposed search phrase based on the topic; demand unverified,https://avalan.cc/ | https://uc.zone/en/deadlock
deadlock,deadlock auto dodge,deadlock-dodger,article_candidate,section_of_deadlock-hub,,editorial_expansion,Writer-proposed search phrase based on the topic; demand unverified,https://avalan.cc/ | https://uc.zone/en/deadlock
deadlock,deadlock auto dodge cheat meaning,deadlock-dodger,article_candidate,section_of_deadlock-hub,,editorial_expansion,Writer-proposed search phrase based on the topic; demand unverified,https://avalan.cc/ | https://uc.zone/en/deadlock
deadlock,deadlock dodger vs manual dodge,deadlock-dodger,article_candidate,section_of_deadlock-hub,vs,editorial_expansion,Writer-proposed search phrase based on the topic; demand unverified,https://avalan.cc/ | https://uc.zone/en/deadlock
deadlock,deadlock skillshot dodge script,deadlock-dodger,article_candidate,section_of_deadlock-hub,,editorial_expansion,Writer-proposed search phrase based on the topic; demand unverified,https://avalan.cc/ | https://uc.zone/en/deadlock
deadlock,deadlock cheats comparison,deadlock-comparison,article_candidate,article_or_section,,editorial_expansion,Writer-proposed search phrase based on the topic; demand unverified,https://avalan.cc/ | https://uc.zone/en/deadlock
deadlock,best deadlock cheats,deadlock-comparison,article_candidate,article_or_section,best,editorial_expansion,Writer-proposed search phrase based on the topic; demand unverified,https://avalan.cc/ | https://uc.zone/en/deadlock
deadlock,deadlock cheat feature comparison,deadlock-comparison,article_candidate,article_or_section,,editorial_expansion,Writer-proposed search phrase based on the topic; demand unverified,https://avalan.cc/ | https://uc.zone/en/deadlock
deadlock,cluster vs avalanche deadlock,deadlock-comparison,article_candidate,article_or_section,vs,editorial_expansion,Writer-proposed search phrase based on the topic; demand unverified,https://avalan.cc/ | https://uc.zone/en/deadlock
deadlock,deadlock cheat review checklist,deadlock-comparison,article_candidate,article_or_section,,editorial_expansion,Writer-proposed search phrase based on the topic; demand unverified,https://avalan.cc/ | https://uc.zone/en/deadlock
deadlock,free deadlock cheats,deadlock-free-download,product_access,verified_product_or_category,free,observed,"Exact normalized phrase found in captured publisher title, description or selected body; publisher wording is not demand, accuracy or availability evidence.",https://avalan.cc/ | https://cheater.fun/deadlock_cheats/ | https://uc.zone/en/deadlock
deadlock,deadlock cheat free trial,deadlock-trial,product_access,verified_product_or_category,free | trial,editorial_expansion,Writer-proposed search phrase based on the topic; demand unverified,https://avalan.cc/ | https://uc.zone/en/deadlock
deadlock,free vs paid deadlock cheats,deadlock-trial,article_candidate,section_of_deadlock-comparison,free | paid | vs,editorial_expansion,Writer-proposed search phrase based on the topic; demand unverified,https://avalan.cc/ | https://uc.zone/en/deadlock
deadlock,deadlock free cheat limitations,deadlock-trial,article_candidate,section_of_deadlock-comparison,free,editorial_expansion,Writer-proposed search phrase based on the topic; demand unverified,https://avalan.cc/ | https://uc.zone/en/deadlock
deadlock,deadlock cheat subscription comparison,deadlock-trial,article_candidate,section_of_deadlock-comparison,,editorial_expansion,Writer-proposed search phrase based on the topic; demand unverified,https://avalan.cc/ | https://uc.zone/en/deadlock
deadlock,deadlock cheat commands,deadlock-commands,article_candidate,command_reference,,observed,Visible US Keyword Magic suggestion; reader intent still needs its own SERP validation,https://deadlock.wiki/Console_commands | https://www.semrush.com/free-tools/keyword-tool/
deadlock,deadlock console commands vs cheats,deadlock-commands,article_candidate,command_reference,vs,editorial_expansion,Writer-proposed search phrase based on the topic; demand unverified,https://deadlock.wiki/Console_commands
deadlock,deadlock sandbox cheats,deadlock-commands,article_candidate,command_reference,,editorial_expansion,Writer-proposed search phrase based on the topic; demand unverified,https://deadlock.wiki/Console_commands
deadlock,deadlock valve cheats vs planetary conquest,deadlock-commands,article_candidate,command_reference,vs,editorial_expansion,Writer-proposed search phrase based on the topic; demand unverified,https://deadlock.wiki/Console_commands
deadlock,deadlock cheat codes meaning,deadlock-commands,article_candidate,command_reference,,editorial_expansion,Writer-proposed search phrase based on the topic; demand unverified,https://deadlock.wiki/Console_commands
cs2,cs2 cheats,cs2-hub,product_access,verified_product_or_category,,observed,Visible US Keyword Magic suggestion; reader intent still needs its own SERP validation,https://anyx.gg/ | https://cs2-cheats.com/ | https://www.semrush.com/free-tools/keyword-search-volume-checker/?db=us&keyword=cs2+cheats | https://www.semrush.com/free-tools/keyword-tool/
dota2,dota 2 cheats,dota2-hub,product_access,verified_product_or_category,,observed,Visible US Keyword Magic suggestion; reader intent still needs its own SERP validation,https://uc.zone/en/dota2 | https://www.semrush.com/free-tools/keyword-search-volume-checker/?db=us&keyword=dota+2+cheats | https://www.semrush.com/free-tools/keyword-tool/
deadlock,deadlock cheats,deadlock-hub,product_access,verified_product_or_category,,observed,Visible US Keyword Magic suggestion; reader intent still needs its own SERP validation,https://uc.zone/en/deadlock | https://www.semrush.com/free-tools/keyword-search-volume-checker/?db=us&keyword=deadlock+cheats | https://www.semrush.com/free-tools/keyword-tool/
cs2,Is triggerbot cheating?,cs2-triggerbot,article_candidate,article_or_section,,observed,Observed People Also Ask question in the saved Google sample. Question wording does not establish exact search volume.,https://www.google.com/search?q=cs2+triggerbot&hl=en&gl=us&pws=0
cs2,What's the difference between aimbot and triggerbot?,cs2-triggerbot,article_candidate,article_or_section,,observed,Observed People Also Ask question in the saved Google sample. Question wording does not establish exact search volume.,https://www.google.com/search?q=cs2+triggerbot&hl=en&gl=us&pws=0
cs2,Does CS2 detect external cheats?,cs2-external,article_candidate,article_or_section,,observed,Observed People Also Ask question in the saved Google sample. Question wording does not establish exact search volume.,https://www.google.com/search?q=cs2+external+cheats&hl=en&gl=us&pws=0
dota2,Is scripting allowed in Dota 2?,dota2-scripts,article_candidate,article_or_section,,observed,Observed People Also Ask question in the saved Google sample. Question wording does not establish exact search volume.,https://www.google.com/search?q=dota+2+scripts&hl=en&gl=us&pws=0
dota2,Is scripting in a game cheating?,dota2-scripts,article_candidate,article_or_section,,observed,Observed People Also Ask question in the saved Google sample. Question wording does not establish exact search volume.,https://www.google.com/search?q=dota+2+scripts&hl=en&gl=us&pws=0
deadlock,Is there auto parry in Deadlock?,deadlock-auto-parry,article_candidate,article_or_section,,observed,Observed People Also Ask question in the saved Google sample. Question wording does not establish exact search volume.,https://www.google.com/search?q=deadlock+auto+parry&hl=en&gl=us&pws=0
deadlock,How does parry work in Deadlock?,deadlock-auto-parry,article_candidate,article_or_section,,observed,Observed People Also Ask question in the saved Google sample. Question wording does not establish exact search volume.,https://www.google.com/search?q=deadlock+auto+parry&hl=en&gl=us&pws=0
deadlock,Does Unstoppable stop parry Deadlock?,deadlock-auto-parry,article_candidate,article_or_section,,observed,Observed People Also Ask question in the saved Google sample. Question wording does not establish exact search volume.,https://www.google.com/search?q=deadlock+auto+parry&hl=en&gl=us&pws=0
deadlock,How to train parry Deadlock?,deadlock-auto-parry,article_candidate,article_or_section,,observed,Observed People Also Ask question in the saved Google sample. Question wording does not establish exact search volume.,https://www.google.com/search?q=deadlock+auto+parry&hl=en&gl=us&pws=0
deadlock,deadlock cheat,deadlock-hub,product_access,verified_product_or_category,,observed,Visible US Keyword Magic suggestion; reader intent still needs its own SERP validation,https://www.semrush.com/free-tools/keyword-search-volume-checker/?db=us&keyword=deadlock+cheats | https://www.semrush.com/free-tools/keyword-tool/
deadlock,is there a parry cheat in deadlock,deadlock-auto-parry,article_candidate,article_or_section,,observed,Visible US Keyword Magic suggestion; reader intent still needs its own SERP validation,https://www.semrush.com/free-tools/keyword-search-volume-checker/?db=us&keyword=deadlock+cheats | https://www.semrush.com/free-tools/keyword-tool/
cs2,cs2 cheat,cs2-hub,product_access,verified_product_or_category,,observed,Visible US Keyword Magic suggestion; reader intent still needs its own SERP validation,https://www.semrush.com/free-tools/keyword-search-volume-checker/?db=us&keyword=cs2+cheats | https://www.semrush.com/free-tools/keyword-tool/
cs2,midnight cs2 cheat,cs2-comparison,article_candidate,article_or_section,,observed,Visible US Keyword Magic suggestion; reader intent still needs its own SERP validation,https://www.semrush.com/free-tools/keyword-search-volume-checker/?db=us&keyword=cs2+cheats | https://www.semrush.com/free-tools/keyword-tool/
dota2,cheat dota 2,dota2-hub,product_access,verified_product_or_category,,observed,Visible US Keyword Magic suggestion; reader intent still needs its own SERP validation,https://www.semrush.com/free-tools/keyword-search-volume-checker/?db=us&keyword=dota+2+cheats | https://www.semrush.com/free-tools/keyword-tool/
dota2,cheat code dota 2,dota2-commands,article_candidate,command_reference,,observed,Visible US Keyword Magic suggestion; reader intent still needs its own SERP validation,https://www.semrush.com/free-tools/keyword-search-volume-checker/?db=us&keyword=dota+2+cheats | https://www.semrush.com/free-tools/keyword-tool/
cs2,triggerbot cs2,cs2-triggerbot,article_candidate,article_or_section,,observed,"Visible Semrush keyword output; estimated demand, not an independent Google exact count",https://www.semrush.com/free-tools/keyword-search-volume-checker/?db=us&keyword=cs2+triggerbot
cs2,cs2 cheats free,cs2-free-download,product_access,verified_product_or_category,free,observed,Visible US Keyword Magic suggestion; reader intent still needs its own SERP validation,https://www.semrush.com/free-tools/keyword-tool/
cs2,fatality cs2 cheat,cs2-comparison,article_candidate,article_or_section,,observed,Visible US Keyword Magic suggestion; reader intent still needs its own SERP validation,https://www.semrush.com/free-tools/keyword-tool/
cs2,pellix cs2 cheat,cs2-comparison,article_candidate,article_or_section,,observed,Visible US Keyword Magic suggestion; reader intent still needs its own SERP validation,https://www.semrush.com/free-tools/keyword-tool/
cs2,cs2 anti cheat,cs2-hub,product_access,verified_product_or_category,,observed,Visible US Keyword Magic suggestion; reader intent still needs its own SERP validation,https://www.semrush.com/free-tools/keyword-tool/
cs2,cs2 free cheats,cs2-free-download,product_access,verified_product_or_category,free,observed,Visible US Keyword Magic suggestion; reader intent still needs its own SERP validation,https://www.semrush.com/free-tools/keyword-tool/
cs2,orbit cs2 cheat,cs2-comparison,article_candidate,article_or_section,,observed,Visible US Keyword Magic suggestion; reader intent still needs its own SERP validation,https://www.semrush.com/free-tools/keyword-tool/
dota2,cheat dota 2 bot,dota2-commands,article_candidate,command_reference,,observed,Visible US Keyword Magic suggestion; reader intent still needs its own SERP validation,https://www.semrush.com/free-tools/keyword-tool/
dota2,cheat dota 2 gold,dota2-commands,article_candidate,command_reference,,observed,Visible US Keyword Magic suggestion; reader intent still needs its own SERP validation,https://www.semrush.com/free-tools/keyword-tool/
dota2,cheat dota 2 lobby,dota2-commands,article_candidate,command_reference,,observed,Visible US Keyword Magic suggestion; reader intent still needs its own SERP validation,https://www.semrush.com/free-tools/keyword-tool/
dota2,cheat lobby dota 2,dota2-commands,article_candidate,command_reference,,observed,Visible US Keyword Magic suggestion; reader intent still needs its own SERP validation,https://www.semrush.com/free-tools/keyword-tool/
dota2,cheat money dota 2,dota2-commands,article_candidate,command_reference,,observed,Visible US Keyword Magic suggestion; reader intent still needs its own SERP validation,https://www.semrush.com/free-tools/keyword-tool/
dota2,cheating in dota 2,dota2-hub,product_access,verified_product_or_category,,observed,Visible US Keyword Magic suggestion; reader intent still needs its own SERP validation,https://www.semrush.com/free-tools/keyword-tool/
dota2,cheats dota 2 lobby,dota2-commands,article_candidate,command_reference,,observed,Visible US Keyword Magic suggestion; reader intent still needs its own SERP validation,https://www.semrush.com/free-tools/keyword-tool/
dota2,cheats on dota 2,dota2-hub,product_access,verified_product_or_category,,observed,Visible US Keyword Magic suggestion; reader intent still needs its own SERP validation,https://www.semrush.com/free-tools/keyword-tool/
dota2,dota 2 anti cheat,dota2-hub,product_access,verified_product_or_category,,observed,Visible US Keyword Magic suggestion; reader intent still needs its own SERP validation,https://www.semrush.com/free-tools/keyword-tool/
dota2,dota 2 bot cheats,dota2-commands,article_candidate,command_reference,,observed,Visible US Keyword Magic suggestion; reader intent still needs its own SERP validation,https://www.semrush.com/free-tools/keyword-tool/
deadlock,deadlock frog cheater,deadlock-hub,product_access,verified_product_or_category,,observed,Visible US Keyword Magic suggestion; reader intent still needs its own SERP validation,https://www.semrush.com/free-tools/keyword-tool/
deadlock,deadlock cheating problem,deadlock-hub,product_access,verified_product_or_category,,observed,Visible US Keyword Magic suggestion; reader intent still needs its own SERP validation,https://www.semrush.com/free-tools/keyword-tool/
dota2,dota 2 ward tracker cheat,dota2-ward-tracker,article_candidate,section_of_dota2-maphack,,editorial_expansion,Editor-proposed query checked in Google; executing a search does not independently establish user demand. See raw/google-feature-intents.json.,
deadlock,deadlock aimbot fov,deadlock-fov,article_candidate,section_of_deadlock-souls,,editorial_expansion,Editor-proposed query checked in Google; executing a search does not independently establish user demand. See raw/google-feature-intents.json.,
deadlock,deadlock soul triggerbot,deadlock-souls,article_candidate,article_or_section,,editorial_expansion,Editor-proposed query checked in Google; searching it does not establish measured demand. A product feature label is not a volume estimate.,
deadlock,deadlock auto parry cheats,deadlock-auto-parry,product_access,verified_product_or_category,,observed,"Visible non-history autocomplete label; signed-in session, location unknown. No volume inferred. See raw/google-acquisition-observations.json.",https://www.google.com/search?q=deadlock+auto+parry&hl=en&gl=us&pws=0
deadlock,deadlock auto parry hack,deadlock-auto-parry,product_access,verified_product_or_category,,observed,"Visible non-history autocomplete label; signed-in session, location unknown. No volume inferred. See raw/google-acquisition-observations.json.",https://www.google.com/search?q=deadlock+auto+parry&hl=en&gl=us&pws=0
deadlock,deadlock auto parry script,deadlock-auto-parry,product_access,verified_product_or_category,,observed,"Visible non-history autocomplete label; signed-in session, location unknown. No volume inferred. See raw/google-acquisition-observations.json.",https://www.google.com/search?q=deadlock+auto+parry&hl=en&gl=us&pws=0
deadlock,deadlock autoparry cheat,deadlock-auto-parry,product_access,verified_product_or_category,,editorial_expansion,Manually proposed variant; demand and synonym grouping remain unverified.,
deadlock,deadlock auto parry cheat free,deadlock-auto-parry,product_access,verified_product_or_category,free,editorial_expansion,Manually proposed variant; demand and synonym grouping remain unverified.,
deadlock,free deadlock auto parry,deadlock-auto-parry,product_access,verified_product_or_category,free,editorial_expansion,Manually proposed variant; demand and synonym grouping remain unverified.,
deadlock,deadlock auto parry download,deadlock-auto-parry,product_access,verified_product_or_category,download,editorial_expansion,Manually proposed variant; demand and synonym grouping remain unverified.,
deadlock,deadlock auto parry mod,deadlock-auto-parry,product_access,verified_product_or_category,,observed,"Visible non-history autocomplete label; signed-in session, location unknown. No volume inferred. See raw/google-acquisition-observations.json.",https://www.google.com/search?q=deadlock+auto+parry&hl=en&gl=us&pws=0
deadlock,deadlock auto block cheat,deadlock-auto-parry,product_access,verified_product_or_category,,editorial_expansion,Manually proposed variant; demand and synonym grouping remain unverified.,
deadlock,deadlock melee parry cheat,deadlock-auto-parry,product_access,verified_product_or_category,,editorial_expansion,Manually proposed variant; demand and synonym grouping remain unverified.,
deadlock,deadlock parry hack,deadlock-auto-parry,product_access,verified_product_or_category,,editorial_expansion,Manually proposed variant; demand and synonym grouping remain unverified.,
deadlock,deadlock auto parry light melee,deadlock-auto-parry,ambiguous_research,intent_review,,observed,"Visible non-history autocomplete label; signed-in session, location unknown. No volume inferred. See raw/google-acquisition-observations.json.",https://www.google.com/search?q=deadlock+auto+parry&hl=en&gl=us&pws=0
deadlock,deadlock auto parry vs auto block,deadlock-auto-parry,article_candidate,article_or_section,vs,editorial_expansion,Manually proposed variant; demand and synonym grouping remain unverified.,
deadlock,deadlock soul aimbot cheat,deadlock-souls,product_access,verified_product_or_category,,editorial_expansion,Manually proposed variant; demand and synonym grouping remain unverified.,
deadlock,deadlock soul aimbot free,deadlock-souls,product_access,verified_product_or_category,free,editorial_expansion,Manually proposed variant; demand and synonym grouping remain unverified.,
deadlock,deadlock soul aimbot download,deadlock-souls,product_access,verified_product_or_category,download,editorial_expansion,Manually proposed variant; demand and synonym grouping remain unverified.,
deadlock,deadlock soul triggerbot free,deadlock-souls,product_access,verified_product_or_category,free,editorial_expansion,Manually proposed variant; demand and synonym grouping remain unverified.,
deadlock,deadlock auto soul secure,deadlock-souls,product_access,verified_product_or_category,,editorial_expansion,Manually proposed variant; demand and synonym grouping remain unverified.,
deadlock,deadlock auto deny cheat,deadlock-souls,product_access,verified_product_or_category,,editorial_expansion,Manually proposed variant; demand and synonym grouping remain unverified.,
deadlock,deadlock soul orb aimbot,deadlock-souls,product_access,verified_product_or_category,,editorial_expansion,Manually proposed variant; demand and synonym grouping remain unverified.,
deadlock,deadlock soul esp cheat,deadlock-souls,product_access,verified_product_or_category,,editorial_expansion,Manually proposed variant; demand and synonym grouping remain unverified.,
deadlock,deadlock soul triggerbot vs aimbot,deadlock-souls,article_candidate,article_or_section,vs,editorial_expansion,Manually proposed variant; demand and synonym grouping remain unverified.,
deadlock,deadlock auto last hit cheat,deadlock-souls,product_access,verified_product_or_category,,editorial_expansion,Manually proposed variant; demand and synonym grouping remain unverified.,
deadlock,deadlock wallhack,deadlock-esp,product_access,verified_product_or_category,,editorial_expansion,Manually proposed variant; demand and synonym grouping remain unverified.,
deadlock,deadlock wallhack cheat,deadlock-esp,product_access,verified_product_or_category,,editorial_expansion,Manually proposed variant; demand and synonym grouping remain unverified.,
deadlock,deadlock wallhack free,deadlock-esp,product_access,verified_product_or_category,free,editorial_expansion,Manually proposed variant; demand and synonym grouping remain unverified.,
deadlock,deadlock esp hack,deadlock-esp,product_access,verified_product_or_category,,editorial_expansion,Manually proposed variant; demand and synonym grouping remain unverified.,
deadlock,deadlock esp free,deadlock-esp,product_access,verified_product_or_category,free,editorial_expansion,Manually proposed variant; demand and synonym grouping remain unverified.,
deadlock,free deadlock esp,deadlock-esp,product_access,verified_product_or_category,free,editorial_expansion,Manually proposed variant; demand and synonym grouping remain unverified.,
deadlock,deadlock esp download,deadlock-esp,product_access,verified_product_or_category,download,editorial_expansion,Manually proposed variant; demand and synonym grouping remain unverified.,
deadlock,deadlock radar hack,deadlock-esp,product_access,verified_product_or_category,,editorial_expansion,Manually proposed variant; demand and synonym grouping remain unverified.,
deadlock,deadlock player esp,deadlock-esp,product_access,verified_product_or_category,,editorial_expansion,Manually proposed variant; demand and synonym grouping remain unverified.,
deadlock,deadlock item esp,deadlock-esp,product_access,verified_product_or_category,,editorial_expansion,Manually proposed variant; demand and synonym grouping remain unverified.,
deadlock,deadlock health esp,deadlock-esp,product_access,verified_product_or_category,,editorial_expansion,Manually proposed variant; demand and synonym grouping remain unverified.,
deadlock,deadlock radar vs esp,deadlock-esp,article_candidate,section_of_deadlock-hub,vs,editorial_expansion,Manually proposed variant; demand and synonym grouping remain unverified.,
deadlock,deadlock aimbot cheat,deadlock-aimbot,product_access,verified_product_or_category,,editorial_expansion,Manually proposed variant; demand and synonym grouping remain unverified.,
deadlock,deadlock aimbot free,deadlock-aimbot,product_access,verified_product_or_category,free,editorial_expansion,Manually proposed variant; demand and synonym grouping remain unverified.,
deadlock,free deadlock aimbot,deadlock-aimbot,product_access,verified_product_or_category,free,editorial_expansion,Manually proposed variant; demand and synonym grouping remain unverified.,
deadlock,deadlock aimbot download,deadlock-aimbot,product_access,verified_product_or_category,download,editorial_expansion,Manually proposed variant; demand and synonym grouping remain unverified.,
deadlock,deadlock silent aim,deadlock-aimbot,product_access,verified_product_or_category,,editorial_expansion,Manually proposed variant; demand and synonym grouping remain unverified.,
deadlock,deadlock silent aim cheat,deadlock-aimbot,product_access,verified_product_or_category,,editorial_expansion,Manually proposed variant; demand and synonym grouping remain unverified.,
deadlock,deadlock aim assist cheat,deadlock-aimbot,product_access,verified_product_or_category,,editorial_expansion,Manually proposed variant; demand and synonym grouping remain unverified.,
deadlock,deadlock aimbot prediction,deadlock-aimbot,product_access,verified_product_or_category,,editorial_expansion,Manually proposed variant; demand and synonym grouping remain unverified.,
deadlock,deadlock triggerbot,deadlock-aimbot,product_access,verified_product_or_category,,editorial_expansion,Manually proposed variant; demand and synonym grouping remain unverified.,
deadlock,deadlock triggerbot cheat,deadlock-aimbot,product_access,verified_product_or_category,,editorial_expansion,Manually proposed variant; demand and synonym grouping remain unverified.,
deadlock,deadlock triggerbot free,deadlock-aimbot,product_access,verified_product_or_category,free,editorial_expansion,Manually proposed variant; demand and synonym grouping remain unverified.,
deadlock,deadlock combo script,deadlock-combos,product_access,verified_product_or_category,,editorial_expansion,Manually proposed variant; demand and synonym grouping remain unverified.,
deadlock,deadlock auto combo,deadlock-combos,product_access,verified_product_or_category,,editorial_expansion,Manually proposed variant; demand and synonym grouping remain unverified.,
deadlock,deadlock auto combo cheat,deadlock-combos,product_access,verified_product_or_category,,editorial_expansion,Manually proposed variant; demand and synonym grouping remain unverified.,
deadlock,deadlock ability automation,deadlock-combos,product_access,verified_product_or_category,,editorial_expansion,Manually proposed variant; demand and synonym grouping remain unverified.,
deadlock,deadlock combo script free,deadlock-combos,product_access,verified_product_or_category,free,editorial_expansion,Manually proposed variant; demand and synonym grouping remain unverified.,
deadlock,deadlock auto dodge cheat,deadlock-dodger,product_access,verified_product_or_category,,editorial_expansion,Manually proposed variant; demand and synonym grouping remain unverified.,
deadlock,deadlock auto dodge script,deadlock-dodger,product_access,verified_product_or_category,,editorial_expansion,Manually proposed variant; demand and synonym grouping remain unverified.,
deadlock,deadlock dodger cheat,deadlock-dodger,product_access,verified_product_or_category,,editorial_expansion,Manually proposed variant; demand and synonym grouping remain unverified.,
deadlock,deadlock auto dodge free,deadlock-dodger,product_access,verified_product_or_category,free,editorial_expansion,Manually proposed variant; demand and synonym grouping remain unverified.,
deadlock,deadlock auto dodge vs parry,deadlock-dodger,article_candidate,section_of_deadlock-hub,vs,editorial_expansion,Manually proposed variant; demand and synonym grouping remain unverified.,
deadlock,deadlock skillshot dodge cheat,deadlock-dodger,product_access,verified_product_or_category,,editorial_expansion,Manually proposed variant; demand and synonym grouping remain unverified.,
deadlock,deadlock cheats free trial,deadlock-trial,product_access,verified_product_or_category,free | trial,editorial_expansion,Manually proposed variant; demand and synonym grouping remain unverified.,
deadlock,deadlock free cheat vs trial,deadlock-trial,article_candidate,section_of_deadlock-comparison,free | trial | vs,editorial_expansion,Manually proposed variant; demand and synonym grouping remain unverified.,
deadlock,deadlock cheat subscription,deadlock-trial,product_access,verified_product_or_category,,editorial_expansion,Manually proposed variant; demand and synonym grouping remain unverified.,
deadlock,deadlock cheat trial limitations,deadlock-trial,article_candidate,section_of_deadlock-comparison,trial,editorial_expansion,Manually proposed variant; demand and synonym grouping remain unverified.,
deadlock,deadlock cheat refund policy,deadlock-trial,article_candidate,section_of_deadlock-comparison,,editorial_expansion,Manually proposed variant; demand and synonym grouping remain unverified.,
cs2,cs2 triggerbot cheat,cs2-triggerbot,product_access,verified_product_or_category,,editorial_expansion,Manually proposed variant; demand and synonym grouping remain unverified.,
cs2,cs2 triggerbot free,cs2-triggerbot,product_access,verified_product_or_category,free,editorial_expansion,Manually proposed variant; demand and synonym grouping remain unverified.,
cs2,free cs2 triggerbot,cs2-triggerbot,product_access,verified_product_or_category,free,editorial_expansion,Manually proposed variant; demand and synonym grouping remain unverified.,
cs2,cs2 triggerbot download,cs2-triggerbot,product_access,verified_product_or_category,download,editorial_expansion,Manually proposed variant; demand and synonym grouping remain unverified.,
cs2,cs2 triggerbot hack,cs2-triggerbot,product_access,verified_product_or_category,,editorial_expansion,Manually proposed variant; demand and synonym grouping remain unverified.,
cs2,triggerbot cs2 free,cs2-triggerbot,product_access,verified_product_or_category,free,editorial_expansion,Manually proposed variant; demand and synonym grouping remain unverified.,
cs2,cs2 triggerbot vs aimbot,cs2-triggerbot,article_candidate,article_or_section,vs,editorial_expansion,Manually proposed variant; demand and synonym grouping remain unverified.,
cs2,cs2 triggerbot limitations,cs2-triggerbot,article_candidate,article_or_section,,editorial_expansion,Manually proposed variant; demand and synonym grouping remain unverified.,
cs2,cs2 wallhack,cs2-esp,product_access,verified_product_or_category,,editorial_expansion,Manually proposed variant; demand and synonym grouping remain unverified.,
cs2,cs2 wallhack free,cs2-esp,product_access,verified_product_or_category,free,editorial_expansion,Manually proposed variant; demand and synonym grouping remain unverified.,
cs2,free cs2 wallhack,cs2-esp,product_access,verified_product_or_category,free,editorial_expansion,Manually proposed variant; demand and synonym grouping remain unverified.,
cs2,cs2 wallhack download,cs2-esp,product_access,verified_product_or_category,download,editorial_expansion,Manually proposed variant; demand and synonym grouping remain unverified.,
cs2,cs2 esp free,cs2-esp,product_access,verified_product_or_category,free,editorial_expansion,Manually proposed variant; demand and synonym grouping remain unverified.,
cs2,free cs2 esp,cs2-esp,product_access,verified_product_or_category,free,editorial_expansion,Manually proposed variant; demand and synonym grouping remain unverified.,
cs2,cs2 esp download,cs2-esp,product_access,verified_product_or_category,download,editorial_expansion,Manually proposed variant; demand and synonym grouping remain unverified.,
cs2,cs2 radar hack,cs2-esp,product_access,verified_product_or_category,,editorial_expansion,Manually proposed variant; demand and synonym grouping remain unverified.,
cs2,cs2 radar hack free,cs2-esp,product_access,verified_product_or_category,free,editorial_expansion,Manually proposed variant; demand and synonym grouping remain unverified.,
cs2,cs2 box esp,cs2-esp,product_access,verified_product_or_category,,editorial_expansion,Manually proposed variant; demand and synonym grouping remain unverified.,
cs2,cs2 skeleton esp,cs2-esp,product_access,verified_product_or_category,,editorial_expansion,Manually proposed variant; demand and synonym grouping remain unverified.,
cs2,cs2 health esp,cs2-esp,product_access,verified_product_or_category,,editorial_expansion,Manually proposed variant; demand and synonym grouping remain unverified.,
cs2,cs2 radar vs wallhack,cs2-esp,article_candidate,article_or_section,vs,editorial_expansion,Manually proposed variant; demand and synonym grouping remain unverified.,
cs2,cs2 aimbot cheat,cs2-aimbot,product_access,verified_product_or_category,,editorial_expansion,Manually proposed variant; demand and synonym grouping remain unverified.,
cs2,cs2 aimbot free,cs2-aimbot,product_access,verified_product_or_category,free,editorial_expansion,Manually proposed variant; demand and synonym grouping remain unverified.,
cs2,free cs2 aimbot,cs2-aimbot,product_access,verified_product_or_category,free,editorial_expansion,Manually proposed variant; demand and synonym grouping remain unverified.,
cs2,cs2 aimbot download,cs2-aimbot,product_access,verified_product_or_category,download,editorial_expansion,Manually proposed variant; demand and synonym grouping remain unverified.,
cs2,cs2 aim assist cheat,cs2-aimbot,product_access,verified_product_or_category,,editorial_expansion,Manually proposed variant; demand and synonym grouping remain unverified.,
cs2,cs2 silent aim,cs2-aimbot,product_access,verified_product_or_category,,editorial_expansion,Manually proposed variant; demand and synonym grouping remain unverified.,
cs2,cs2 silent aim vs aimbot,cs2-aimbot,article_candidate,section_of_cs2-triggerbot,vs,editorial_expansion,Manually proposed variant; demand and synonym grouping remain unverified.,
cs2,cs2 recoil control cheat,cs2-aimbot,product_access,verified_product_or_category,,editorial_expansion,Manually proposed variant; demand and synonym grouping remain unverified.,
cs2,cs2 no recoil cheat,cs2-aimbot,product_access,verified_product_or_category,,editorial_expansion,Manually proposed variant; demand and synonym grouping remain unverified.,
cs2,cs2 legit aimbot,cs2-aimbot,product_access,verified_product_or_category,,editorial_expansion,Manually proposed variant; demand and synonym grouping remain unverified.,
cs2,cs2 aim assist vs aimbot,cs2-aimbot,article_candidate,section_of_cs2-triggerbot,vs,editorial_expansion,Manually proposed variant; demand and synonym grouping remain unverified.,
cs2,cs2 skin changer free,cs2-skin-changer,product_access,verified_product_or_category,free,editorial_expansion,Manually proposed variant; demand and synonym grouping remain unverified.,
cs2,free cs2 skin changer,cs2-skin-changer,product_access,verified_product_or_category,free,editorial_expansion,Manually proposed variant; demand and synonym grouping remain unverified.,
cs2,cs2 skin changer free download,cs2-skin-changer,product_access,verified_product_or_category,free | download,editorial_expansion,Manually proposed variant; demand and synonym grouping remain unverified.,
cs2,cs2 skinchanger,cs2-skin-changer,product_access,verified_product_or_category,,observed,"Exact normalized phrase found in captured publisher title, description or selected body; publisher wording is not demand, accuracy or availability evidence.",https://en.exloader.net/tree/modifications/sdk2changer/
cs2,cs2 skinchanger free,cs2-skin-changer,product_access,verified_product_or_category,free,editorial_expansion,Manually proposed variant; demand and synonym grouping remain unverified.,
cs2,cs2 inventory changer,cs2-skin-changer,product_access,verified_product_or_category,,editorial_expansion,Manually proposed variant; demand and synonym grouping remain unverified.,
cs2,cs2 knife changer,cs2-skin-changer,product_access,verified_product_or_category,,editorial_expansion,Manually proposed variant; demand and synonym grouping remain unverified.,
cs2,cs2 glove changer,cs2-skin-changer,product_access,verified_product_or_category,,editorial_expansion,Manually proposed variant; demand and synonym grouping remain unverified.,
cs2,cs2 skin changer vs inventory changer,cs2-skin-changer,article_candidate,article_or_section,vs,editorial_expansion,Manually proposed variant; demand and synonym grouping remain unverified.,
cs2,cs2 skin changer server,cs2-skin-changer,ambiguous_research,intent_review,,observed,"Visible non-history autocomplete label; signed-in session, location unknown. No volume inferred. See raw/google-acquisition-observations.json.",https://www.google.com/search?q=cs2+skin+changer&hl=en&gl=us&pws=0
cs2,cs2 skin changer bannable,cs2-skin-changer,article_candidate,article_or_section,,observed,"Visible non-history autocomplete label; signed-in session, location unknown. No volume inferred. See raw/google-acquisition-observations.json.",https://www.google.com/search?q=cs2+skin+changer&hl=en&gl=us&pws=0
cs2,cs2 skin changer mod,cs2-skin-changer,product_access,verified_product_or_category,,observed,"Visible non-history autocomplete label; signed-in session, location unknown. No volume inferred. See raw/google-acquisition-observations.json.",https://www.google.com/search?q=cs2+skin+changer&hl=en&gl=us&pws=0
cs2,cs2 external cheat free,cs2-external,product_access,verified_product_or_category,free,editorial_expansion,Manually proposed variant; demand and synonym grouping remain unverified.,
cs2,free external cs2 cheats,cs2-external,product_access,verified_product_or_category,free,editorial_expansion,Manually proposed variant; demand and synonym grouping remain unverified.,
cs2,cs2 external esp,cs2-external,product_access,verified_product_or_category,,editorial_expansion,Manually proposed variant; demand and synonym grouping remain unverified.,
cs2,cs2 external radar,cs2-external,product_access,verified_product_or_category,,editorial_expansion,Manually proposed variant; demand and synonym grouping remain unverified.,
cs2,cs2 external vs internal cheat,cs2-external,article_candidate,article_or_section,vs,editorial_expansion,Manually proposed variant; demand and synonym grouping remain unverified.,
cs2,cs2 grenade helper cheat,cs2-grenade-helper,product_access,verified_product_or_category,,editorial_expansion,Manually proposed variant; demand and synonym grouping remain unverified.,
cs2,cs2 grenade helper free,cs2-grenade-helper,product_access,verified_product_or_category,free,editorial_expansion,Manually proposed variant; demand and synonym grouping remain unverified.,
cs2,cs2 lineup helper,cs2-grenade-helper,product_access,verified_product_or_category,,editorial_expansion,Manually proposed variant; demand and synonym grouping remain unverified.,
cs2,cs2 nade helper,cs2-grenade-helper,product_access,verified_product_or_category,,editorial_expansion,Manually proposed variant; demand and synonym grouping remain unverified.,
cs2,cs2 grenade prediction cheat,cs2-grenade-helper,product_access,verified_product_or_category,,editorial_expansion,Manually proposed variant; demand and synonym grouping remain unverified.,
cs2,cs2 grenade helper vs lineup guide,cs2-grenade-helper,article_candidate,article_or_section,vs,editorial_expansion,Manually proposed variant; demand and synonym grouping remain unverified.,
cs2,cs2 cheats free trial,cs2-free-paid,product_access,verified_product_or_category,free | trial,editorial_expansion,Manually proposed variant; demand and synonym grouping remain unverified.,
cs2,free cs2 cheats vs paid,cs2-free-paid,article_candidate,article_or_section,free | paid | vs,editorial_expansion,Manually proposed variant; demand and synonym grouping remain unverified.,
cs2,cs2 cheat free version limitations,cs2-free-paid,article_candidate,article_or_section,free,editorial_expansion,Manually proposed variant; demand and synonym grouping remain unverified.,
cs2,cs2 cheat subscription vs lifetime,cs2-free-paid,article_candidate,article_or_section,vs,editorial_expansion,Manually proposed variant; demand and synonym grouping remain unverified.,
dota2,dota 2 script,dota2-scripts,product_access,verified_product_or_category,,editorial_expansion,Manually proposed variant; demand and synonym grouping remain unverified.,
dota2,dota2 scripts,dota2-scripts,product_access,verified_product_or_category,,editorial_expansion,Manually proposed variant; demand and synonym grouping remain unverified.,
dota2,dota 2 scripts free,dota2-scripts,product_access,verified_product_or_category,free,editorial_expansion,Manually proposed variant; demand and synonym grouping remain unverified.,
dota2,free dota 2 scripts,dota2-scripts,product_access,verified_product_or_category,free,editorial_expansion,Manually proposed variant; demand and synonym grouping remain unverified.,
dota2,dota 2 scripts download,dota2-scripts,product_access,verified_product_or_category,download,editorial_expansion,Manually proposed variant; demand and synonym grouping remain unverified.,
dota2,dota 2 scripts free download,dota2-scripts,product_access,verified_product_or_category,free | download,editorial_expansion,Manually proposed variant; demand and synonym grouping remain unverified.,
dota2,dota 2 hack scripts,dota2-scripts,product_access,verified_product_or_category,,editorial_expansion,Manually proposed variant; demand and synonym grouping remain unverified.,
dota2,dota 2 script hack,dota2-scripts,product_access,verified_product_or_category,,editorial_expansion,Manually proposed variant; demand and synonym grouping remain unverified.,
dota2,dota 2 script bot,dota2-scripts,ambiguous_research,intent_review,,observed,"Visible non-history autocomplete label; signed-in session, location unknown. No volume inferred. See raw/google-acquisition-observations.json.",https://www.google.com/search?q=dota+2+scripts&hl=en&gl=us&pws=0
dota2,dota 2 combo scripts,dota2-scripts,product_access,verified_product_or_category,,editorial_expansion,Manually proposed variant; demand and synonym grouping remain unverified.,
dota2,dota 2 auto combo script,dota2-scripts,product_access,verified_product_or_category,,editorial_expansion,Manually proposed variant; demand and synonym grouping remain unverified.,
dota2,dota 2 invoker script,dota2-invoker,product_access,verified_product_or_category,,editorial_expansion,Manually proposed variant; demand and synonym grouping remain unverified.,
dota2,dota 2 script invoker,dota2-invoker,product_access,verified_product_or_category,,observed,"Visible non-history autocomplete label; signed-in session, location unknown. No volume inferred. See raw/google-acquisition-observations.json.",https://www.google.com/search?q=dota+2+scripts&hl=en&gl=us&pws=0
dota2,invoker script free,dota2-invoker,product_access,verified_product_or_category,free,editorial_expansion,Manually proposed variant; demand and synonym grouping remain unverified.,
dota2,dota 2 invoker script free,dota2-invoker,product_access,verified_product_or_category,free,editorial_expansion,Manually proposed variant; demand and synonym grouping remain unverified.,
dota2,invoker combo script,dota2-invoker,product_access,verified_product_or_category,,editorial_expansion,Manually proposed variant; demand and synonym grouping remain unverified.,
dota2,invoker script vs macro,dota2-invoker,article_candidate,section_of_dota2-scripts,vs,editorial_expansion,Manually proposed variant; demand and synonym grouping remain unverified.,
dota2,dota 2 meepo script,dota2-meepo,product_access,verified_product_or_category,,editorial_expansion,Manually proposed variant; demand and synonym grouping remain unverified.,
dota2,meepo script free,dota2-meepo,product_access,verified_product_or_category,free,editorial_expansion,Manually proposed variant; demand and synonym grouping remain unverified.,
dota2,dota 2 meepo script free,dota2-meepo,product_access,verified_product_or_category,free,editorial_expansion,Manually proposed variant; demand and synonym grouping remain unverified.,
dota2,meepo auto poof script,dota2-meepo,product_access,verified_product_or_category,,editorial_expansion,Manually proposed variant; demand and synonym grouping remain unverified.,
dota2,meepo script vs macro,dota2-meepo,article_candidate,section_of_dota2-scripts,vs,editorial_expansion,Manually proposed variant; demand and synonym grouping remain unverified.,
dota2,dota 2 map hack,dota2-maphack,product_access,verified_product_or_category,,editorial_expansion,Manually proposed variant; demand and synonym grouping remain unverified.,
dota2,dota2 maphack,dota2-maphack,product_access,verified_product_or_category,,editorial_expansion,Manually proposed variant; demand and synonym grouping remain unverified.,
dota2,dota 2 maphack free,dota2-maphack,product_access,verified_product_or_category,free,editorial_expansion,Manually proposed variant; demand and synonym grouping remain unverified.,
dota2,free dota 2 maphack,dota2-maphack,product_access,verified_product_or_category,free,editorial_expansion,Manually proposed variant; demand and synonym grouping remain unverified.,
dota2,dota 2 maphack download,dota2-maphack,product_access,verified_product_or_category,download,editorial_expansion,Manually proposed variant; demand and synonym grouping remain unverified.,
dota2,dota 2 map hack free download,dota2-maphack,product_access,verified_product_or_category,free | download,editorial_expansion,Manually proposed variant; demand and synonym grouping remain unverified.,
dota2,dota 2 script map hack,dota2-maphack,product_access,verified_product_or_category,,observed,"Visible non-history autocomplete label; signed-in session, location unknown. No volume inferred. See raw/google-acquisition-observations.json.",https://www.google.com/search?q=dota+2+scripts&hl=en&gl=us&pws=0
dota2,dota 2 esp,dota2-maphack,product_access,verified_product_or_category,,editorial_expansion,Manually proposed variant; demand and synonym grouping remain unverified.,
dota2,dota 2 fog of war hack,dota2-maphack,product_access,verified_product_or_category,,editorial_expansion,Manually proposed variant; demand and synonym grouping remain unverified.,
dota2,dota 2 enemy vision cheat,dota2-maphack,product_access,verified_product_or_category,,editorial_expansion,Manually proposed variant; demand and synonym grouping remain unverified.,
dota2,dota 2 enemy ward hack,dota2-ward-tracker,product_access,verified_product_or_category,,editorial_expansion,Manually proposed variant; demand and synonym grouping remain unverified.,
dota2,dota 2 ward detection cheat,dota2-ward-tracker,product_access,verified_product_or_category,,editorial_expansion,Manually proposed variant; demand and synonym grouping remain unverified.,
dota2,dota 2 roshan timer hack,dota2-roshan,product_access,verified_product_or_category,,editorial_expansion,Manually proposed variant; demand and synonym grouping remain unverified.,
dota2,dota 2 roshan tracker cheat,dota2-roshan,product_access,verified_product_or_category,,editorial_expansion,Manually proposed variant; demand and synonym grouping remain unverified.,
dota2,dota 2 roshan esp free,dota2-roshan,product_access,verified_product_or_category,free,editorial_expansion,Manually proposed variant; demand and synonym grouping remain unverified.,
dota2,dota 2 tp tracker cheat,dota2-teleport,product_access,verified_product_or_category,,editorial_expansion,Manually proposed variant; demand and synonym grouping remain unverified.,
dota2,dota 2 teleport preview cheat,dota2-teleport,product_access,verified_product_or_category,,editorial_expansion,Manually proposed variant; demand and synonym grouping remain unverified.,
dota2,dota 2 autododge,dota2-auto-dodge,product_access,verified_product_or_category,,editorial_expansion,Manually proposed variant; demand and synonym grouping remain unverified.,
dota2,dota 2 auto dodge cheat,dota2-auto-dodge,product_access,verified_product_or_category,,editorial_expansion,Manually proposed variant; demand and synonym grouping remain unverified.,
dota2,dota 2 auto dodge script,dota2-auto-dodge,product_access,verified_product_or_category,,editorial_expansion,Manually proposed variant; demand and synonym grouping remain unverified.,
dota2,dota 2 auto dodge free,dota2-auto-dodge,product_access,verified_product_or_category,free,editorial_expansion,Manually proposed variant; demand and synonym grouping remain unverified.,
dota2,dota 2 dodger hack,dota2-auto-dodge,product_access,verified_product_or_category,,editorial_expansion,Manually proposed variant; demand and synonym grouping remain unverified.,
dota2,dota 2 auto dodge vs auto block,dota2-auto-dodge,article_candidate,article_or_section,vs,editorial_expansion,Manually proposed variant; demand and synonym grouping remain unverified.,
dota2,dota 2 auto hex script,dota2-auto-dodge,product_access,verified_product_or_category,,editorial_expansion,Manually proposed variant; demand and synonym grouping remain unverified.,
dota2,dota 2 last hit script free,dota2-auto-last-hit,product_access,verified_product_or_category,free,editorial_expansion,Manually proposed variant; demand and synonym grouping remain unverified.,
dota2,dota 2 auto last hit cheat,dota2-auto-last-hit,product_access,verified_product_or_category,,editorial_expansion,Manually proposed variant; demand and synonym grouping remain unverified.,
dota2,dota 2 last hit hack,dota2-auto-last-hit,product_access,verified_product_or_category,,editorial_expansion,Manually proposed variant; demand and synonym grouping remain unverified.,
dota2,dota 2 last hit trainer vs script,dota2-auto-last-hit,article_candidate,section_of_dota2-scripts,vs,editorial_expansion,Manually proposed variant; demand and synonym grouping remain unverified.,
dota2,dota 2 skin changer free,dota2-skin-changer,product_access,verified_product_or_category,free,editorial_expansion,Manually proposed variant; demand and synonym grouping remain unverified.,
dota2,free dota 2 skin changer,dota2-skin-changer,product_access,verified_product_or_category,free,editorial_expansion,Manually proposed variant; demand and synonym grouping remain unverified.,
dota2,dota 2 skin changer download,dota2-skin-changer,product_access,verified_product_or_category,download,editorial_expansion,Manually proposed variant; demand and synonym grouping remain unverified.,
dota2,dota 2 skin changer free download,dota2-skin-changer,product_access,verified_product_or_category,free | download,editorial_expansion,Manually proposed variant; demand and synonym grouping remain unverified.,
dota2,dota 2 script skin,dota2-skin-changer,product_access,verified_product_or_category,,observed,"Visible non-history autocomplete label; signed-in session, location unknown. No volume inferred. See raw/google-acquisition-observations.json.",https://www.google.com/search?q=dota+2+scripts&hl=en&gl=us&pws=0
dota2,dota2 skinchanger,dota2-skin-changer,product_access,verified_product_or_category,,editorial_expansion,Manually proposed variant; demand and synonym grouping remain unverified.,
dota2,dota 2 inventory changer,dota2-skin-changer,product_access,verified_product_or_category,,editorial_expansion,Manually proposed variant; demand and synonym grouping remain unverified.,
dota2,dota 2 skin changer visible to others,dota2-skin-changer,article_candidate,article_or_section,,editorial_expansion,Manually proposed variant; demand and synonym grouping remain unverified.,
deadlock,deadlock cheats free,deadlock-free-download,product_access,verified_product_or_category,free,editorial_expansion,Manually proposed variant; demand and synonym grouping remain unverified.,
deadlock,deadlock free cheats,deadlock-free-download,product_access,verified_product_or_category,free,editorial_expansion,Manually proposed variant; demand and synonym grouping remain unverified.,
deadlock,deadlock cheat free,deadlock-free-download,product_access,verified_product_or_category,free,observed,"Exact normalized phrase found in captured publisher title, description or selected body; publisher wording is not demand, accuracy or availability evidence.",https://cheater.fun/deadlock_cheats/
deadlock,free deadlock hacks,deadlock-free-download,product_access,verified_product_or_category,free,editorial_expansion,Manually proposed variant; demand and synonym grouping remain unverified.,
deadlock,deadlock hacks free,deadlock-free-download,product_access,verified_product_or_category,free,editorial_expansion,Manually proposed variant; demand and synonym grouping remain unverified.,
deadlock,deadlock hack free,deadlock-free-download,product_access,verified_product_or_category,free,editorial_expansion,Manually proposed variant; demand and synonym grouping remain unverified.,
deadlock,deadlock cheats download,deadlock-free-download,product_access,verified_product_or_category,download,editorial_expansion,Manually proposed variant; demand and synonym grouping remain unverified.,
deadlock,download deadlock cheats,deadlock-free-download,product_access,verified_product_or_category,download,editorial_expansion,Manually proposed variant; demand and synonym grouping remain unverified.,
deadlock,deadlock cheats free download,deadlock-free-download,product_access,verified_product_or_category,free | download,editorial_expansion,Manually proposed variant; demand and synonym grouping remain unverified.,
deadlock,free deadlock cheats download,deadlock-free-download,product_access,verified_product_or_category,free | download,editorial_expansion,Manually proposed variant; demand and synonym grouping remain unverified.,
deadlock,deadlock hack download,deadlock-free-download,product_access,verified_product_or_category,download,editorial_expansion,Manually proposed variant; demand and synonym grouping remain unverified.,
deadlock,deadlock hacks free download,deadlock-free-download,product_access,verified_product_or_category,free | download,editorial_expansion,Manually proposed variant; demand and synonym grouping remain unverified.,
deadlock,best free deadlock cheats,deadlock-free-download,product_access,verified_product_or_category,free | best,editorial_expansion,Manually proposed variant; demand and synonym grouping remain unverified.,
deadlock,deadlock free cheat no subscription,deadlock-free-download,product_access,verified_product_or_category,free,editorial_expansion,Manually proposed variant; demand and synonym grouping remain unverified.,
cs2,cs2 cheat free,cs2-free-download,product_access,verified_product_or_category,free,observed,"Exact normalized phrase found in captured publisher title, description or selected body; publisher wording is not demand, accuracy or availability evidence.",https://cheater.fun/cs2-hacks/
cs2,free cs2 hacks,cs2-free-download,product_access,verified_product_or_category,free,observed,"Exact normalized phrase found in captured publisher title, description or selected body; publisher wording is not demand, accuracy or availability evidence.",https://cheater.fun/cs2-hacks/
cs2,cs2 hacks free,cs2-free-download,product_access,verified_product_or_category,free,editorial_expansion,Manually proposed variant; demand and synonym grouping remain unverified.,
cs2,cs2 hack free,cs2-free-download,product_access,verified_product_or_category,free,editorial_expansion,Manually proposed variant; demand and synonym grouping remain unverified.,
cs2,cs2 cheats download,cs2-free-download,product_access,verified_product_or_category,download,editorial_expansion,Manually proposed variant; demand and synonym grouping remain unverified.,
cs2,download cs2 cheats,cs2-free-download,product_access,verified_product_or_category,download,editorial_expansion,Manually proposed variant; demand and synonym grouping remain unverified.,
cs2,cs2 cheats free download,cs2-free-download,product_access,verified_product_or_category,free | download,editorial_expansion,Manually proposed variant; demand and synonym grouping remain unverified.,
cs2,free cs2 cheats download,cs2-free-download,product_access,verified_product_or_category,free | download,editorial_expansion,Manually proposed variant; demand and synonym grouping remain unverified.,
cs2,cs2 hack download,cs2-free-download,product_access,verified_product_or_category,download,editorial_expansion,Manually proposed variant; demand and synonym grouping remain unverified.,
cs2,cs2 hacks free download,cs2-free-download,product_access,verified_product_or_category,free | download,editorial_expansion,Manually proposed variant; demand and synonym grouping remain unverified.,
cs2,cs2 free cheat no subscription,cs2-free-download,product_access,verified_product_or_category,free,editorial_expansion,Manually proposed variant; demand and synonym grouping remain unverified.,
dota2,free dota 2 cheats,dota2-free-download,product_access,verified_product_or_category,free,observed,"Exact normalized phrase found in captured publisher title, description or selected body; publisher wording is not demand, accuracy or availability evidence.",https://cheater.fun/cheats_for_dota2_download_hacks_free/
dota2,dota 2 cheats free,dota2-free-download,product_access,verified_product_or_category,free,observed,"Exact normalized phrase found in captured publisher title, description or selected body; publisher wording is not demand, accuracy or availability evidence.",https://cheater.fun/cheats_for_dota2_download_hacks_free/
dota2,dota 2 free cheats,dota2-free-download,product_access,verified_product_or_category,free,editorial_expansion,Manually proposed variant; demand and synonym grouping remain unverified.,
dota2,dota 2 cheat free,dota2-free-download,product_access,verified_product_or_category,free,observed,"Exact normalized phrase found in captured publisher title, description or selected body; publisher wording is not demand, accuracy or availability evidence.",https://cheater.fun/cheats_for_dota2_download_hacks_free/
dota2,free dota 2 hacks,dota2-free-download,product_access,verified_product_or_category,free,editorial_expansion,Manually proposed variant; demand and synonym grouping remain unverified.,
dota2,dota 2 hacks free,dota2-free-download,product_access,verified_product_or_category,free,editorial_expansion,Manually proposed variant; demand and synonym grouping remain unverified.,
dota2,dota 2 hack free,dota2-free-download,product_access,verified_product_or_category,free,editorial_expansion,Manually proposed variant; demand and synonym grouping remain unverified.,
dota2,dota 2 cheats download,dota2-free-download,product_access,verified_product_or_category,download,editorial_expansion,Manually proposed variant; demand and synonym grouping remain unverified.,
dota2,download dota 2 cheats,dota2-free-download,product_access,verified_product_or_category,download,observed,"Exact normalized phrase found in captured publisher title, description or selected body; publisher wording is not demand, accuracy or availability evidence.",https://cheater.fun/cheats_for_dota2_download_hacks_free/
dota2,dota 2 cheats free download,dota2-free-download,product_access,verified_product_or_category,free | download,editorial_expansion,Manually proposed variant; demand and synonym grouping remain unverified.,
dota2,free dota 2 cheats download,dota2-free-download,product_access,verified_product_or_category,free | download,editorial_expansion,Manually proposed variant; demand and synonym grouping remain unverified.,
dota2,dota 2 hack download,dota2-free-download,product_access,verified_product_or_category,download,editorial_expansion,Manually proposed variant; demand and synonym grouping remain unverified.,
dota2,dota 2 hacks free download,dota2-free-download,product_access,verified_product_or_category,free | download,editorial_expansion,Manually proposed variant; demand and synonym grouping remain unverified.,
dota2,best free dota 2 cheats,dota2-free-download,product_access,verified_product_or_category,free | best,editorial_expansion,Manually proposed variant; demand and synonym grouping remain unverified.,
dota2,dota 2 free cheat no subscription,dota2-free-download,product_access,verified_product_or_category,free,editorial_expansion,Manually proposed variant; demand and synonym grouping remain unverified.,
deadlock,deadlock auto parry reddit,deadlock-auto-parry,community_research,discussion_or_navigation,reddit,observed,"Visible non-history autocomplete label; signed-in session, location unknown. No volume inferred. See raw/google-acquisition-observations.json.",https://www.google.com/search?q=deadlock+auto+parry&hl=en&gl=us&pws=0
deadlock,deadlock auto parry github,deadlock-auto-parry,community_research,discussion_or_navigation,github,observed,"Visible non-history autocomplete label; signed-in session, location unknown. No volume inferred. See raw/google-acquisition-observations.json.",https://www.google.com/search?q=deadlock+auto+parry&hl=en&gl=us&pws=0
dota2,dota 2 scripts reddit,dota2-scripts,community_research,discussion_or_navigation,reddit,observed,"Visible non-history autocomplete label; signed-in session, location unknown. No volume inferred. See raw/google-acquisition-observations.json.",https://www.google.com/search?q=dota+2+scripts&hl=en&gl=us&pws=0
dota2,dota 2 scripts github,dota2-scripts,community_research,discussion_or_navigation,github,observed,"Visible non-history autocomplete label; signed-in session, location unknown. No volume inferred. See raw/google-acquisition-observations.json.",https://www.google.com/search?q=dota+2+scripts&hl=en&gl=us&pws=0
dota2,dota 2 lua scripts,dota2-scripts,implementation_research,research_only_no_operational_article,,observed,"Visible non-history autocomplete label; signed-in session, location unknown. No volume inferred. See raw/google-acquisition-observations.json.",https://www.google.com/search?q=dota+2+scripts&hl=en&gl=us&pws=0
dota2,dota 2 ahk scripts,dota2-scripts,implementation_research,research_only_no_operational_article,,observed,"Visible non-history autocomplete label; signed-in session, location unknown. No volume inferred. See raw/google-acquisition-observations.json.",https://www.google.com/search?q=dota+2+scripts&hl=en&gl=us&pws=0
cs2,cs2 skin changer reddit,cs2-skin-changer,community_research,discussion_or_navigation,reddit,observed,"Visible non-history autocomplete label; signed-in session, location unknown. No volume inferred. See raw/google-acquisition-observations.json.",https://www.google.com/search?q=cs2+skin+changer&hl=en&gl=us&pws=0
cs2,cs2 skin changer github,cs2-skin-changer,community_research,discussion_or_navigation,github,observed,"Visible non-history autocomplete label; signed-in session, location unknown. No volume inferred. See raw/google-acquisition-observations.json.",https://www.google.com/search?q=cs2+skin+changer&hl=en&gl=us&pws=0
cs2,cs2 skin changer unknowncheats,cs2-skin-changer,community_research,discussion_or_navigation,,observed,"Visible non-history autocomplete label; signed-in session, location unknown. No volume inferred. See raw/google-acquisition-observations.json.",https://www.google.com/search?q=cs2+skin+changer&hl=en&gl=us&pws=0
cs2,cs2 skin changer source,cs2-skin-changer,implementation_research,research_only_no_operational_article,,observed,"Visible non-history autocomplete label; signed-in session, location unknown. No volume inferred. See raw/google-acquisition-observations.json.",https://www.google.com/search?q=cs2+skin+changer&hl=en&gl=us&pws=0
cs2,cs2 skin changer open source,cs2-skin-changer,implementation_research,research_only_no_operational_article,,observed,"Visible non-history autocomplete label; signed-in session, location unknown. No volume inferred. See raw/google-acquisition-observations.json.",https://www.google.com/search?q=cs2+skin+changer&hl=en&gl=us&pws=0
cs2,cs2 skin changer plugin,cs2-skin-changer,ambiguous_research,intent_review,,observed,"Visible non-history autocomplete label; signed-in session, location unknown. No volume inferred. See raw/google-acquisition-observations.json.",https://www.google.com/search?q=cs2+skin+changer&hl=en&gl=us&pws=0
deadlock,deadlock hack,deadlock-hub,product_access,verified_product_or_category,,editorial_expansion,Manually proposed variant; demand and synonym grouping remain unverified.,
deadlock,deadlock hacks,deadlock-hub,product_access,verified_product_or_category,,observed,"Exact normalized phrase found in captured publisher title, description or selected body; publisher wording is not demand, accuracy or availability evidence.",https://cheater.fun/deadlock_cheats/
deadlock,deadlock cheat software,deadlock-hub,product_access,verified_product_or_category,,editorial_expansion,Manually proposed variant; demand and synonym grouping remain unverified.,
deadlock,deadlock cheat features,deadlock-hub,product_access,verified_product_or_category,,editorial_expansion,Manually proposed variant; demand and synonym grouping remain unverified.,
deadlock,deadlock cheat review,deadlock-hub,product_access,verified_product_or_category,,editorial_expansion,Manually proposed variant; demand and synonym grouping remain unverified.,
deadlock,best deadlock hack,deadlock-hub,product_access,verified_product_or_category,best,editorial_expansion,Manually proposed variant; demand and synonym grouping remain unverified.,
cs2,cs2 hacks,cs2-hub,product_access,verified_product_or_category,,observed,"Exact normalized phrase found in captured publisher title, description or selected body; publisher wording is not demand, accuracy or availability evidence.",https://cheater.fun/cs2-hacks/
cs2,cs2 hack,cs2-hub,product_access,verified_product_or_category,,editorial_expansion,Manually proposed variant; demand and synonym grouping remain unverified.,
cs2,counter strike 2 cheats,cs2-hub,product_access,verified_product_or_category,,editorial_expansion,Manually proposed variant; demand and synonym grouping remain unverified.,
cs2,counter strike 2 hacks,cs2-hub,product_access,verified_product_or_category,,editorial_expansion,Manually proposed variant; demand and synonym grouping remain unverified.,
cs2,counter strike 2 cheat,cs2-hub,product_access,verified_product_or_category,,editorial_expansion,Manually proposed variant; demand and synonym grouping remain unverified.,
cs2,counter strike 2 hack,cs2-hub,product_access,verified_product_or_category,,editorial_expansion,Manually proposed variant; demand and synonym grouping remain unverified.,
cs2,cs 2 cheats,cs2-hub,product_access,verified_product_or_category,,editorial_expansion,Manually proposed variant; demand and synonym grouping remain unverified.,
cs2,cs2 cheat software,cs2-hub,product_access,verified_product_or_category,,editorial_expansion,Manually proposed variant; demand and synonym grouping remain unverified.,
cs2,cs2 cheat features,cs2-hub,product_access,verified_product_or_category,,editorial_expansion,Manually proposed variant; demand and synonym grouping remain unverified.,
dota2,dota2 cheats,dota2-hub,product_access,verified_product_or_category,,editorial_expansion,Manually proposed variant; demand and synonym grouping remain unverified.,
dota2,dota2 hacks,dota2-hub,product_access,verified_product_or_category,,editorial_expansion,Manually proposed variant; demand and synonym grouping remain unverified.,
dota2,dota 2 hack,dota2-hub,product_access,verified_product_or_category,,editorial_expansion,Manually proposed variant; demand and synonym grouping remain unverified.,
dota2,dota 2 hacks,dota2-hub,product_access,verified_product_or_category,,editorial_expansion,Manually proposed variant; demand and synonym grouping remain unverified.,
dota2,dota 2 cheat software,dota2-hub,product_access,verified_product_or_category,,editorial_expansion,Manually proposed variant; demand and synonym grouping remain unverified.,
dota2,dota 2 cheat features,dota2-hub,product_access,verified_product_or_category,,editorial_expansion,Manually proposed variant; demand and synonym grouping remain unverified.,
dota2,free vs paid dota 2 cheats,dota2-comparison,article_candidate,article_or_section,free | paid | vs,editorial_expansion,Manually proposed variant; demand and synonym grouping remain unverified.,
dota2,dota 2 cheats free trial,dota2-comparison,product_access,verified_product_or_category,free | trial,editorial_expansion,Manually proposed variant; demand and synonym grouping remain unverified.,
dota2,dota 2 script free trial,dota2-comparison,product_access,verified_product_or_category,free | trial,editorial_expansion,Manually proposed variant; demand and synonym grouping remain unverified.,
dota2,dota 2 free cheat vs trial,dota2-comparison,article_candidate,article_or_section,free | trial | vs,editorial_expansion,Manually proposed variant; demand and synonym grouping remain unverified.,
dota2,dota 2 cheat subscription,dota2-comparison,product_access,verified_product_or_category,,editorial_expansion,Manually proposed variant; demand and synonym grouping remain unverified.,
dota2,dota 2 cheat free version limitations,dota2-comparison,article_candidate,article_or_section,free,editorial_expansion,Manually proposed variant; demand and synonym grouping remain unverified.,
