cluster_id,term,origin,document_frequency,sources
cs2-external,external software,editorial_entity_or_concept,,
cs2-external,internal software,editorial_entity_or_concept,,
cs2-external,feature scope,editorial_entity_or_concept,,
cs2-external,vendor claim,editorial_entity_or_concept,,
cs2-external,compatibility,editorial_entity_or_concept,,
cs2-external,update history,editorial_entity_or_concept,,
cs2-triggerbot,crosshair,editorial_entity_or_concept,,
cs2-triggerbot,firing action,editorial_entity_or_concept,,
cs2-triggerbot,target selection,editorial_entity_or_concept,,
cs2-triggerbot,aim assistance,editorial_entity_or_concept,,
cs2-triggerbot,automation,editorial_entity_or_concept,,
cs2-triggerbot,manual input,editorial_entity_or_concept,,
cs2-esp,visibility,editorial_entity_or_concept,,
cs2-esp,information advantage,editorial_entity_or_concept,,
cs2-esp,overlay,editorial_entity_or_concept,,
cs2-esp,line of sight,editorial_entity_or_concept,,
cs2-esp,radar,editorial_entity_or_concept,,
cs2-esp,wallhack,editorial_entity_or_concept,,
cs2-aimbot,aim assistance,editorial_entity_or_concept,,
cs2-aimbot,crosshair movement,editorial_entity_or_concept,,
cs2-aimbot,target selection,editorial_entity_or_concept,,
cs2-aimbot,legitbot,editorial_entity_or_concept,,
cs2-aimbot,input,editorial_entity_or_concept,,
cs2-aimbot,accuracy,editorial_entity_or_concept,,
cs2-skin-changer,cosmetic appearance,editorial_entity_or_concept,,
cs2-skin-changer,inventory ownership,editorial_entity_or_concept,,
cs2-skin-changer,Steam inventory,editorial_entity_or_concept,,
cs2-skin-changer,local rendering,editorial_entity_or_concept,,
cs2-skin-changer,trade,editorial_entity_or_concept,,
cs2-skin-changer,workshop,editorial_entity_or_concept,,
cs2-free-paid,access plan,editorial_entity_or_concept,,
cs2-free-paid,trial,editorial_entity_or_concept,,
cs2-free-paid,support,editorial_entity_or_concept,,
cs2-free-paid,update history,editorial_entity_or_concept,,
cs2-free-paid,feature limits,editorial_entity_or_concept,,
cs2-free-paid,commercial disclosure,editorial_entity_or_concept,,
cs2-comparison,comparison criteria,editorial_entity_or_concept,,
cs2-comparison,dated source,editorial_entity_or_concept,,
cs2-comparison,support,editorial_entity_or_concept,,
cs2-comparison,feature availability,editorial_entity_or_concept,,
cs2-comparison,limitations,editorial_entity_or_concept,,
cs2-comparison,disclosure,editorial_entity_or_concept,,
cs2-grenade-helper,lineup,editorial_entity_or_concept,,
cs2-grenade-helper,trajectory,editorial_entity_or_concept,,
cs2-grenade-helper,practice map,editorial_entity_or_concept,,
cs2-grenade-helper,grenade prediction,editorial_entity_or_concept,,
cs2-grenade-helper,manual execution,editorial_entity_or_concept,,
cs2-grenade-helper,automation,editorial_entity_or_concept,,
cs2-status,status page,editorial_entity_or_concept,,
cs2-status,timestamp,editorial_entity_or_concept,,
cs2-status,maintenance,editorial_entity_or_concept,,
cs2-status,vendor report,editorial_entity_or_concept,,
cs2-status,independent verification,editorial_entity_or_concept,,
cs2-status,support,editorial_entity_or_concept,,
cs2-commands,developer console,editorial_entity_or_concept,,
cs2-commands,practice session,editorial_entity_or_concept,,
cs2-commands,server setting,editorial_entity_or_concept,,
cs2-commands,console command,editorial_entity_or_concept,,
cs2-commands,third-party software,editorial_entity_or_concept,,
dota2-scripts,hero script,editorial_entity_or_concept,,
dota2-scripts,input macro,editorial_entity_or_concept,,
dota2-scripts,bot scripting,editorial_entity_or_concept,,
dota2-scripts,automation,editorial_entity_or_concept,,
dota2-scripts,workshop,editorial_entity_or_concept,,
dota2-scripts,decision making,editorial_entity_or_concept,,
dota2-invoker,Invoker,editorial_entity_or_concept,,
dota2-invoker,spell combination,editorial_entity_or_concept,,
dota2-invoker,input sequence,editorial_entity_or_concept,,
dota2-invoker,target choice,editorial_entity_or_concept,,
dota2-invoker,cooldown,editorial_entity_or_concept,,
dota2-invoker,player decision,editorial_entity_or_concept,,
dota2-meepo,Meepo,editorial_entity_or_concept,,
dota2-meepo,unit control,editorial_entity_or_concept,,
dota2-meepo,control group,editorial_entity_or_concept,,
dota2-meepo,target choice,editorial_entity_or_concept,,
dota2-meepo,positioning,editorial_entity_or_concept,,
dota2-meepo,micro,editorial_entity_or_concept,,
dota2-maphack,fog of war,editorial_entity_or_concept,,
dota2-maphack,vision,editorial_entity_or_concept,,
dota2-maphack,information advantage,editorial_entity_or_concept,,
dota2-maphack,minimap,editorial_entity_or_concept,,
dota2-maphack,ward,editorial_entity_or_concept,,
dota2-maphack,vendor claim,editorial_entity_or_concept,,
dota2-ward-tracker,observer ward,editorial_entity_or_concept,,
dota2-ward-tracker,sentry ward,editorial_entity_or_concept,,
dota2-ward-tracker,vision,editorial_entity_or_concept,,
dota2-ward-tracker,timer,editorial_entity_or_concept,,
dota2-ward-tracker,ward placement,editorial_entity_or_concept,,
dota2-ward-tracker,information source,editorial_entity_or_concept,,
dota2-roshan,Roshan,editorial_entity_or_concept,,
dota2-roshan,respawn window,editorial_entity_or_concept,,
dota2-roshan,timer,editorial_entity_or_concept,,
dota2-roshan,vision,editorial_entity_or_concept,,
dota2-roshan,map information,editorial_entity_or_concept,,
dota2-roshan,uncertainty,editorial_entity_or_concept,,
dota2-teleport,teleport,editorial_entity_or_concept,,
dota2-teleport,destination,editorial_entity_or_concept,,
dota2-teleport,cast,editorial_entity_or_concept,,
dota2-teleport,map information,editorial_entity_or_concept,,
dota2-teleport,visibility,editorial_entity_or_concept,,
dota2-teleport,preview,editorial_entity_or_concept,,
dota2-auto-dodge,projectile,editorial_entity_or_concept,,
dota2-auto-dodge,cast timing,editorial_entity_or_concept,,
dota2-auto-dodge,movement,editorial_entity_or_concept,,
dota2-auto-dodge,reaction,editorial_entity_or_concept,,
dota2-auto-dodge,automation,editorial_entity_or_concept,,
dota2-auto-dodge,limitations,editorial_entity_or_concept,,
dota2-skin-changer,cosmetics,editorial_entity_or_concept,,
dota2-skin-changer,inventory,editorial_entity_or_concept,,
dota2-skin-changer,local appearance,editorial_entity_or_concept,,
dota2-skin-changer,trade,editorial_entity_or_concept,,
dota2-skin-changer,ownership,editorial_entity_or_concept,,
dota2-skin-changer,visibility,editorial_entity_or_concept,,
dota2-comparison,hero coverage,editorial_entity_or_concept,,
dota2-comparison,feature scope,editorial_entity_or_concept,,
dota2-comparison,trial,editorial_entity_or_concept,,
dota2-comparison,support,editorial_entity_or_concept,,
dota2-comparison,current version,editorial_entity_or_concept,,
dota2-comparison,commercial interest,editorial_entity_or_concept,,
dota2-auto-last-hit,last hit,editorial_entity_or_concept,,
dota2-auto-last-hit,deny,editorial_entity_or_concept,,
dota2-auto-last-hit,lane equilibrium,editorial_entity_or_concept,,
dota2-auto-last-hit,timing,editorial_entity_or_concept,,
dota2-auto-last-hit,target choice,editorial_entity_or_concept,,
dota2-auto-last-hit,automation,editorial_entity_or_concept,,
dota2-commands,custom lobby,editorial_entity_or_concept,,
dota2-commands,console,editorial_entity_or_concept,,
dota2-commands,practice,editorial_entity_or_concept,,
dota2-commands,bot,editorial_entity_or_concept,,
dota2-commands,script,editorial_entity_or_concept,,
dota2-commands,third-party software,editorial_entity_or_concept,,
deadlock-auto-parry,melee,editorial_entity_or_concept,,
deadlock-auto-parry,parry,editorial_entity_or_concept,,
deadlock-auto-parry,timing,editorial_entity_or_concept,,
deadlock-auto-parry,reaction,editorial_entity_or_concept,,
deadlock-auto-parry,automation,editorial_entity_or_concept,,
deadlock-auto-parry,counterplay,editorial_entity_or_concept,,
deadlock-souls,soul orb,editorial_entity_or_concept,,
deadlock-souls,secure,editorial_entity_or_concept,,
deadlock-souls,deny,editorial_entity_or_concept,,
deadlock-souls,target type,editorial_entity_or_concept,,
deadlock-souls,aim assistance,editorial_entity_or_concept,,
deadlock-souls,resource,editorial_entity_or_concept,,
deadlock-esp,ESP,editorial_entity_or_concept,,
deadlock-esp,radar,editorial_entity_or_concept,,
deadlock-esp,line of sight,editorial_entity_or_concept,,
deadlock-esp,map information,editorial_entity_or_concept,,
deadlock-esp,overlay,editorial_entity_or_concept,,
deadlock-esp,visibility,editorial_entity_or_concept,,
deadlock-aimbot,projectile,editorial_entity_or_concept,,
deadlock-aimbot,target type,editorial_entity_or_concept,,
deadlock-aimbot,aim assistance,editorial_entity_or_concept,,
deadlock-aimbot,prediction,editorial_entity_or_concept,,
deadlock-aimbot,player,editorial_entity_or_concept,,
deadlock-aimbot,orb,editorial_entity_or_concept,,
deadlock-fov,field of view,editorial_entity_or_concept,,
deadlock-fov,camera,editorial_entity_or_concept,,
deadlock-fov,viewport,editorial_entity_or_concept,,
deadlock-fov,aiming area,editorial_entity_or_concept,,
deadlock-fov,setting,editorial_entity_or_concept,,
deadlock-fov,terminology,editorial_entity_or_concept,,
deadlock-combos,hero,editorial_entity_or_concept,,
deadlock-combos,ability sequence,editorial_entity_or_concept,,
deadlock-combos,cooldown,editorial_entity_or_concept,,
deadlock-combos,target,editorial_entity_or_concept,,
deadlock-combos,positioning,editorial_entity_or_concept,,
deadlock-combos,automation,editorial_entity_or_concept,,
deadlock-dodger,movement,editorial_entity_or_concept,,
deadlock-dodger,projectile,editorial_entity_or_concept,,
deadlock-dodger,reaction,editorial_entity_or_concept,,
deadlock-dodger,cast,editorial_entity_or_concept,,
deadlock-dodger,prediction,editorial_entity_or_concept,,
deadlock-dodger,limitations,editorial_entity_or_concept,,
deadlock-comparison,feature scope,editorial_entity_or_concept,,
deadlock-comparison,hero coverage,editorial_entity_or_concept,,
deadlock-comparison,status date,editorial_entity_or_concept,,
deadlock-comparison,support,editorial_entity_or_concept,,
deadlock-comparison,pricing date,editorial_entity_or_concept,,
deadlock-comparison,disclosure,editorial_entity_or_concept,,
deadlock-trial,trial,editorial_entity_or_concept,,
deadlock-trial,free tier,editorial_entity_or_concept,,
deadlock-trial,access duration,editorial_entity_or_concept,,
deadlock-trial,support,editorial_entity_or_concept,,
deadlock-trial,feature restriction,editorial_entity_or_concept,,
deadlock-trial,renewal,editorial_entity_or_concept,,
deadlock-commands,Valve Deadlock,editorial_entity_or_concept,,
deadlock-commands,sandbox,editorial_entity_or_concept,,
deadlock-commands,console,editorial_entity_or_concept,,
deadlock-commands,practice task,editorial_entity_or_concept,,
deadlock-commands,command syntax,editorial_entity_or_concept,,
deadlock-commands,supported context,editorial_entity_or_concept,,
cs2-hub,features,editorial_entity_or_concept,,
cs2-hub,comparison,editorial_entity_or_concept,,
cs2-hub,console commands,editorial_entity_or_concept,,
cs2-hub,scripts,editorial_entity_or_concept,,
dota2-hub,features,editorial_entity_or_concept,,
dota2-hub,comparison,editorial_entity_or_concept,,
dota2-hub,console commands,editorial_entity_or_concept,,
dota2-hub,scripts,editorial_entity_or_concept,,
deadlock-hub,features,editorial_entity_or_concept,,
deadlock-hub,comparison,editorial_entity_or_concept,,
deadlock-hub,console commands,editorial_entity_or_concept,,
deadlock-hub,scripts,editorial_entity_or_concept,,
deadlock-free-download,free version,editorial_entity_or_concept,,
deadlock-free-download,trial duration,editorial_entity_or_concept,,
deadlock-free-download,feature limits,editorial_entity_or_concept,,
deadlock-free-download,subscription,editorial_entity_or_concept,,
deadlock-free-download,official website,editorial_entity_or_concept,,
deadlock-free-download,availability,editorial_entity_or_concept,,
deadlock-free-download,last checked,editorial_entity_or_concept,,
cs2-free-download,free version,editorial_entity_or_concept,,
cs2-free-download,trial duration,editorial_entity_or_concept,,
cs2-free-download,feature limits,editorial_entity_or_concept,,
cs2-free-download,subscription,editorial_entity_or_concept,,
cs2-free-download,official website,editorial_entity_or_concept,,
cs2-free-download,availability,editorial_entity_or_concept,,
cs2-free-download,last checked,editorial_entity_or_concept,,
dota2-free-download,free version,editorial_entity_or_concept,,
dota2-free-download,trial duration,editorial_entity_or_concept,,
dota2-free-download,feature limits,editorial_entity_or_concept,,
dota2-free-download,subscription,editorial_entity_or_concept,,
dota2-free-download,official website,editorial_entity_or_concept,,
dota2-free-download,availability,editorial_entity_or_concept,,
dota2-free-download,last checked,editorial_entity_or_concept,,
cs2-external,counter strike,observed_corpus_cooccurrence,4,https://anyx.gg/ | https://cheatix.to/information/counter-strike-2/best-cheats | https://cs2-cheats.com/ | https://en.exloader.net/
cs2-external,counter,observed_corpus_cooccurrence,4,https://anyx.gg/ | https://cheatix.to/information/counter-strike-2/best-cheats | https://cs2-cheats.com/ | https://en.exloader.net/
cs2-external,no,observed_corpus_cooccurrence,4,https://anyx.gg/ | https://cheatix.to/information/counter-strike-2/best-cheats | https://cs2-cheats.com/ | https://en.exloader.net/
cs2-external,so,observed_corpus_cooccurrence,4,https://anyx.gg/ | https://cheatix.to/information/counter-strike-2/best-cheats | https://cs2-cheats.com/ | https://en.exloader.net/
cs2-external,strike,observed_corpus_cooccurrence,4,https://anyx.gg/ | https://cheatix.to/information/counter-strike-2/best-cheats | https://cs2-cheats.com/ | https://en.exloader.net/
cs2-external,about,observed_corpus_cooccurrence,3,https://cheatix.to/information/counter-strike-2/best-cheats | https://cs2-cheats.com/ | https://en.exloader.net/
cs2-external,account,observed_corpus_cooccurrence,3,https://cheatix.to/information/counter-strike-2/best-cheats | https://cs2-cheats.com/ | https://en.exloader.net/
cs2-external,after,observed_corpus_cooccurrence,3,https://cheatix.to/information/counter-strike-2/best-cheats | https://cs2-cheats.com/ | https://en.exloader.net/
cs2-external,aim,observed_corpus_cooccurrence,3,https://cheatix.to/information/counter-strike-2/best-cheats | https://cs2-cheats.com/ | https://en.exloader.net/
cs2-external,aimbot,observed_corpus_cooccurrence,3,https://cheatix.to/information/counter-strike-2/best-cheats | https://cs2-cheats.com/ | https://en.exloader.net/
cs2-external,anti,observed_corpus_cooccurrence,3,https://cheatix.to/information/counter-strike-2/best-cheats | https://cs2-cheats.com/ | https://en.exloader.net/
cs2-external,any,observed_corpus_cooccurrence,3,https://anyx.gg/ | https://cheatix.to/information/counter-strike-2/best-cheats | https://en.exloader.net/
cs2-external,but,observed_corpus_cooccurrence,3,https://anyx.gg/ | https://cheatix.to/information/counter-strike-2/best-cheats | https://en.exloader.net/
cs2-external,choose,observed_corpus_cooccurrence,3,https://cheatix.to/information/counter-strike-2/best-cheats | https://cs2-cheats.com/ | https://en.exloader.net/
cs2-external,cs,observed_corpus_cooccurrence,3,https://cheatix.to/information/counter-strike-2/best-cheats | https://cs2-cheats.com/ | https://en.exloader.net/
cs2-external,different,observed_corpus_cooccurrence,3,https://cheatix.to/information/counter-strike-2/best-cheats | https://cs2-cheats.com/ | https://en.exloader.net/
cs2-external,do,observed_corpus_cooccurrence,3,https://cheatix.to/information/counter-strike-2/best-cheats | https://cs2-cheats.com/ | https://en.exloader.net/
cs2-external,esp,observed_corpus_cooccurrence,3,https://cheatix.to/information/counter-strike-2/best-cheats | https://cs2-cheats.com/ | https://en.exloader.net/
cs2-external,every,observed_corpus_cooccurrence,3,https://anyx.gg/ | https://cheatix.to/information/counter-strike-2/best-cheats | https://cs2-cheats.com/
cs2-external,external,observed_corpus_cooccurrence,3,https://cheatix.to/information/counter-strike-2/best-cheats | https://cs2-cheats.com/ | https://en.exloader.net/
cs2-external,features,observed_corpus_cooccurrence,3,https://cheatix.to/information/counter-strike-2/best-cheats | https://cs2-cheats.com/ | https://en.exloader.net/
cs2-external,grenades,observed_corpus_cooccurrence,3,https://anyx.gg/ | https://cheatix.to/information/counter-strike-2/best-cheats | https://en.exloader.net/
cs2-external,hacks,observed_corpus_cooccurrence,3,https://cheatix.to/information/counter-strike-2/best-cheats | https://cs2-cheats.com/ | https://en.exloader.net/
cs2-external,have,observed_corpus_cooccurrence,3,https://anyx.gg/ | https://cheatix.to/information/counter-strike-2/best-cheats | https://en.exloader.net/
cs2-external,if,observed_corpus_cooccurrence,3,https://cheatix.to/information/counter-strike-2/best-cheats | https://cs2-cheats.com/ | https://en.exloader.net/
cs2-external,installation,observed_corpus_cooccurrence,3,https://cheatix.to/information/counter-strike-2/best-cheats | https://cs2-cheats.com/ | https://en.exloader.net/
cs2-external,key,observed_corpus_cooccurrence,3,https://cheatix.to/information/counter-strike-2/best-cheats | https://cs2-cheats.com/ | https://en.exloader.net/
cs2-external,latest,observed_corpus_cooccurrence,3,https://cheatix.to/information/counter-strike-2/best-cheats | https://cs2-cheats.com/ | https://en.exloader.net/
cs2-external,legit,observed_corpus_cooccurrence,3,https://cheatix.to/information/counter-strike-2/best-cheats | https://cs2-cheats.com/ | https://en.exloader.net/
cs2-external,map,observed_corpus_cooccurrence,3,https://anyx.gg/ | https://cheatix.to/information/counter-strike-2/best-cheats | https://en.exloader.net/
cs2-external,menu,observed_corpus_cooccurrence,3,https://cheatix.to/information/counter-strike-2/best-cheats | https://cs2-cheats.com/ | https://en.exloader.net/
cs2-external,most,observed_corpus_cooccurrence,3,https://cheatix.to/information/counter-strike-2/best-cheats | https://cs2-cheats.com/ | https://en.exloader.net/
cs2-external,need,observed_corpus_cooccurrence,3,https://cheatix.to/information/counter-strike-2/best-cheats | https://cs2-cheats.com/ | https://en.exloader.net/
cs2-external,now,observed_corpus_cooccurrence,3,https://anyx.gg/ | https://cs2-cheats.com/ | https://en.exloader.net/
cs2-external,one,observed_corpus_cooccurrence,3,https://cheatix.to/information/counter-strike-2/best-cheats | https://cs2-cheats.com/ | https://en.exloader.net/
cs2-external,only,observed_corpus_cooccurrence,3,https://cheatix.to/information/counter-strike-2/best-cheats | https://cs2-cheats.com/ | https://en.exloader.net/
cs2-external,other,observed_corpus_cooccurrence,3,https://cheatix.to/information/counter-strike-2/best-cheats | https://cs2-cheats.com/ | https://en.exloader.net/
cs2-external,play,observed_corpus_cooccurrence,3,https://cheatix.to/information/counter-strike-2/best-cheats | https://cs2-cheats.com/ | https://en.exloader.net/
cs2-external,player,observed_corpus_cooccurrence,3,https://anyx.gg/ | https://cheatix.to/information/counter-strike-2/best-cheats | https://cs2-cheats.com/
cs2-external,provide,observed_corpus_cooccurrence,3,https://cheatix.to/information/counter-strike-2/best-cheats | https://cs2-cheats.com/ | https://en.exloader.net/
cs2-external,questions,observed_corpus_cooccurrence,3,https://cheatix.to/information/counter-strike-2/best-cheats | https://cs2-cheats.com/ | https://en.exloader.net/
cs2-external,risk,observed_corpus_cooccurrence,3,https://cheatix.to/information/counter-strike-2/best-cheats | https://cs2-cheats.com/ | https://en.exloader.net/
cs2-external,setup,observed_corpus_cooccurrence,3,https://cheatix.to/information/counter-strike-2/best-cheats | https://cs2-cheats.com/ | https://en.exloader.net/
cs2-external,support,observed_corpus_cooccurrence,3,https://cheatix.to/information/counter-strike-2/best-cheats | https://cs2-cheats.com/ | https://en.exloader.net/
cs2-external,top,observed_corpus_cooccurrence,3,https://cheatix.to/information/counter-strike-2/best-cheats | https://cs2-cheats.com/ | https://en.exloader.net/
cs2-triggerbot,no,observed_corpus_cooccurrence,6,https://anyx.gg/ | https://cheatix.to/information/counter-strike-2/best-cheats | https://cs2-cheats.com/ | https://cswatch.gg/blog/cs2-cheat-types-explained | https://en.exloader.net/ | https://steamreport.net/blog/cs2-cheating-types-explained
cs2-triggerbot,so,observed_corpus_cooccurrence,6,https://anyx.gg/ | https://cheatix.to/information/counter-strike-2/best-cheats | https://cs2-cheats.com/ | https://cswatch.gg/blog/cs2-cheat-types-explained | https://en.exloader.net/ | https://steamreport.net/blog/cs2-cheating-types-explained
cs2-triggerbot,counter strike,observed_corpus_cooccurrence,5,https://anyx.gg/ | https://cheatix.to/information/counter-strike-2/best-cheats | https://cs2-cheats.com/ | https://en.exloader.net/ | https://steamreport.net/blog/cs2-cheating-types-explained
cs2-triggerbot,about,observed_corpus_cooccurrence,5,https://cheatix.to/information/counter-strike-2/best-cheats | https://cs2-cheats.com/ | https://cswatch.gg/blog/cs2-cheat-types-explained | https://en.exloader.net/ | https://steamreport.net/blog/cs2-cheating-types-explained
cs2-triggerbot,account,observed_corpus_cooccurrence,5,https://cheatix.to/information/counter-strike-2/best-cheats | https://cs2-cheats.com/ | https://cswatch.gg/blog/cs2-cheat-types-explained | https://en.exloader.net/ | https://steamreport.net/blog/cs2-cheating-types-explained
cs2-triggerbot,aim,observed_corpus_cooccurrence,5,https://cheatix.to/information/counter-strike-2/best-cheats | https://cs2-cheats.com/ | https://cswatch.gg/blog/cs2-cheat-types-explained | https://en.exloader.net/ | https://steamreport.net/blog/cs2-cheating-types-explained
cs2-triggerbot,aimbot,observed_corpus_cooccurrence,5,https://cheatix.to/information/counter-strike-2/best-cheats | https://cs2-cheats.com/ | https://cswatch.gg/blog/cs2-cheat-types-explained | https://en.exloader.net/ | https://steamreport.net/blog/cs2-cheating-types-explained
cs2-triggerbot,anti,observed_corpus_cooccurrence,5,https://cheatix.to/information/counter-strike-2/best-cheats | https://cs2-cheats.com/ | https://cswatch.gg/blog/cs2-cheat-types-explained | https://en.exloader.net/ | https://steamreport.net/blog/cs2-cheating-types-explained
cs2-triggerbot,any,observed_corpus_cooccurrence,5,https://anyx.gg/ | https://cheatix.to/information/counter-strike-2/best-cheats | https://cswatch.gg/blog/cs2-cheat-types-explained | https://en.exloader.net/ | https://steamreport.net/blog/cs2-cheating-types-explained
cs2-triggerbot,but,observed_corpus_cooccurrence,5,https://anyx.gg/ | https://cheatix.to/information/counter-strike-2/best-cheats | https://cswatch.gg/blog/cs2-cheat-types-explained | https://en.exloader.net/ | https://steamreport.net/blog/cs2-cheating-types-explained
cs2-triggerbot,counter,observed_corpus_cooccurrence,5,https://anyx.gg/ | https://cheatix.to/information/counter-strike-2/best-cheats | https://cs2-cheats.com/ | https://en.exloader.net/ | https://steamreport.net/blog/cs2-cheating-types-explained
cs2-triggerbot,do,observed_corpus_cooccurrence,5,https://cheatix.to/information/counter-strike-2/best-cheats | https://cs2-cheats.com/ | https://cswatch.gg/blog/cs2-cheat-types-explained | https://en.exloader.net/ | https://steamreport.net/blog/cs2-cheating-types-explained
cs2-triggerbot,esp,observed_corpus_cooccurrence,5,https://cheatix.to/information/counter-strike-2/best-cheats | https://cs2-cheats.com/ | https://cswatch.gg/blog/cs2-cheat-types-explained | https://en.exloader.net/ | https://steamreport.net/blog/cs2-cheating-types-explained
cs2-triggerbot,hacks,observed_corpus_cooccurrence,5,https://cheatix.to/information/counter-strike-2/best-cheats | https://cs2-cheats.com/ | https://cswatch.gg/blog/cs2-cheat-types-explained | https://en.exloader.net/ | https://steamreport.net/blog/cs2-cheating-types-explained
cs2-triggerbot,if,observed_corpus_cooccurrence,5,https://cheatix.to/information/counter-strike-2/best-cheats | https://cs2-cheats.com/ | https://cswatch.gg/blog/cs2-cheat-types-explained | https://en.exloader.net/ | https://steamreport.net/blog/cs2-cheating-types-explained
cs2-triggerbot,legit,observed_corpus_cooccurrence,5,https://cheatix.to/information/counter-strike-2/best-cheats | https://cs2-cheats.com/ | https://cswatch.gg/blog/cs2-cheat-types-explained | https://en.exloader.net/ | https://steamreport.net/blog/cs2-cheating-types-explained
cs2-triggerbot,most,observed_corpus_cooccurrence,5,https://cheatix.to/information/counter-strike-2/best-cheats | https://cs2-cheats.com/ | https://cswatch.gg/blog/cs2-cheat-types-explained | https://en.exloader.net/ | https://steamreport.net/blog/cs2-cheating-types-explained
cs2-triggerbot,one,observed_corpus_cooccurrence,5,https://cheatix.to/information/counter-strike-2/best-cheats | https://cs2-cheats.com/ | https://cswatch.gg/blog/cs2-cheat-types-explained | https://en.exloader.net/ | https://steamreport.net/blog/cs2-cheating-types-explained
cs2-triggerbot,only,observed_corpus_cooccurrence,5,https://cheatix.to/information/counter-strike-2/best-cheats | https://cs2-cheats.com/ | https://cswatch.gg/blog/cs2-cheat-types-explained | https://en.exloader.net/ | https://steamreport.net/blog/cs2-cheating-types-explained
cs2-triggerbot,player,observed_corpus_cooccurrence,5,https://anyx.gg/ | https://cheatix.to/information/counter-strike-2/best-cheats | https://cs2-cheats.com/ | https://cswatch.gg/blog/cs2-cheat-types-explained | https://steamreport.net/blog/cs2-cheating-types-explained
cs2-triggerbot,strike,observed_corpus_cooccurrence,5,https://anyx.gg/ | https://cheatix.to/information/counter-strike-2/best-cheats | https://cs2-cheats.com/ | https://en.exloader.net/ | https://steamreport.net/blog/cs2-cheating-types-explained
cs2-triggerbot,vac,observed_corpus_cooccurrence,5,https://cheatix.to/information/counter-strike-2/best-cheats | https://cs2-cheats.com/ | https://cswatch.gg/blog/cs2-cheat-types-explained | https://en.exloader.net/ | https://steamreport.net/blog/cs2-cheating-types-explained
cs2-triggerbot,where,observed_corpus_cooccurrence,5,https://cheatix.to/information/counter-strike-2/best-cheats | https://cs2-cheats.com/ | https://cswatch.gg/blog/cs2-cheat-types-explained | https://en.exloader.net/ | https://steamreport.net/blog/cs2-cheating-types-explained
cs2-triggerbot,after,observed_corpus_cooccurrence,4,https://cheatix.to/information/counter-strike-2/best-cheats | https://cs2-cheats.com/ | https://cswatch.gg/blog/cs2-cheat-types-explained | https://en.exloader.net/
cs2-triggerbot,common,observed_corpus_cooccurrence,4,https://cheatix.to/information/counter-strike-2/best-cheats | https://cswatch.gg/blog/cs2-cheat-types-explained | https://en.exloader.net/ | https://steamreport.net/blog/cs2-cheating-types-explained
cs2-triggerbot,detection,observed_corpus_cooccurrence,4,https://cheatix.to/information/counter-strike-2/best-cheats | https://cs2-cheats.com/ | https://cswatch.gg/blog/cs2-cheat-types-explained | https://steamreport.net/blog/cs2-cheating-types-explained
cs2-triggerbot,different,observed_corpus_cooccurrence,4,https://cheatix.to/information/counter-strike-2/best-cheats | https://cs2-cheats.com/ | https://cswatch.gg/blog/cs2-cheat-types-explained | https://en.exloader.net/
cs2-triggerbot,each,observed_corpus_cooccurrence,4,https://cheatix.to/information/counter-strike-2/best-cheats | https://cswatch.gg/blog/cs2-cheat-types-explained | https://en.exloader.net/ | https://steamreport.net/blog/cs2-cheating-types-explained
cs2-triggerbot,every,observed_corpus_cooccurrence,4,https://anyx.gg/ | https://cheatix.to/information/counter-strike-2/best-cheats | https://cs2-cheats.com/ | https://cswatch.gg/blog/cs2-cheat-types-explained
cs2-triggerbot,external,observed_corpus_cooccurrence,4,https://cheatix.to/information/counter-strike-2/best-cheats | https://cs2-cheats.com/ | https://en.exloader.net/ | https://steamreport.net/blog/cs2-cheating-types-explained
cs2-triggerbot,full,observed_corpus_cooccurrence,4,https://cheatix.to/information/counter-strike-2/best-cheats | https://cs2-cheats.com/ | https://cswatch.gg/blog/cs2-cheat-types-explained | https://steamreport.net/blog/cs2-cheating-types-explained
cs2-triggerbot,guide,observed_corpus_cooccurrence,4,https://cheatix.to/information/counter-strike-2/best-cheats | https://cs2-cheats.com/ | https://cswatch.gg/blog/cs2-cheat-types-explained | https://steamreport.net/blog/cs2-cheating-types-explained
cs2-triggerbot,have,observed_corpus_cooccurrence,4,https://anyx.gg/ | https://cheatix.to/information/counter-strike-2/best-cheats | https://en.exloader.net/ | https://steamreport.net/blog/cs2-cheating-types-explained
cs2-triggerbot,health,observed_corpus_cooccurrence,4,https://cheatix.to/information/counter-strike-2/best-cheats | https://cs2-cheats.com/ | https://cswatch.gg/blog/cs2-cheat-types-explained | https://steamreport.net/blog/cs2-cheating-types-explained
cs2-triggerbot,information,observed_corpus_cooccurrence,4,https://cheatix.to/information/counter-strike-2/best-cheats | https://cswatch.gg/blog/cs2-cheat-types-explained | https://en.exloader.net/ | https://steamreport.net/blog/cs2-cheating-types-explained
cs2-triggerbot,key,observed_corpus_cooccurrence,4,https://cheatix.to/information/counter-strike-2/best-cheats | https://cs2-cheats.com/ | https://en.exloader.net/ | https://steamreport.net/blog/cs2-cheating-types-explained
cs2-triggerbot,map,observed_corpus_cooccurrence,4,https://anyx.gg/ | https://cheatix.to/information/counter-strike-2/best-cheats | https://en.exloader.net/ | https://steamreport.net/blog/cs2-cheating-types-explained
cs2-triggerbot,need,observed_corpus_cooccurrence,4,https://cheatix.to/information/counter-strike-2/best-cheats | https://cs2-cheats.com/ | https://en.exloader.net/ | https://steamreport.net/blog/cs2-cheating-types-explained
cs2-triggerbot,other,observed_corpus_cooccurrence,4,https://cheatix.to/information/counter-strike-2/best-cheats | https://cs2-cheats.com/ | https://en.exloader.net/ | https://steamreport.net/blog/cs2-cheating-types-explained
cs2-triggerbot,over,observed_corpus_cooccurrence,4,https://cheatix.to/information/counter-strike-2/best-cheats | https://cs2-cheats.com/ | https://cswatch.gg/blog/cs2-cheat-types-explained | https://steamreport.net/blog/cs2-cheating-types-explained
cs2-triggerbot,play,observed_corpus_cooccurrence,4,https://cheatix.to/information/counter-strike-2/best-cheats | https://cs2-cheats.com/ | https://en.exloader.net/ | https://steamreport.net/blog/cs2-cheating-types-explained
cs2-triggerbot,provide,observed_corpus_cooccurrence,4,https://cheatix.to/information/counter-strike-2/best-cheats | https://cs2-cheats.com/ | https://en.exloader.net/ | https://steamreport.net/blog/cs2-cheating-types-explained
cs2-triggerbot,rage,observed_corpus_cooccurrence,4,https://cheatix.to/information/counter-strike-2/best-cheats | https://cs2-cheats.com/ | https://cswatch.gg/blog/cs2-cheat-types-explained | https://steamreport.net/blog/cs2-cheating-types-explained
cs2-triggerbot,software,observed_corpus_cooccurrence,4,https://cheatix.to/information/counter-strike-2/best-cheats | https://cswatch.gg/blog/cs2-cheat-types-explained | https://en.exloader.net/ | https://steamreport.net/blog/cs2-cheating-types-explained
cs2-triggerbot,something,observed_corpus_cooccurrence,4,https://cheatix.to/information/counter-strike-2/best-cheats | https://cswatch.gg/blog/cs2-cheat-types-explained | https://en.exloader.net/ | https://steamreport.net/blog/cs2-cheating-types-explained
cs2-esp,counter strike,observed_corpus_cooccurrence,5,https://anyx.gg/ | https://chamscheats.com/counter-strike-2-aimbot-esp-wallhack-undetected/ | https://cheatix.to/information/counter-strike-2/best-cheats | https://cs2-cheats.com/ | https://en.exloader.net/
cs2-esp,anti,observed_corpus_cooccurrence,5,https://chamscheats.com/counter-strike-2-aimbot-esp-wallhack-undetected/ | https://cheatix.to/information/counter-strike-2/best-cheats | https://cs2-cheats.com/ | https://en.exloader.net/ | https://www.gamer.ru/en/p/radar-khak-v-cs2-nevidimaya-ugroza-BEWc3dHWwnc0Z
cs2-esp,but,observed_corpus_cooccurrence,5,https://anyx.gg/ | https://chamscheats.com/counter-strike-2-aimbot-esp-wallhack-undetected/ | https://cheatix.to/information/counter-strike-2/best-cheats | https://en.exloader.net/ | https://www.gamer.ru/en/p/radar-khak-v-cs2-nevidimaya-ugroza-BEWc3dHWwnc0Z
cs2-esp,choose,observed_corpus_cooccurrence,5,https://chamscheats.com/counter-strike-2-aimbot-esp-wallhack-undetected/ | https://cheatix.to/information/counter-strike-2/best-cheats | https://cs2-cheats.com/ | https://en.exloader.net/ | https://www.gamer.ru/en/p/radar-khak-v-cs2-nevidimaya-ugroza-BEWc3dHWwnc0Z
cs2-esp,counter,observed_corpus_cooccurrence,5,https://anyx.gg/ | https://chamscheats.com/counter-strike-2-aimbot-esp-wallhack-undetected/ | https://cheatix.to/information/counter-strike-2/best-cheats | https://cs2-cheats.com/ | https://en.exloader.net/
cs2-esp,esp,observed_corpus_cooccurrence,5,https://chamscheats.com/counter-strike-2-aimbot-esp-wallhack-undetected/ | https://cheatix.to/information/counter-strike-2/best-cheats | https://cs2-cheats.com/ | https://en.exloader.net/ | https://www.gamer.ru/en/p/radar-khak-v-cs2-nevidimaya-ugroza-BEWc3dHWwnc0Z
cs2-esp,every,observed_corpus_cooccurrence,5,https://anyx.gg/ | https://chamscheats.com/counter-strike-2-aimbot-esp-wallhack-undetected/ | https://cheatix.to/information/counter-strike-2/best-cheats | https://cs2-cheats.com/ | https://www.gamer.ru/en/p/radar-khak-v-cs2-nevidimaya-ugroza-BEWc3dHWwnc0Z
cs2-esp,hacks,observed_corpus_cooccurrence,5,https://chamscheats.com/counter-strike-2-aimbot-esp-wallhack-undetected/ | https://cheatix.to/information/counter-strike-2/best-cheats | https://cs2-cheats.com/ | https://en.exloader.net/ | https://www.gamer.ru/en/p/radar-khak-v-cs2-nevidimaya-ugroza-BEWc3dHWwnc0Z
cs2-esp,most,observed_corpus_cooccurrence,5,https://chamscheats.com/counter-strike-2-aimbot-esp-wallhack-undetected/ | https://cheatix.to/information/counter-strike-2/best-cheats | https://cs2-cheats.com/ | https://en.exloader.net/ | https://www.gamer.ru/en/p/radar-khak-v-cs2-nevidimaya-ugroza-BEWc3dHWwnc0Z
cs2-esp,no,observed_corpus_cooccurrence,5,https://anyx.gg/ | https://chamscheats.com/counter-strike-2-aimbot-esp-wallhack-undetected/ | https://cheatix.to/information/counter-strike-2/best-cheats | https://cs2-cheats.com/ | https://en.exloader.net/
cs2-esp,one,observed_corpus_cooccurrence,5,https://chamscheats.com/counter-strike-2-aimbot-esp-wallhack-undetected/ | https://cheatix.to/information/counter-strike-2/best-cheats | https://cs2-cheats.com/ | https://en.exloader.net/ | https://www.gamer.ru/en/p/radar-khak-v-cs2-nevidimaya-ugroza-BEWc3dHWwnc0Z
cs2-esp,only,observed_corpus_cooccurrence,5,https://chamscheats.com/counter-strike-2-aimbot-esp-wallhack-undetected/ | https://cheatix.to/information/counter-strike-2/best-cheats | https://cs2-cheats.com/ | https://en.exloader.net/ | https://www.gamer.ru/en/p/radar-khak-v-cs2-nevidimaya-ugroza-BEWc3dHWwnc0Z
cs2-esp,play,observed_corpus_cooccurrence,5,https://chamscheats.com/counter-strike-2-aimbot-esp-wallhack-undetected/ | https://cheatix.to/information/counter-strike-2/best-cheats | https://cs2-cheats.com/ | https://en.exloader.net/ | https://www.gamer.ru/en/p/radar-khak-v-cs2-nevidimaya-ugroza-BEWc3dHWwnc0Z
cs2-esp,player,observed_corpus_cooccurrence,5,https://anyx.gg/ | https://chamscheats.com/counter-strike-2-aimbot-esp-wallhack-undetected/ | https://cheatix.to/information/counter-strike-2/best-cheats | https://cs2-cheats.com/ | https://www.gamer.ru/en/p/radar-khak-v-cs2-nevidimaya-ugroza-BEWc3dHWwnc0Z
cs2-esp,risk,observed_corpus_cooccurrence,5,https://chamscheats.com/counter-strike-2-aimbot-esp-wallhack-undetected/ | https://cheatix.to/information/counter-strike-2/best-cheats | https://cs2-cheats.com/ | https://en.exloader.net/ | https://www.gamer.ru/en/p/radar-khak-v-cs2-nevidimaya-ugroza-BEWc3dHWwnc0Z
cs2-esp,so,observed_corpus_cooccurrence,5,https://anyx.gg/ | https://chamscheats.com/counter-strike-2-aimbot-esp-wallhack-undetected/ | https://cheatix.to/information/counter-strike-2/best-cheats | https://cs2-cheats.com/ | https://en.exloader.net/
cs2-esp,strike,observed_corpus_cooccurrence,5,https://anyx.gg/ | https://chamscheats.com/counter-strike-2-aimbot-esp-wallhack-undetected/ | https://cheatix.to/information/counter-strike-2/best-cheats | https://cs2-cheats.com/ | https://en.exloader.net/
cs2-esp,where,observed_corpus_cooccurrence,5,https://chamscheats.com/counter-strike-2-aimbot-esp-wallhack-undetected/ | https://cheatix.to/information/counter-strike-2/best-cheats | https://cs2-cheats.com/ | https://en.exloader.net/ | https://www.gamer.ru/en/p/radar-khak-v-cs2-nevidimaya-ugroza-BEWc3dHWwnc0Z
cs2-esp,third party,observed_corpus_cooccurrence,4,https://chamscheats.com/counter-strike-2-aimbot-esp-wallhack-undetected/ | https://cs2-cheats.com/ | https://en.exloader.net/ | https://www.gamer.ru/en/p/radar-khak-v-cs2-nevidimaya-ugroza-BEWc3dHWwnc0Z
cs2-esp,account,observed_corpus_cooccurrence,4,https://chamscheats.com/counter-strike-2-aimbot-esp-wallhack-undetected/ | https://cheatix.to/information/counter-strike-2/best-cheats | https://cs2-cheats.com/ | https://en.exloader.net/
cs2-esp,aim,observed_corpus_cooccurrence,4,https://chamscheats.com/counter-strike-2-aimbot-esp-wallhack-undetected/ | https://cheatix.to/information/counter-strike-2/best-cheats | https://cs2-cheats.com/ | https://en.exloader.net/
cs2-esp,aimbot,observed_corpus_cooccurrence,4,https://chamscheats.com/counter-strike-2-aimbot-esp-wallhack-undetected/ | https://cheatix.to/information/counter-strike-2/best-cheats | https://cs2-cheats.com/ | https://en.exloader.net/
cs2-esp,any,observed_corpus_cooccurrence,4,https://anyx.gg/ | https://chamscheats.com/counter-strike-2-aimbot-esp-wallhack-undetected/ | https://cheatix.to/information/counter-strike-2/best-cheats | https://en.exloader.net/
cs2-esp,cs,observed_corpus_cooccurrence,4,https://chamscheats.com/counter-strike-2-aimbot-esp-wallhack-undetected/ | https://cheatix.to/information/counter-strike-2/best-cheats | https://cs2-cheats.com/ | https://en.exloader.net/
cs2-esp,detection,observed_corpus_cooccurrence,4,https://chamscheats.com/counter-strike-2-aimbot-esp-wallhack-undetected/ | https://cheatix.to/information/counter-strike-2/best-cheats | https://cs2-cheats.com/ | https://www.gamer.ru/en/p/radar-khak-v-cs2-nevidimaya-ugroza-BEWc3dHWwnc0Z
cs2-esp,different,observed_corpus_cooccurrence,4,https://chamscheats.com/counter-strike-2-aimbot-esp-wallhack-undetected/ | https://cheatix.to/information/counter-strike-2/best-cheats | https://cs2-cheats.com/ | https://en.exloader.net/
cs2-esp,do,observed_corpus_cooccurrence,4,https://chamscheats.com/counter-strike-2-aimbot-esp-wallhack-undetected/ | https://cheatix.to/information/counter-strike-2/best-cheats | https://cs2-cheats.com/ | https://en.exloader.net/
cs2-esp,features,observed_corpus_cooccurrence,4,https://chamscheats.com/counter-strike-2-aimbot-esp-wallhack-undetected/ | https://cheatix.to/information/counter-strike-2/best-cheats | https://cs2-cheats.com/ | https://en.exloader.net/
cs2-esp,grenades,observed_corpus_cooccurrence,4,https://anyx.gg/ | https://chamscheats.com/counter-strike-2-aimbot-esp-wallhack-undetected/ | https://cheatix.to/information/counter-strike-2/best-cheats | https://en.exloader.net/
cs2-esp,hack,observed_corpus_cooccurrence,4,https://chamscheats.com/counter-strike-2-aimbot-esp-wallhack-undetected/ | https://cs2-cheats.com/ | https://en.exloader.net/ | https://www.gamer.ru/en/p/radar-khak-v-cs2-nevidimaya-ugroza-BEWc3dHWwnc0Z
cs2-esp,have,observed_corpus_cooccurrence,4,https://anyx.gg/ | https://chamscheats.com/counter-strike-2-aimbot-esp-wallhack-undetected/ | https://cheatix.to/information/counter-strike-2/best-cheats | https://en.exloader.net/
cs2-esp,if,observed_corpus_cooccurrence,4,https://chamscheats.com/counter-strike-2-aimbot-esp-wallhack-undetected/ | https://cheatix.to/information/counter-strike-2/best-cheats | https://cs2-cheats.com/ | https://en.exloader.net/
cs2-esp,information,observed_corpus_cooccurrence,4,https://chamscheats.com/counter-strike-2-aimbot-esp-wallhack-undetected/ | https://cheatix.to/information/counter-strike-2/best-cheats | https://en.exloader.net/ | https://www.gamer.ru/en/p/radar-khak-v-cs2-nevidimaya-ugroza-BEWc3dHWwnc0Z
cs2-esp,map,observed_corpus_cooccurrence,4,https://anyx.gg/ | https://chamscheats.com/counter-strike-2-aimbot-esp-wallhack-undetected/ | https://cheatix.to/information/counter-strike-2/best-cheats | https://en.exloader.net/
cs2-esp,need,observed_corpus_cooccurrence,4,https://chamscheats.com/counter-strike-2-aimbot-esp-wallhack-undetected/ | https://cheatix.to/information/counter-strike-2/best-cheats | https://cs2-cheats.com/ | https://en.exloader.net/
cs2-esp,party,observed_corpus_cooccurrence,4,https://chamscheats.com/counter-strike-2-aimbot-esp-wallhack-undetected/ | https://cs2-cheats.com/ | https://en.exloader.net/ | https://www.gamer.ru/en/p/radar-khak-v-cs2-nevidimaya-ugroza-BEWc3dHWwnc0Z
cs2-esp,players,observed_corpus_cooccurrence,4,https://chamscheats.com/counter-strike-2-aimbot-esp-wallhack-undetected/ | https://cheatix.to/information/counter-strike-2/best-cheats | https://cs2-cheats.com/ | https://www.gamer.ru/en/p/radar-khak-v-cs2-nevidimaya-ugroza-BEWc3dHWwnc0Z
cs2-esp,questions,observed_corpus_cooccurrence,4,https://chamscheats.com/counter-strike-2-aimbot-esp-wallhack-undetected/ | https://cheatix.to/information/counter-strike-2/best-cheats | https://cs2-cheats.com/ | https://en.exloader.net/
cs2-esp,setup,observed_corpus_cooccurrence,4,https://chamscheats.com/counter-strike-2-aimbot-esp-wallhack-undetected/ | https://cheatix.to/information/counter-strike-2/best-cheats | https://cs2-cheats.com/ | https://en.exloader.net/
cs2-esp,speed,observed_corpus_cooccurrence,4,https://chamscheats.com/counter-strike-2-aimbot-esp-wallhack-undetected/ | https://cheatix.to/information/counter-strike-2/best-cheats | https://en.exloader.net/ | https://www.gamer.ru/en/p/radar-khak-v-cs2-nevidimaya-ugroza-BEWc3dHWwnc0Z
cs2-esp,support,observed_corpus_cooccurrence,4,https://chamscheats.com/counter-strike-2-aimbot-esp-wallhack-undetected/ | https://cheatix.to/information/counter-strike-2/best-cheats | https://cs2-cheats.com/ | https://en.exloader.net/
cs2-esp,third,observed_corpus_cooccurrence,4,https://chamscheats.com/counter-strike-2-aimbot-esp-wallhack-undetected/ | https://cs2-cheats.com/ | https://en.exloader.net/ | https://www.gamer.ru/en/p/radar-khak-v-cs2-nevidimaya-ugroza-BEWc3dHWwnc0Z
cs2-esp,undetected,observed_corpus_cooccurrence,4,https://chamscheats.com/counter-strike-2-aimbot-esp-wallhack-undetected/ | https://cheatix.to/information/counter-strike-2/best-cheats | https://cs2-cheats.com/ | https://en.exloader.net/
cs2-esp,update,observed_corpus_cooccurrence,4,https://chamscheats.com/counter-strike-2-aimbot-esp-wallhack-undetected/ | https://cheatix.to/information/counter-strike-2/best-cheats | https://cs2-cheats.com/ | https://www.gamer.ru/en/p/radar-khak-v-cs2-nevidimaya-ugroza-BEWc3dHWwnc0Z
cs2-esp,updates,observed_corpus_cooccurrence,4,https://cheatix.to/information/counter-strike-2/best-cheats | https://cs2-cheats.com/ | https://en.exloader.net/ | https://www.gamer.ru/en/p/radar-khak-v-cs2-nevidimaya-ugroza-BEWc3dHWwnc0Z
cs2-aimbot,counter strike,observed_corpus_cooccurrence,4,https://anyx.gg/ | https://cheatix.to/information/counter-strike-2/best-cheats | https://cs2-cheats.com/ | https://en.exloader.net/
cs2-aimbot,counter,observed_corpus_cooccurrence,4,https://anyx.gg/ | https://cheatix.to/information/counter-strike-2/best-cheats | https://cs2-cheats.com/ | https://en.exloader.net/
cs2-aimbot,no,observed_corpus_cooccurrence,4,https://anyx.gg/ | https://cheatix.to/information/counter-strike-2/best-cheats | https://cs2-cheats.com/ | https://en.exloader.net/
cs2-aimbot,so,observed_corpus_cooccurrence,4,https://anyx.gg/ | https://cheatix.to/information/counter-strike-2/best-cheats | https://cs2-cheats.com/ | https://en.exloader.net/
cs2-aimbot,strike,observed_corpus_cooccurrence,4,https://anyx.gg/ | https://cheatix.to/information/counter-strike-2/best-cheats | https://cs2-cheats.com/ | https://en.exloader.net/
cs2-aimbot,about,observed_corpus_cooccurrence,3,https://cheatix.to/information/counter-strike-2/best-cheats | https://cs2-cheats.com/ | https://en.exloader.net/
cs2-aimbot,account,observed_corpus_cooccurrence,3,https://cheatix.to/information/counter-strike-2/best-cheats | https://cs2-cheats.com/ | https://en.exloader.net/
cs2-aimbot,after,observed_corpus_cooccurrence,3,https://cheatix.to/information/counter-strike-2/best-cheats | https://cs2-cheats.com/ | https://en.exloader.net/
cs2-aimbot,aim,observed_corpus_cooccurrence,3,https://cheatix.to/information/counter-strike-2/best-cheats | https://cs2-cheats.com/ | https://en.exloader.net/
cs2-aimbot,aimbot,observed_corpus_cooccurrence,3,https://cheatix.to/information/counter-strike-2/best-cheats | https://cs2-cheats.com/ | https://en.exloader.net/
cs2-aimbot,anti,observed_corpus_cooccurrence,3,https://cheatix.to/information/counter-strike-2/best-cheats | https://cs2-cheats.com/ | https://en.exloader.net/
cs2-aimbot,any,observed_corpus_cooccurrence,3,https://anyx.gg/ | https://cheatix.to/information/counter-strike-2/best-cheats | https://en.exloader.net/
cs2-aimbot,but,observed_corpus_cooccurrence,3,https://anyx.gg/ | https://cheatix.to/information/counter-strike-2/best-cheats | https://en.exloader.net/
cs2-aimbot,choose,observed_corpus_cooccurrence,3,https://cheatix.to/information/counter-strike-2/best-cheats | https://cs2-cheats.com/ | https://en.exloader.net/
cs2-aimbot,cs,observed_corpus_cooccurrence,3,https://cheatix.to/information/counter-strike-2/best-cheats | https://cs2-cheats.com/ | https://en.exloader.net/
cs2-aimbot,different,observed_corpus_cooccurrence,3,https://cheatix.to/information/counter-strike-2/best-cheats | https://cs2-cheats.com/ | https://en.exloader.net/
cs2-aimbot,do,observed_corpus_cooccurrence,3,https://cheatix.to/information/counter-strike-2/best-cheats | https://cs2-cheats.com/ | https://en.exloader.net/
cs2-aimbot,esp,observed_corpus_cooccurrence,3,https://cheatix.to/information/counter-strike-2/best-cheats | https://cs2-cheats.com/ | https://en.exloader.net/
cs2-aimbot,every,observed_corpus_cooccurrence,3,https://anyx.gg/ | https://cheatix.to/information/counter-strike-2/best-cheats | https://cs2-cheats.com/
cs2-aimbot,external,observed_corpus_cooccurrence,3,https://cheatix.to/information/counter-strike-2/best-cheats | https://cs2-cheats.com/ | https://en.exloader.net/
cs2-aimbot,features,observed_corpus_cooccurrence,3,https://cheatix.to/information/counter-strike-2/best-cheats | https://cs2-cheats.com/ | https://en.exloader.net/
cs2-aimbot,grenades,observed_corpus_cooccurrence,3,https://anyx.gg/ | https://cheatix.to/information/counter-strike-2/best-cheats | https://en.exloader.net/
cs2-aimbot,hacks,observed_corpus_cooccurrence,3,https://cheatix.to/information/counter-strike-2/best-cheats | https://cs2-cheats.com/ | https://en.exloader.net/
cs2-aimbot,have,observed_corpus_cooccurrence,3,https://anyx.gg/ | https://cheatix.to/information/counter-strike-2/best-cheats | https://en.exloader.net/
cs2-aimbot,if,observed_corpus_cooccurrence,3,https://cheatix.to/information/counter-strike-2/best-cheats | https://cs2-cheats.com/ | https://en.exloader.net/
cs2-aimbot,installation,observed_corpus_cooccurrence,3,https://cheatix.to/information/counter-strike-2/best-cheats | https://cs2-cheats.com/ | https://en.exloader.net/
cs2-aimbot,key,observed_corpus_cooccurrence,3,https://cheatix.to/information/counter-strike-2/best-cheats | https://cs2-cheats.com/ | https://en.exloader.net/
cs2-aimbot,latest,observed_corpus_cooccurrence,3,https://cheatix.to/information/counter-strike-2/best-cheats | https://cs2-cheats.com/ | https://en.exloader.net/
cs2-aimbot,legit,observed_corpus_cooccurrence,3,https://cheatix.to/information/counter-strike-2/best-cheats | https://cs2-cheats.com/ | https://en.exloader.net/
cs2-aimbot,map,observed_corpus_cooccurrence,3,https://anyx.gg/ | https://cheatix.to/information/counter-strike-2/best-cheats | https://en.exloader.net/
cs2-aimbot,menu,observed_corpus_cooccurrence,3,https://cheatix.to/information/counter-strike-2/best-cheats | https://cs2-cheats.com/ | https://en.exloader.net/
cs2-aimbot,most,observed_corpus_cooccurrence,3,https://cheatix.to/information/counter-strike-2/best-cheats | https://cs2-cheats.com/ | https://en.exloader.net/
cs2-aimbot,need,observed_corpus_cooccurrence,3,https://cheatix.to/information/counter-strike-2/best-cheats | https://cs2-cheats.com/ | https://en.exloader.net/
cs2-aimbot,now,observed_corpus_cooccurrence,3,https://anyx.gg/ | https://cs2-cheats.com/ | https://en.exloader.net/
cs2-aimbot,one,observed_corpus_cooccurrence,3,https://cheatix.to/information/counter-strike-2/best-cheats | https://cs2-cheats.com/ | https://en.exloader.net/
cs2-aimbot,only,observed_corpus_cooccurrence,3,https://cheatix.to/information/counter-strike-2/best-cheats | https://cs2-cheats.com/ | https://en.exloader.net/
cs2-aimbot,other,observed_corpus_cooccurrence,3,https://cheatix.to/information/counter-strike-2/best-cheats | https://cs2-cheats.com/ | https://en.exloader.net/
cs2-aimbot,play,observed_corpus_cooccurrence,3,https://cheatix.to/information/counter-strike-2/best-cheats | https://cs2-cheats.com/ | https://en.exloader.net/
cs2-aimbot,player,observed_corpus_cooccurrence,3,https://anyx.gg/ | https://cheatix.to/information/counter-strike-2/best-cheats | https://cs2-cheats.com/
cs2-aimbot,provide,observed_corpus_cooccurrence,3,https://cheatix.to/information/counter-strike-2/best-cheats | https://cs2-cheats.com/ | https://en.exloader.net/
cs2-aimbot,questions,observed_corpus_cooccurrence,3,https://cheatix.to/information/counter-strike-2/best-cheats | https://cs2-cheats.com/ | https://en.exloader.net/
cs2-aimbot,risk,observed_corpus_cooccurrence,3,https://cheatix.to/information/counter-strike-2/best-cheats | https://cs2-cheats.com/ | https://en.exloader.net/
cs2-aimbot,setup,observed_corpus_cooccurrence,3,https://cheatix.to/information/counter-strike-2/best-cheats | https://cs2-cheats.com/ | https://en.exloader.net/
cs2-aimbot,support,observed_corpus_cooccurrence,3,https://cheatix.to/information/counter-strike-2/best-cheats | https://cs2-cheats.com/ | https://en.exloader.net/
cs2-aimbot,top,observed_corpus_cooccurrence,3,https://cheatix.to/information/counter-strike-2/best-cheats | https://cs2-cheats.com/ | https://en.exloader.net/
cs2-skin-changer,counter strike,observed_corpus_cooccurrence,6,https://anyx.gg/ | https://cheatix.to/information/counter-strike-2/best-cheats | https://cs2-cheats.com/ | https://en.exloader.net/ | https://en.exloader.net/tree/modifications/sdk2changer/ | https://www.hotspawn.com/counter-strike/guide/are-cs2-skin-changers-bannable
cs2-skin-changer,account,observed_corpus_cooccurrence,6,https://cheatix.to/information/counter-strike-2/best-cheats | https://cs2-cheats.com/ | https://en.exloader.net/ | https://en.exloader.net/tree/modifications/sdk2changer/ | https://sellyourskins.com/blog/is-skin-changer-bannable/ | https://www.hotspawn.com/counter-strike/guide/are-cs2-skin-changers-bannable
cs2-skin-changer,counter,observed_corpus_cooccurrence,6,https://anyx.gg/ | https://cheatix.to/information/counter-strike-2/best-cheats | https://cs2-cheats.com/ | https://en.exloader.net/ | https://en.exloader.net/tree/modifications/sdk2changer/ | https://www.hotspawn.com/counter-strike/guide/are-cs2-skin-changers-bannable
cs2-skin-changer,have,observed_corpus_cooccurrence,6,https://anyx.gg/ | https://cheatix.to/information/counter-strike-2/best-cheats | https://en.exloader.net/ | https://en.exloader.net/tree/modifications/sdk2changer/ | https://sellyourskins.com/blog/is-skin-changer-bannable/ | https://www.hotspawn.com/counter-strike/guide/are-cs2-skin-changers-bannable
cs2-skin-changer,no,observed_corpus_cooccurrence,6,https://anyx.gg/ | https://cheatix.to/information/counter-strike-2/best-cheats | https://cs2-cheats.com/ | https://en.exloader.net/ | https://sellyourskins.com/blog/is-skin-changer-bannable/ | https://www.hotspawn.com/counter-strike/guide/are-cs2-skin-changers-bannable
cs2-skin-changer,only,observed_corpus_cooccurrence,6,https://cheatix.to/information/counter-strike-2/best-cheats | https://cs2-cheats.com/ | https://en.exloader.net/ | https://en.exloader.net/tree/modifications/sdk2changer/ | https://sellyourskins.com/blog/is-skin-changer-bannable/ | https://www.hotspawn.com/counter-strike/guide/are-cs2-skin-changers-bannable
cs2-skin-changer,so,observed_corpus_cooccurrence,6,https://anyx.gg/ | https://cheatix.to/information/counter-strike-2/best-cheats | https://cs2-cheats.com/ | https://en.exloader.net/ | https://en.exloader.net/tree/modifications/sdk2changer/ | https://www.hotspawn.com/counter-strike/guide/are-cs2-skin-changers-bannable
cs2-skin-changer,strike,observed_corpus_cooccurrence,6,https://anyx.gg/ | https://cheatix.to/information/counter-strike-2/best-cheats | https://cs2-cheats.com/ | https://en.exloader.net/ | https://en.exloader.net/tree/modifications/sdk2changer/ | https://www.hotspawn.com/counter-strike/guide/are-cs2-skin-changers-bannable
cs2-skin-changer,vac,observed_corpus_cooccurrence,6,https://cheatix.to/information/counter-strike-2/best-cheats | https://cs2-cheats.com/ | https://en.exloader.net/ | https://en.exloader.net/tree/modifications/sdk2changer/ | https://sellyourskins.com/blog/is-skin-changer-bannable/ | https://www.hotspawn.com/counter-strike/guide/are-cs2-skin-changers-bannable
cs2-skin-changer,any,observed_corpus_cooccurrence,5,https://anyx.gg/ | https://cheatix.to/information/counter-strike-2/best-cheats | https://en.exloader.net/ | https://sellyourskins.com/blog/is-skin-changer-bannable/ | https://www.hotspawn.com/counter-strike/guide/are-cs2-skin-changers-bannable
cs2-skin-changer,banned,observed_corpus_cooccurrence,5,https://cs2-cheats.com/ | https://en.exloader.net/ | https://en.exloader.net/tree/modifications/sdk2changer/ | https://sellyourskins.com/blog/is-skin-changer-bannable/ | https://www.hotspawn.com/counter-strike/guide/are-cs2-skin-changers-bannable
cs2-skin-changer,other,observed_corpus_cooccurrence,5,https://cheatix.to/information/counter-strike-2/best-cheats | https://cs2-cheats.com/ | https://en.exloader.net/ | https://en.exloader.net/tree/modifications/sdk2changer/ | https://www.hotspawn.com/counter-strike/guide/are-cs2-skin-changers-bannable
cs2-skin-changer,play,observed_corpus_cooccurrence,5,https://cheatix.to/information/counter-strike-2/best-cheats | https://cs2-cheats.com/ | https://en.exloader.net/ | https://sellyourskins.com/blog/is-skin-changer-bannable/ | https://www.hotspawn.com/counter-strike/guide/are-cs2-skin-changers-bannable
cs2-skin-changer,risk,observed_corpus_cooccurrence,5,https://cheatix.to/information/counter-strike-2/best-cheats | https://cs2-cheats.com/ | https://en.exloader.net/ | https://sellyourskins.com/blog/is-skin-changer-bannable/ | https://www.hotspawn.com/counter-strike/guide/are-cs2-skin-changers-bannable
cs2-skin-changer,using,observed_corpus_cooccurrence,5,https://cs2-cheats.com/ | https://en.exloader.net/ | https://en.exloader.net/tree/modifications/sdk2changer/ | https://sellyourskins.com/blog/is-skin-changer-bannable/ | https://www.hotspawn.com/counter-strike/guide/are-cs2-skin-changers-bannable
cs2-skin-changer,skin changer,observed_corpus_cooccurrence,4,https://cheatix.to/information/counter-strike-2/best-cheats | https://en.exloader.net/tree/modifications/sdk2changer/ | https://sellyourskins.com/blog/is-skin-changer-bannable/ | https://www.hotspawn.com/counter-strike/guide/are-cs2-skin-changers-bannable
cs2-skin-changer,third party,observed_corpus_cooccurrence,4,https://cs2-cheats.com/ | https://en.exloader.net/ | https://sellyourskins.com/blog/is-skin-changer-bannable/ | https://www.hotspawn.com/counter-strike/guide/are-cs2-skin-changers-bannable
cs2-skin-changer,about,observed_corpus_cooccurrence,4,https://cheatix.to/information/counter-strike-2/best-cheats | https://cs2-cheats.com/ | https://en.exloader.net/ | https://www.hotspawn.com/counter-strike/guide/are-cs2-skin-changers-bannable
cs2-skin-changer,anti,observed_corpus_cooccurrence,4,https://cheatix.to/information/counter-strike-2/best-cheats | https://cs2-cheats.com/ | https://en.exloader.net/ | https://sellyourskins.com/blog/is-skin-changer-bannable/
cs2-skin-changer,but,observed_corpus_cooccurrence,4,https://anyx.gg/ | https://cheatix.to/information/counter-strike-2/best-cheats | https://en.exloader.net/ | https://www.hotspawn.com/counter-strike/guide/are-cs2-skin-changers-bannable
cs2-skin-changer,bypass,observed_corpus_cooccurrence,4,https://cheatix.to/information/counter-strike-2/best-cheats | https://en.exloader.net/ | https://en.exloader.net/tree/modifications/sdk2changer/ | https://sellyourskins.com/blog/is-skin-changer-bannable/
cs2-skin-changer,changer,observed_corpus_cooccurrence,4,https://cheatix.to/information/counter-strike-2/best-cheats | https://en.exloader.net/tree/modifications/sdk2changer/ | https://sellyourskins.com/blog/is-skin-changer-bannable/ | https://www.hotspawn.com/counter-strike/guide/are-cs2-skin-changers-bannable
cs2-skin-changer,changes,observed_corpus_cooccurrence,4,https://cheatix.to/information/counter-strike-2/best-cheats | https://cs2-cheats.com/ | https://en.exloader.net/tree/modifications/sdk2changer/ | https://sellyourskins.com/blog/is-skin-changer-bannable/
cs2-skin-changer,client,observed_corpus_cooccurrence,4,https://cheatix.to/information/counter-strike-2/best-cheats | https://en.exloader.net/ | https://sellyourskins.com/blog/is-skin-changer-bannable/ | https://www.hotspawn.com/counter-strike/guide/are-cs2-skin-changers-bannable
cs2-skin-changer,community,observed_corpus_cooccurrence,4,https://cheatix.to/information/counter-strike-2/best-cheats | https://cs2-cheats.com/ | https://sellyourskins.com/blog/is-skin-changer-bannable/ | https://www.hotspawn.com/counter-strike/guide/are-cs2-skin-changers-bannable
cs2-skin-changer,cs,observed_corpus_cooccurrence,4,https://cheatix.to/information/counter-strike-2/best-cheats | https://cs2-cheats.com/ | https://en.exloader.net/ | https://sellyourskins.com/blog/is-skin-changer-bannable/
cs2-skin-changer,features,observed_corpus_cooccurrence,4,https://cheatix.to/information/counter-strike-2/best-cheats | https://cs2-cheats.com/ | https://en.exloader.net/ | https://en.exloader.net/tree/modifications/sdk2changer/
cs2-skin-changer,gameplay,observed_corpus_cooccurrence,4,https://cheatix.to/information/counter-strike-2/best-cheats | https://cs2-cheats.com/ | https://en.exloader.net/tree/modifications/sdk2changer/ | https://sellyourskins.com/blog/is-skin-changer-bannable/
cs2-skin-changer,get,observed_corpus_cooccurrence,4,https://cs2-cheats.com/ | https://en.exloader.net/ | https://sellyourskins.com/blog/is-skin-changer-bannable/ | https://www.hotspawn.com/counter-strike/guide/are-cs2-skin-changers-bannable
cs2-skin-changer,if,observed_corpus_cooccurrence,4,https://cheatix.to/information/counter-strike-2/best-cheats | https://cs2-cheats.com/ | https://en.exloader.net/ | https://www.hotspawn.com/counter-strike/guide/are-cs2-skin-changers-bannable
cs2-skin-changer,key,observed_corpus_cooccurrence,4,https://cheatix.to/information/counter-strike-2/best-cheats | https://cs2-cheats.com/ | https://en.exloader.net/ | https://sellyourskins.com/blog/is-skin-changer-bannable/
cs2-skin-changer,latest,observed_corpus_cooccurrence,4,https://cheatix.to/information/counter-strike-2/best-cheats | https://cs2-cheats.com/ | https://en.exloader.net/ | https://en.exloader.net/tree/modifications/sdk2changer/
cs2-skin-changer,like,observed_corpus_cooccurrence,4,https://anyx.gg/ | https://en.exloader.net/ | https://sellyourskins.com/blog/is-skin-changer-bannable/ | https://www.hotspawn.com/counter-strike/guide/are-cs2-skin-changers-bannable
cs2-skin-changer,most,observed_corpus_cooccurrence,4,https://cheatix.to/information/counter-strike-2/best-cheats | https://cs2-cheats.com/ | https://en.exloader.net/ | https://www.hotspawn.com/counter-strike/guide/are-cs2-skin-changers-bannable
cs2-skin-changer,non,observed_corpus_cooccurrence,4,https://cheatix.to/information/counter-strike-2/best-cheats | https://en.exloader.net/ | https://en.exloader.net/tree/modifications/sdk2changer/ | https://sellyourskins.com/blog/is-skin-changer-bannable/
cs2-skin-changer,party,observed_corpus_cooccurrence,4,https://cs2-cheats.com/ | https://en.exloader.net/ | https://sellyourskins.com/blog/is-skin-changer-bannable/ | https://www.hotspawn.com/counter-strike/guide/are-cs2-skin-changers-bannable
cs2-skin-changer,player,observed_corpus_cooccurrence,4,https://anyx.gg/ | https://cheatix.to/information/counter-strike-2/best-cheats | https://cs2-cheats.com/ | https://sellyourskins.com/blog/is-skin-changer-bannable/
cs2-skin-changer,players,observed_corpus_cooccurrence,4,https://cheatix.to/information/counter-strike-2/best-cheats | https://cs2-cheats.com/ | https://sellyourskins.com/blog/is-skin-changer-bannable/ | https://www.hotspawn.com/counter-strike/guide/are-cs2-skin-changers-bannable
cs2-skin-changer,safe,observed_corpus_cooccurrence,4,https://cs2-cheats.com/ | https://en.exloader.net/ | https://sellyourskins.com/blog/is-skin-changer-bannable/ | https://www.hotspawn.com/counter-strike/guide/are-cs2-skin-changers-bannable
cs2-skin-changer,skin,observed_corpus_cooccurrence,4,https://cheatix.to/information/counter-strike-2/best-cheats | https://en.exloader.net/tree/modifications/sdk2changer/ | https://sellyourskins.com/blog/is-skin-changer-bannable/ | https://www.hotspawn.com/counter-strike/guide/are-cs2-skin-changers-bannable
cs2-skin-changer,skins,observed_corpus_cooccurrence,4,https://en.exloader.net/ | https://en.exloader.net/tree/modifications/sdk2changer/ | https://sellyourskins.com/blog/is-skin-changer-bannable/ | https://www.hotspawn.com/counter-strike/guide/are-cs2-skin-changers-bannable
cs2-skin-changer,they,observed_corpus_cooccurrence,4,https://cheatix.to/information/counter-strike-2/best-cheats | https://en.exloader.net/ | https://sellyourskins.com/blog/is-skin-changer-bannable/ | https://www.hotspawn.com/counter-strike/guide/are-cs2-skin-changers-bannable
cs2-skin-changer,third,observed_corpus_cooccurrence,4,https://cs2-cheats.com/ | https://en.exloader.net/ | https://sellyourskins.com/blog/is-skin-changer-bannable/ | https://www.hotspawn.com/counter-strike/guide/are-cs2-skin-changers-bannable
cs2-skin-changer,valve,observed_corpus_cooccurrence,4,https://cheatix.to/information/counter-strike-2/best-cheats | https://cs2-cheats.com/ | https://sellyourskins.com/blog/is-skin-changer-bannable/ | https://www.hotspawn.com/counter-strike/guide/are-cs2-skin-changers-bannable
cs2-skin-changer,whether,observed_corpus_cooccurrence,4,https://cheatix.to/information/counter-strike-2/best-cheats | https://cs2-cheats.com/ | https://en.exloader.net/ | https://sellyourskins.com/blog/is-skin-changer-bannable/
cs2-free-paid,counter strike,observed_corpus_cooccurrence,2,https://anyx.gg/ | https://cheatix.to/information/counter-strike-2/best-cheats
cs2-free-paid,any,observed_corpus_cooccurrence,2,https://anyx.gg/ | https://cheatix.to/information/counter-strike-2/best-cheats
cs2-free-paid,but,observed_corpus_cooccurrence,2,https://anyx.gg/ | https://cheatix.to/information/counter-strike-2/best-cheats
cs2-free-paid,counter,observed_corpus_cooccurrence,2,https://anyx.gg/ | https://cheatix.to/information/counter-strike-2/best-cheats
cs2-free-paid,every,observed_corpus_cooccurrence,2,https://anyx.gg/ | https://cheatix.to/information/counter-strike-2/best-cheats
cs2-free-paid,grenade,observed_corpus_cooccurrence,2,https://anyx.gg/ | https://cheatix.to/information/counter-strike-2/best-cheats
cs2-free-paid,grenades,observed_corpus_cooccurrence,2,https://anyx.gg/ | https://cheatix.to/information/counter-strike-2/best-cheats
cs2-free-paid,have,observed_corpus_cooccurrence,2,https://anyx.gg/ | https://cheatix.to/information/counter-strike-2/best-cheats
cs2-free-paid,map,observed_corpus_cooccurrence,2,https://anyx.gg/ | https://cheatix.to/information/counter-strike-2/best-cheats
cs2-free-paid,no,observed_corpus_cooccurrence,2,https://anyx.gg/ | https://cheatix.to/information/counter-strike-2/best-cheats
cs2-free-paid,player,observed_corpus_cooccurrence,2,https://anyx.gg/ | https://cheatix.to/information/counter-strike-2/best-cheats
cs2-free-paid,save,observed_corpus_cooccurrence,2,https://anyx.gg/ | https://cheatix.to/information/counter-strike-2/best-cheats
cs2-free-paid,so,observed_corpus_cooccurrence,2,https://anyx.gg/ | https://cheatix.to/information/counter-strike-2/best-cheats
cs2-free-paid,strike,observed_corpus_cooccurrence,2,https://anyx.gg/ | https://cheatix.to/information/counter-strike-2/best-cheats
cs2-free-paid,time,observed_corpus_cooccurrence,2,https://anyx.gg/ | https://cheatix.to/information/counter-strike-2/best-cheats
cs2-free-paid,very,observed_corpus_cooccurrence,2,https://anyx.gg/ | https://cheatix.to/information/counter-strike-2/best-cheats
cs2-free-paid,works,observed_corpus_cooccurrence,2,https://anyx.gg/ | https://cheatix.to/information/counter-strike-2/best-cheats
cs2-comparison,counter strike,observed_corpus_cooccurrence,4,https://anyx.gg/ | https://cheatix.to/information/counter-strike-2/best-cheats | https://cs2-cheats.com/ | https://en.exloader.net/
cs2-comparison,counter,observed_corpus_cooccurrence,4,https://anyx.gg/ | https://cheatix.to/information/counter-strike-2/best-cheats | https://cs2-cheats.com/ | https://en.exloader.net/
cs2-comparison,no,observed_corpus_cooccurrence,4,https://anyx.gg/ | https://cheatix.to/information/counter-strike-2/best-cheats | https://cs2-cheats.com/ | https://en.exloader.net/
cs2-comparison,so,observed_corpus_cooccurrence,4,https://anyx.gg/ | https://cheatix.to/information/counter-strike-2/best-cheats | https://cs2-cheats.com/ | https://en.exloader.net/
cs2-comparison,strike,observed_corpus_cooccurrence,4,https://anyx.gg/ | https://cheatix.to/information/counter-strike-2/best-cheats | https://cs2-cheats.com/ | https://en.exloader.net/
cs2-comparison,about,observed_corpus_cooccurrence,3,https://cheatix.to/information/counter-strike-2/best-cheats | https://cs2-cheats.com/ | https://en.exloader.net/
cs2-comparison,account,observed_corpus_cooccurrence,3,https://cheatix.to/information/counter-strike-2/best-cheats | https://cs2-cheats.com/ | https://en.exloader.net/
cs2-comparison,after,observed_corpus_cooccurrence,3,https://cheatix.to/information/counter-strike-2/best-cheats | https://cs2-cheats.com/ | https://en.exloader.net/
cs2-comparison,aim,observed_corpus_cooccurrence,3,https://cheatix.to/information/counter-strike-2/best-cheats | https://cs2-cheats.com/ | https://en.exloader.net/
cs2-comparison,aimbot,observed_corpus_cooccurrence,3,https://cheatix.to/information/counter-strike-2/best-cheats | https://cs2-cheats.com/ | https://en.exloader.net/
cs2-comparison,anti,observed_corpus_cooccurrence,3,https://cheatix.to/information/counter-strike-2/best-cheats | https://cs2-cheats.com/ | https://en.exloader.net/
cs2-comparison,any,observed_corpus_cooccurrence,3,https://anyx.gg/ | https://cheatix.to/information/counter-strike-2/best-cheats | https://en.exloader.net/
cs2-comparison,but,observed_corpus_cooccurrence,3,https://anyx.gg/ | https://cheatix.to/information/counter-strike-2/best-cheats | https://en.exloader.net/
cs2-comparison,choose,observed_corpus_cooccurrence,3,https://cheatix.to/information/counter-strike-2/best-cheats | https://cs2-cheats.com/ | https://en.exloader.net/
cs2-comparison,cs,observed_corpus_cooccurrence,3,https://cheatix.to/information/counter-strike-2/best-cheats | https://cs2-cheats.com/ | https://en.exloader.net/
cs2-comparison,different,observed_corpus_cooccurrence,3,https://cheatix.to/information/counter-strike-2/best-cheats | https://cs2-cheats.com/ | https://en.exloader.net/
cs2-comparison,do,observed_corpus_cooccurrence,3,https://cheatix.to/information/counter-strike-2/best-cheats | https://cs2-cheats.com/ | https://en.exloader.net/
cs2-comparison,esp,observed_corpus_cooccurrence,3,https://cheatix.to/information/counter-strike-2/best-cheats | https://cs2-cheats.com/ | https://en.exloader.net/
cs2-comparison,every,observed_corpus_cooccurrence,3,https://anyx.gg/ | https://cheatix.to/information/counter-strike-2/best-cheats | https://cs2-cheats.com/
cs2-comparison,external,observed_corpus_cooccurrence,3,https://cheatix.to/information/counter-strike-2/best-cheats | https://cs2-cheats.com/ | https://en.exloader.net/
cs2-comparison,features,observed_corpus_cooccurrence,3,https://cheatix.to/information/counter-strike-2/best-cheats | https://cs2-cheats.com/ | https://en.exloader.net/
cs2-comparison,grenades,observed_corpus_cooccurrence,3,https://anyx.gg/ | https://cheatix.to/information/counter-strike-2/best-cheats | https://en.exloader.net/
cs2-comparison,hacks,observed_corpus_cooccurrence,3,https://cheatix.to/information/counter-strike-2/best-cheats | https://cs2-cheats.com/ | https://en.exloader.net/
cs2-comparison,have,observed_corpus_cooccurrence,3,https://anyx.gg/ | https://cheatix.to/information/counter-strike-2/best-cheats | https://en.exloader.net/
cs2-comparison,if,observed_corpus_cooccurrence,3,https://cheatix.to/information/counter-strike-2/best-cheats | https://cs2-cheats.com/ | https://en.exloader.net/
cs2-comparison,installation,observed_corpus_cooccurrence,3,https://cheatix.to/information/counter-strike-2/best-cheats | https://cs2-cheats.com/ | https://en.exloader.net/
cs2-comparison,key,observed_corpus_cooccurrence,3,https://cheatix.to/information/counter-strike-2/best-cheats | https://cs2-cheats.com/ | https://en.exloader.net/
cs2-comparison,latest,observed_corpus_cooccurrence,3,https://cheatix.to/information/counter-strike-2/best-cheats | https://cs2-cheats.com/ | https://en.exloader.net/
cs2-comparison,legit,observed_corpus_cooccurrence,3,https://cheatix.to/information/counter-strike-2/best-cheats | https://cs2-cheats.com/ | https://en.exloader.net/
cs2-comparison,map,observed_corpus_cooccurrence,3,https://anyx.gg/ | https://cheatix.to/information/counter-strike-2/best-cheats | https://en.exloader.net/
cs2-comparison,menu,observed_corpus_cooccurrence,3,https://cheatix.to/information/counter-strike-2/best-cheats | https://cs2-cheats.com/ | https://en.exloader.net/
cs2-comparison,most,observed_corpus_cooccurrence,3,https://cheatix.to/information/counter-strike-2/best-cheats | https://cs2-cheats.com/ | https://en.exloader.net/
cs2-comparison,need,observed_corpus_cooccurrence,3,https://cheatix.to/information/counter-strike-2/best-cheats | https://cs2-cheats.com/ | https://en.exloader.net/
cs2-comparison,now,observed_corpus_cooccurrence,3,https://anyx.gg/ | https://cs2-cheats.com/ | https://en.exloader.net/
cs2-comparison,one,observed_corpus_cooccurrence,3,https://cheatix.to/information/counter-strike-2/best-cheats | https://cs2-cheats.com/ | https://en.exloader.net/
cs2-comparison,only,observed_corpus_cooccurrence,3,https://cheatix.to/information/counter-strike-2/best-cheats | https://cs2-cheats.com/ | https://en.exloader.net/
cs2-comparison,other,observed_corpus_cooccurrence,3,https://cheatix.to/information/counter-strike-2/best-cheats | https://cs2-cheats.com/ | https://en.exloader.net/
cs2-comparison,play,observed_corpus_cooccurrence,3,https://cheatix.to/information/counter-strike-2/best-cheats | https://cs2-cheats.com/ | https://en.exloader.net/
cs2-comparison,player,observed_corpus_cooccurrence,3,https://anyx.gg/ | https://cheatix.to/information/counter-strike-2/best-cheats | https://cs2-cheats.com/
cs2-comparison,provide,observed_corpus_cooccurrence,3,https://cheatix.to/information/counter-strike-2/best-cheats | https://cs2-cheats.com/ | https://en.exloader.net/
cs2-comparison,questions,observed_corpus_cooccurrence,3,https://cheatix.to/information/counter-strike-2/best-cheats | https://cs2-cheats.com/ | https://en.exloader.net/
cs2-comparison,risk,observed_corpus_cooccurrence,3,https://cheatix.to/information/counter-strike-2/best-cheats | https://cs2-cheats.com/ | https://en.exloader.net/
cs2-comparison,setup,observed_corpus_cooccurrence,3,https://cheatix.to/information/counter-strike-2/best-cheats | https://cs2-cheats.com/ | https://en.exloader.net/
cs2-comparison,support,observed_corpus_cooccurrence,3,https://cheatix.to/information/counter-strike-2/best-cheats | https://cs2-cheats.com/ | https://en.exloader.net/
cs2-comparison,top,observed_corpus_cooccurrence,3,https://cheatix.to/information/counter-strike-2/best-cheats | https://cs2-cheats.com/ | https://en.exloader.net/
cs2-grenade-helper,grenade,observed_corpus_cooccurrence,4,https://anyx.gg/ | https://cheatix.to/information/counter-strike-2/best-cheats | https://distort.wtf/features/cs2-grenade-helper | https://scope.gg/grenade-predictor/
cs2-grenade-helper,grenades,observed_corpus_cooccurrence,4,https://anyx.gg/ | https://cheatix.to/information/counter-strike-2/best-cheats | https://csnades.gg/ | https://scope.gg/grenade-predictor/
cs2-grenade-helper,guide,observed_corpus_cooccurrence,4,https://cheatix.to/information/counter-strike-2/best-cheats | https://csnades.gg/ | https://distort.wtf/features/cs2-grenade-helper | https://scope.gg/grenade-predictor/
cs2-grenade-helper,guides,observed_corpus_cooccurrence,4,https://cheatix.to/information/counter-strike-2/best-cheats | https://csnades.gg/ | https://distort.wtf/features/cs2-grenade-helper | https://scope.gg/grenade-predictor/
cs2-grenade-helper,map,observed_corpus_cooccurrence,4,https://anyx.gg/ | https://cheatix.to/information/counter-strike-2/best-cheats | https://distort.wtf/features/cs2-grenade-helper | https://scope.gg/grenade-predictor/
cs2-grenade-helper,maps,observed_corpus_cooccurrence,4,https://cheatix.to/information/counter-strike-2/best-cheats | https://csnades.gg/ | https://distort.wtf/features/cs2-grenade-helper | https://scope.gg/grenade-predictor/
cs2-grenade-helper,nade,observed_corpus_cooccurrence,4,https://anyx.gg/ | https://csnades.gg/ | https://distort.wtf/features/cs2-grenade-helper | https://scope.gg/grenade-predictor/
cs2-grenade-helper,works,observed_corpus_cooccurrence,4,https://anyx.gg/ | https://cheatix.to/information/counter-strike-2/best-cheats | https://distort.wtf/features/cs2-grenade-helper | https://scope.gg/grenade-predictor/
cs2-grenade-helper,counter strike,observed_corpus_cooccurrence,3,https://anyx.gg/ | https://cheatix.to/information/counter-strike-2/best-cheats | https://csnades.gg/
cs2-grenade-helper,access,observed_corpus_cooccurrence,3,https://cheatix.to/information/counter-strike-2/best-cheats | https://distort.wtf/features/cs2-grenade-helper | https://scope.gg/grenade-predictor/
cs2-grenade-helper,but,observed_corpus_cooccurrence,3,https://anyx.gg/ | https://cheatix.to/information/counter-strike-2/best-cheats | https://scope.gg/grenade-predictor/
cs2-grenade-helper,check,observed_corpus_cooccurrence,3,https://cheatix.to/information/counter-strike-2/best-cheats | https://distort.wtf/features/cs2-grenade-helper | https://scope.gg/grenade-predictor/
cs2-grenade-helper,common,observed_corpus_cooccurrence,3,https://cheatix.to/information/counter-strike-2/best-cheats | https://distort.wtf/features/cs2-grenade-helper | https://scope.gg/grenade-predictor/
cs2-grenade-helper,counter,observed_corpus_cooccurrence,3,https://anyx.gg/ | https://cheatix.to/information/counter-strike-2/best-cheats | https://csnades.gg/
cs2-grenade-helper,every,observed_corpus_cooccurrence,3,https://anyx.gg/ | https://cheatix.to/information/counter-strike-2/best-cheats | https://scope.gg/grenade-predictor/
cs2-grenade-helper,have,observed_corpus_cooccurrence,3,https://anyx.gg/ | https://cheatix.to/information/counter-strike-2/best-cheats | https://scope.gg/grenade-predictor/
cs2-grenade-helper,if,observed_corpus_cooccurrence,3,https://cheatix.to/information/counter-strike-2/best-cheats | https://distort.wtf/features/cs2-grenade-helper | https://scope.gg/grenade-predictor/
cs2-grenade-helper,inferno,observed_corpus_cooccurrence,3,https://csnades.gg/ | https://distort.wtf/features/cs2-grenade-helper | https://scope.gg/grenade-predictor/
cs2-grenade-helper,mirage,observed_corpus_cooccurrence,3,https://csnades.gg/ | https://distort.wtf/features/cs2-grenade-helper | https://scope.gg/grenade-predictor/
cs2-grenade-helper,no,observed_corpus_cooccurrence,3,https://anyx.gg/ | https://cheatix.to/information/counter-strike-2/best-cheats | https://scope.gg/grenade-predictor/
cs2-grenade-helper,player,observed_corpus_cooccurrence,3,https://anyx.gg/ | https://cheatix.to/information/counter-strike-2/best-cheats | https://scope.gg/grenade-predictor/
cs2-grenade-helper,smoke,observed_corpus_cooccurrence,3,https://cheatix.to/information/counter-strike-2/best-cheats | https://distort.wtf/features/cs2-grenade-helper | https://scope.gg/grenade-predictor/
cs2-grenade-helper,so,observed_corpus_cooccurrence,3,https://anyx.gg/ | https://cheatix.to/information/counter-strike-2/best-cheats | https://scope.gg/grenade-predictor/
cs2-grenade-helper,strike,observed_corpus_cooccurrence,3,https://anyx.gg/ | https://cheatix.to/information/counter-strike-2/best-cheats | https://csnades.gg/
cs2-grenade-helper,support,observed_corpus_cooccurrence,3,https://cheatix.to/information/counter-strike-2/best-cheats | https://csnades.gg/ | https://distort.wtf/features/cs2-grenade-helper
cs2-grenade-helper,view,observed_corpus_cooccurrence,3,https://cheatix.to/information/counter-strike-2/best-cheats | https://csnades.gg/ | https://distort.wtf/features/cs2-grenade-helper
cs2-grenade-helper,if you want,observed_corpus_cooccurrence,2,https://distort.wtf/features/cs2-grenade-helper | https://scope.gg/grenade-predictor/
cs2-grenade-helper,before buying,observed_corpus_cooccurrence,2,https://cheatix.to/information/counter-strike-2/best-cheats | https://distort.wtf/features/cs2-grenade-helper
cs2-grenade-helper,before checkout,observed_corpus_cooccurrence,2,https://cheatix.to/information/counter-strike-2/best-cheats | https://distort.wtf/features/cs2-grenade-helper
cs2-grenade-helper,common questions,observed_corpus_cooccurrence,2,https://cheatix.to/information/counter-strike-2/best-cheats | https://distort.wtf/features/cs2-grenade-helper
cs2-grenade-helper,current product,observed_corpus_cooccurrence,2,https://cheatix.to/information/counter-strike-2/best-cheats | https://distort.wtf/features/cs2-grenade-helper
cs2-grenade-helper,every nade,observed_corpus_cooccurrence,2,https://anyx.gg/ | https://scope.gg/grenade-predictor/
cs2-grenade-helper,feature name,observed_corpus_cooccurrence,2,https://cheatix.to/information/counter-strike-2/best-cheats | https://distort.wtf/features/cs2-grenade-helper
cs2-grenade-helper,grenade helper,observed_corpus_cooccurrence,2,https://anyx.gg/ | https://distort.wtf/features/cs2-grenade-helper
cs2-grenade-helper,grenade spots,observed_corpus_cooccurrence,2,https://anyx.gg/ | https://scope.gg/grenade-predictor/
cs2-grenade-helper,no longer,observed_corpus_cooccurrence,2,https://anyx.gg/ | https://scope.gg/grenade-predictor/
cs2-grenade-helper,product details,observed_corpus_cooccurrence,2,https://cheatix.to/information/counter-strike-2/best-cheats | https://distort.wtf/features/cs2-grenade-helper
cs2-grenade-helper,about,observed_corpus_cooccurrence,2,https://cheatix.to/information/counter-strike-2/best-cheats | https://distort.wtf/features/cs2-grenade-helper
cs2-grenade-helper,account,observed_corpus_cooccurrence,2,https://cheatix.to/information/counter-strike-2/best-cheats | https://distort.wtf/features/cs2-grenade-helper
cs2-grenade-helper,accounts,observed_corpus_cooccurrence,2,https://cheatix.to/information/counter-strike-2/best-cheats | https://distort.wtf/features/cs2-grenade-helper
cs2-grenade-helper,advanced,observed_corpus_cooccurrence,2,https://cheatix.to/information/counter-strike-2/best-cheats | https://scope.gg/grenade-predictor/
cs2-grenade-helper,after,observed_corpus_cooccurrence,2,https://cheatix.to/information/counter-strike-2/best-cheats | https://distort.wtf/features/cs2-grenade-helper
cs2-grenade-helper,also,observed_corpus_cooccurrence,2,https://cheatix.to/information/counter-strike-2/best-cheats | https://scope.gg/grenade-predictor/
cs2-grenade-helper,ancient,observed_corpus_cooccurrence,2,https://csnades.gg/ | https://distort.wtf/features/cs2-grenade-helper
cs2-grenade-helper,anubis,observed_corpus_cooccurrence,2,https://csnades.gg/ | https://distort.wtf/features/cs2-grenade-helper
cs2-status,counter strike,observed_corpus_cooccurrence,2,https://anyx.gg/ | https://cheatix.to/information/counter-strike-2/best-cheats
cs2-status,any,observed_corpus_cooccurrence,2,https://anyx.gg/ | https://cheatix.to/information/counter-strike-2/best-cheats
cs2-status,but,observed_corpus_cooccurrence,2,https://anyx.gg/ | https://cheatix.to/information/counter-strike-2/best-cheats
cs2-status,counter,observed_corpus_cooccurrence,2,https://anyx.gg/ | https://cheatix.to/information/counter-strike-2/best-cheats
cs2-status,every,observed_corpus_cooccurrence,2,https://anyx.gg/ | https://cheatix.to/information/counter-strike-2/best-cheats
cs2-status,grenade,observed_corpus_cooccurrence,2,https://anyx.gg/ | https://cheatix.to/information/counter-strike-2/best-cheats
cs2-status,grenades,observed_corpus_cooccurrence,2,https://anyx.gg/ | https://cheatix.to/information/counter-strike-2/best-cheats
cs2-status,have,observed_corpus_cooccurrence,2,https://anyx.gg/ | https://cheatix.to/information/counter-strike-2/best-cheats
cs2-status,map,observed_corpus_cooccurrence,2,https://anyx.gg/ | https://cheatix.to/information/counter-strike-2/best-cheats
cs2-status,no,observed_corpus_cooccurrence,2,https://anyx.gg/ | https://cheatix.to/information/counter-strike-2/best-cheats
cs2-status,player,observed_corpus_cooccurrence,2,https://anyx.gg/ | https://cheatix.to/information/counter-strike-2/best-cheats
cs2-status,save,observed_corpus_cooccurrence,2,https://anyx.gg/ | https://cheatix.to/information/counter-strike-2/best-cheats
cs2-status,so,observed_corpus_cooccurrence,2,https://anyx.gg/ | https://cheatix.to/information/counter-strike-2/best-cheats
cs2-status,strike,observed_corpus_cooccurrence,2,https://anyx.gg/ | https://cheatix.to/information/counter-strike-2/best-cheats
cs2-status,time,observed_corpus_cooccurrence,2,https://anyx.gg/ | https://cheatix.to/information/counter-strike-2/best-cheats
cs2-status,very,observed_corpus_cooccurrence,2,https://anyx.gg/ | https://cheatix.to/information/counter-strike-2/best-cheats
cs2-status,works,observed_corpus_cooccurrence,2,https://anyx.gg/ | https://cheatix.to/information/counter-strike-2/best-cheats
dota2-scripts,hero,observed_corpus_cooccurrence,5,https://dota2cheat.net/guides/ | https://dotacheats.com/ | https://dotacheats.com/blog/dota-2-cheats-features-guide/ | https://uc.zone/en/dota2 | https://umbrella-dota.com/en/scripts/
dota2-scripts,one,observed_corpus_cooccurrence,5,https://dota2cheat.net/guides/ | https://dotacheats.com/ | https://dotacheats.com/blog/dota-2-cheats-features-guide/ | https://uc.zone/en/dota2 | https://umbrella-dota.com/en/scripts/
dota2-scripts,script,observed_corpus_cooccurrence,5,https://dota2cheat.net/guides/ | https://dotacheats.com/ | https://dotacheats.com/blog/dota-2-cheats-features-guide/ | https://uc.zone/en/dota2 | https://umbrella-dota.com/en/scripts/
dota2-scripts,scripts,observed_corpus_cooccurrence,5,https://dota2cheat.net/guides/ | https://dotacheats.com/ | https://dotacheats.com/blog/dota-2-cheats-features-guide/ | https://uc.zone/en/dota2 | https://umbrella-dota.com/en/scripts/
dota2-scripts,map hack,observed_corpus_cooccurrence,4,https://dota2cheat.net/guides/ | https://dotacheats.com/ | https://dotacheats.com/blog/dota-2-cheats-features-guide/ | https://uc.zone/en/dota2
dota2-scripts,auto,observed_corpus_cooccurrence,4,https://dota2cheat.net/guides/ | https://dotacheats.com/ | https://dotacheats.com/blog/dota-2-cheats-features-guide/ | https://umbrella-dota.com/en/scripts/
dota2-scripts,cloud,observed_corpus_cooccurrence,4,https://dotacheats.com/ | https://dotacheats.com/blog/dota-2-cheats-features-guide/ | https://uc.zone/en/dota2 | https://umbrella-dota.com/en/scripts/
dota2-scripts,combo,observed_corpus_cooccurrence,4,https://dotacheats.com/ | https://dotacheats.com/blog/dota-2-cheats-features-guide/ | https://uc.zone/en/dota2 | https://umbrella-dota.com/en/scripts/
dota2-scripts,do,observed_corpus_cooccurrence,4,https://dota2cheat.net/guides/ | https://dotacheats.com/ | https://dotacheats.com/blog/dota-2-cheats-features-guide/ | https://umbrella-dota.com/en/scripts/
dota2-scripts,enemy,observed_corpus_cooccurrence,4,https://dotacheats.com/ | https://dotacheats.com/blog/dota-2-cheats-features-guide/ | https://uc.zone/en/dota2 | https://umbrella-dota.com/en/scripts/
dota2-scripts,faq,observed_corpus_cooccurrence,4,https://dota2cheat.net/guides/ | https://dotacheats.com/ | https://dotacheats.com/blog/dota-2-cheats-features-guide/ | https://umbrella-dota.com/en/scripts/
dota2-scripts,full,observed_corpus_cooccurrence,4,https://dota2cheat.net/guides/ | https://dotacheats.com/ | https://dotacheats.com/blog/dota-2-cheats-features-guide/ | https://umbrella-dota.com/en/scripts/
dota2-scripts,guide,observed_corpus_cooccurrence,4,https://dota2cheat.net/guides/ | https://dotacheats.com/ | https://dotacheats.com/blog/dota-2-cheats-features-guide/ | https://umbrella-dota.com/en/scripts/
dota2-scripts,hack,observed_corpus_cooccurrence,4,https://dota2cheat.net/guides/ | https://dotacheats.com/ | https://dotacheats.com/blog/dota-2-cheats-features-guide/ | https://uc.zone/en/dota2
dota2-scripts,heroes,observed_corpus_cooccurrence,4,https://dotacheats.com/ | https://dotacheats.com/blog/dota-2-cheats-features-guide/ | https://uc.zone/en/dota2 | https://umbrella-dota.com/en/scripts/
dota2-scripts,hit,observed_corpus_cooccurrence,4,https://dota2cheat.net/guides/ | https://dotacheats.com/ | https://uc.zone/en/dota2 | https://umbrella-dota.com/en/scripts/
dota2-scripts,hp,observed_corpus_cooccurrence,4,https://dotacheats.com/ | https://dotacheats.com/blog/dota-2-cheats-features-guide/ | https://uc.zone/en/dota2 | https://umbrella-dota.com/en/scripts/
dota2-scripts,like,observed_corpus_cooccurrence,4,https://dotacheats.com/ | https://dotacheats.com/blog/dota-2-cheats-features-guide/ | https://uc.zone/en/dota2 | https://umbrella-dota.com/en/scripts/
dota2-scripts,load,observed_corpus_cooccurrence,4,https://dotacheats.com/ | https://dotacheats.com/blog/dota-2-cheats-features-guide/ | https://uc.zone/en/dota2 | https://umbrella-dota.com/en/scripts/
dota2-scripts,map,observed_corpus_cooccurrence,4,https://dota2cheat.net/guides/ | https://dotacheats.com/ | https://dotacheats.com/blog/dota-2-cheats-features-guide/ | https://uc.zone/en/dota2
dota2-scripts,no,observed_corpus_cooccurrence,4,https://dotacheats.com/ | https://dotacheats.com/blog/dota-2-cheats-features-guide/ | https://uc.zone/en/dota2 | https://umbrella-dota.com/en/scripts/
dota2-scripts,only,observed_corpus_cooccurrence,4,https://dota2cheat.net/guides/ | https://dotacheats.com/ | https://dotacheats.com/blog/dota-2-cheats-features-guide/ | https://umbrella-dota.com/en/scripts/
dota2-scripts,purchase,observed_corpus_cooccurrence,4,https://dota2cheat.net/guides/ | https://dotacheats.com/ | https://dotacheats.com/blog/dota-2-cheats-features-guide/ | https://uc.zone/en/dota2
dota2-scripts,ranked,observed_corpus_cooccurrence,4,https://dota2cheat.net/guides/ | https://dotacheats.com/ | https://dotacheats.com/blog/dota-2-cheats-features-guide/ | https://umbrella-dota.com/en/scripts/
dota2-scripts,support,observed_corpus_cooccurrence,4,https://dota2cheat.net/guides/ | https://dotacheats.com/ | https://dotacheats.com/blog/dota-2-cheats-features-guide/ | https://uc.zone/en/dota2
dota2-scripts,updates,observed_corpus_cooccurrence,4,https://dota2cheat.net/guides/ | https://dotacheats.com/ | https://dotacheats.com/blog/dota-2-cheats-features-guide/ | https://uc.zone/en/dota2
dota2-scripts,vac,observed_corpus_cooccurrence,4,https://dota2cheat.net/guides/ | https://dotacheats.com/ | https://dotacheats.com/blog/dota-2-cheats-features-guide/ | https://uc.zone/en/dota2
dota2-scripts,ranked and turbo,observed_corpus_cooccurrence,3,https://dota2cheat.net/guides/ | https://dotacheats.com/ | https://dotacheats.com/blog/dota-2-cheats-features-guide/
dota2-scripts,auto combo,observed_corpus_cooccurrence,3,https://dotacheats.com/ | https://dotacheats.com/blog/dota-2-cheats-features-guide/ | https://umbrella-dota.com/en/scripts/
dota2-scripts,before checkout,observed_corpus_cooccurrence,3,https://dota2cheat.net/guides/ | https://dotacheats.com/ | https://dotacheats.com/blog/dota-2-cheats-features-guide/
dota2-scripts,hero esp,observed_corpus_cooccurrence,3,https://dota2cheat.net/guides/ | https://dotacheats.com/ | https://dotacheats.com/blog/dota-2-cheats-features-guide/
dota2-scripts,last hit,observed_corpus_cooccurrence,3,https://dota2cheat.net/guides/ | https://uc.zone/en/dota2 | https://umbrella-dota.com/en/scripts/
dota2-scripts,low hp,observed_corpus_cooccurrence,3,https://dotacheats.com/ | https://dotacheats.com/blog/dota-2-cheats-features-guide/ | https://umbrella-dota.com/en/scripts/
dota2-scripts,skin changer,observed_corpus_cooccurrence,3,https://dotacheats.com/ | https://dotacheats.com/blog/dota-2-cheats-features-guide/ | https://uc.zone/en/dota2
dota2-scripts,access,observed_corpus_cooccurrence,3,https://dotacheats.com/ | https://dotacheats.com/blog/dota-2-cheats-features-guide/ | https://uc.zone/en/dota2
dota2-scripts,after,observed_corpus_cooccurrence,3,https://dota2cheat.net/guides/ | https://dotacheats.com/ | https://dotacheats.com/blog/dota-2-cheats-features-guide/
dota2-scripts,answers,observed_corpus_cooccurrence,3,https://dota2cheat.net/guides/ | https://dotacheats.com/ | https://dotacheats.com/blog/dota-2-cheats-features-guide/
dota2-scripts,automation,observed_corpus_cooccurrence,3,https://dotacheats.com/ | https://dotacheats.com/blog/dota-2-cheats-features-guide/ | https://umbrella-dota.com/en/scripts/
dota2-scripts,awareness,observed_corpus_cooccurrence,3,https://dota2cheat.net/guides/ | https://dotacheats.com/ | https://umbrella-dota.com/en/scripts/
dota2-scripts,before,observed_corpus_cooccurrence,3,https://dota2cheat.net/guides/ | https://dotacheats.com/ | https://dotacheats.com/blog/dota-2-cheats-features-guide/
dota2-scripts,bkb,observed_corpus_cooccurrence,3,https://dotacheats.com/ | https://dotacheats.com/blog/dota-2-cheats-features-guide/ | https://umbrella-dota.com/en/scripts/
dota2-scripts,buy,observed_corpus_cooccurrence,3,https://dotacheats.com/ | https://dotacheats.com/blog/dota-2-cheats-features-guide/ | https://umbrella-dota.com/en/scripts/
dota2-scripts,camera,observed_corpus_cooccurrence,3,https://dotacheats.com/ | https://dotacheats.com/blog/dota-2-cheats-features-guide/ | https://uc.zone/en/dota2
dota2-scripts,cast,observed_corpus_cooccurrence,3,https://dotacheats.com/ | https://dotacheats.com/blog/dota-2-cheats-features-guide/ | https://umbrella-dota.com/en/scripts/
dota2-scripts,changer,observed_corpus_cooccurrence,3,https://dotacheats.com/ | https://dotacheats.com/blog/dota-2-cheats-features-guide/ | https://uc.zone/en/dota2
dota2-invoker,hero,observed_corpus_cooccurrence,6,https://dota2cheat.net/guides/ | https://dotacheats.com/ | https://dotacheats.com/blog/dota-2-cheats-features-guide/ | https://uc.zone/en/dota2 | https://umbrella-dota.com/en/scripts/ | https://umbrella-dota.com/en/scripts/invoker/
dota2-invoker,one,observed_corpus_cooccurrence,6,https://dota2cheat.net/guides/ | https://dotacheats.com/ | https://dotacheats.com/blog/dota-2-cheats-features-guide/ | https://uc.zone/en/dota2 | https://umbrella-dota.com/en/scripts/ | https://umbrella-dota.com/en/scripts/invoker/
dota2-invoker,script,observed_corpus_cooccurrence,6,https://dota2cheat.net/guides/ | https://dotacheats.com/ | https://dotacheats.com/blog/dota-2-cheats-features-guide/ | https://uc.zone/en/dota2 | https://umbrella-dota.com/en/scripts/ | https://umbrella-dota.com/en/scripts/invoker/
dota2-invoker,scripts,observed_corpus_cooccurrence,6,https://dota2cheat.net/guides/ | https://dotacheats.com/ | https://dotacheats.com/blog/dota-2-cheats-features-guide/ | https://uc.zone/en/dota2 | https://umbrella-dota.com/en/scripts/ | https://umbrella-dota.com/en/scripts/invoker/
dota2-invoker,map hack,observed_corpus_cooccurrence,5,https://dota2cheat.net/guides/ | https://dotacheats.com/ | https://dotacheats.com/blog/dota-2-cheats-features-guide/ | https://uc.zone/en/dota2 | https://umbrella-dota.com/en/scripts/invoker/
dota2-invoker,auto,observed_corpus_cooccurrence,5,https://dota2cheat.net/guides/ | https://dotacheats.com/ | https://dotacheats.com/blog/dota-2-cheats-features-guide/ | https://umbrella-dota.com/en/scripts/ | https://umbrella-dota.com/en/scripts/invoker/
dota2-invoker,cloud,observed_corpus_cooccurrence,5,https://dotacheats.com/ | https://dotacheats.com/blog/dota-2-cheats-features-guide/ | https://uc.zone/en/dota2 | https://umbrella-dota.com/en/scripts/ | https://umbrella-dota.com/en/scripts/invoker/
dota2-invoker,combo,observed_corpus_cooccurrence,5,https://dotacheats.com/ | https://dotacheats.com/blog/dota-2-cheats-features-guide/ | https://uc.zone/en/dota2 | https://umbrella-dota.com/en/scripts/ | https://umbrella-dota.com/en/scripts/invoker/
dota2-invoker,do,observed_corpus_cooccurrence,5,https://dota2cheat.net/guides/ | https://dotacheats.com/ | https://dotacheats.com/blog/dota-2-cheats-features-guide/ | https://umbrella-dota.com/en/scripts/ | https://umbrella-dota.com/en/scripts/invoker/
dota2-invoker,enemy,observed_corpus_cooccurrence,5,https://dotacheats.com/ | https://dotacheats.com/blog/dota-2-cheats-features-guide/ | https://uc.zone/en/dota2 | https://umbrella-dota.com/en/scripts/ | https://umbrella-dota.com/en/scripts/invoker/
dota2-invoker,faq,observed_corpus_cooccurrence,5,https://dota2cheat.net/guides/ | https://dotacheats.com/ | https://dotacheats.com/blog/dota-2-cheats-features-guide/ | https://umbrella-dota.com/en/scripts/ | https://umbrella-dota.com/en/scripts/invoker/
dota2-invoker,full,observed_corpus_cooccurrence,5,https://dota2cheat.net/guides/ | https://dotacheats.com/ | https://dotacheats.com/blog/dota-2-cheats-features-guide/ | https://umbrella-dota.com/en/scripts/ | https://umbrella-dota.com/en/scripts/invoker/
dota2-invoker,hack,observed_corpus_cooccurrence,5,https://dota2cheat.net/guides/ | https://dotacheats.com/ | https://dotacheats.com/blog/dota-2-cheats-features-guide/ | https://uc.zone/en/dota2 | https://umbrella-dota.com/en/scripts/invoker/
dota2-invoker,heroes,observed_corpus_cooccurrence,5,https://dotacheats.com/ | https://dotacheats.com/blog/dota-2-cheats-features-guide/ | https://uc.zone/en/dota2 | https://umbrella-dota.com/en/scripts/ | https://umbrella-dota.com/en/scripts/invoker/
dota2-invoker,hit,observed_corpus_cooccurrence,5,https://dota2cheat.net/guides/ | https://dotacheats.com/ | https://uc.zone/en/dota2 | https://umbrella-dota.com/en/scripts/ | https://umbrella-dota.com/en/scripts/invoker/
dota2-invoker,hp,observed_corpus_cooccurrence,5,https://dotacheats.com/ | https://dotacheats.com/blog/dota-2-cheats-features-guide/ | https://uc.zone/en/dota2 | https://umbrella-dota.com/en/scripts/ | https://umbrella-dota.com/en/scripts/invoker/
dota2-invoker,map,observed_corpus_cooccurrence,5,https://dota2cheat.net/guides/ | https://dotacheats.com/ | https://dotacheats.com/blog/dota-2-cheats-features-guide/ | https://uc.zone/en/dota2 | https://umbrella-dota.com/en/scripts/invoker/
dota2-invoker,no,observed_corpus_cooccurrence,5,https://dotacheats.com/ | https://dotacheats.com/blog/dota-2-cheats-features-guide/ | https://uc.zone/en/dota2 | https://umbrella-dota.com/en/scripts/ | https://umbrella-dota.com/en/scripts/invoker/
dota2-invoker,last hit,observed_corpus_cooccurrence,4,https://dota2cheat.net/guides/ | https://uc.zone/en/dota2 | https://umbrella-dota.com/en/scripts/ | https://umbrella-dota.com/en/scripts/invoker/
dota2-invoker,low hp,observed_corpus_cooccurrence,4,https://dotacheats.com/ | https://dotacheats.com/blog/dota-2-cheats-features-guide/ | https://umbrella-dota.com/en/scripts/ | https://umbrella-dota.com/en/scripts/invoker/
dota2-invoker,before,observed_corpus_cooccurrence,4,https://dota2cheat.net/guides/ | https://dotacheats.com/ | https://dotacheats.com/blog/dota-2-cheats-features-guide/ | https://umbrella-dota.com/en/scripts/invoker/
dota2-invoker,bkb,observed_corpus_cooccurrence,4,https://dotacheats.com/ | https://dotacheats.com/blog/dota-2-cheats-features-guide/ | https://umbrella-dota.com/en/scripts/ | https://umbrella-dota.com/en/scripts/invoker/
dota2-invoker,cast,observed_corpus_cooccurrence,4,https://dotacheats.com/ | https://dotacheats.com/blog/dota-2-cheats-features-guide/ | https://umbrella-dota.com/en/scripts/ | https://umbrella-dota.com/en/scripts/invoker/
dota2-invoker,combos,observed_corpus_cooccurrence,4,https://dotacheats.com/ | https://dotacheats.com/blog/dota-2-cheats-features-guide/ | https://umbrella-dota.com/en/scripts/ | https://umbrella-dota.com/en/scripts/invoker/
dota2-invoker,config,observed_corpus_cooccurrence,4,https://dotacheats.com/ | https://dotacheats.com/blog/dota-2-cheats-features-guide/ | https://umbrella-dota.com/en/scripts/ | https://umbrella-dota.com/en/scripts/invoker/
dota2-invoker,configs,observed_corpus_cooccurrence,4,https://dotacheats.com/ | https://dotacheats.com/blog/dota-2-cheats-features-guide/ | https://umbrella-dota.com/en/scripts/ | https://umbrella-dota.com/en/scripts/invoker/
dota2-invoker,get,observed_corpus_cooccurrence,4,https://dotacheats.com/ | https://uc.zone/en/dota2 | https://umbrella-dota.com/en/scripts/ | https://umbrella-dota.com/en/scripts/invoker/
dota2-invoker,guide,observed_corpus_cooccurrence,4,https://dota2cheat.net/guides/ | https://dotacheats.com/ | https://dotacheats.com/blog/dota-2-cheats-features-guide/ | https://umbrella-dota.com/en/scripts/
dota2-invoker,instant,observed_corpus_cooccurrence,4,https://dotacheats.com/ | https://dotacheats.com/blog/dota-2-cheats-features-guide/ | https://uc.zone/en/dota2 | https://umbrella-dota.com/en/scripts/invoker/
dota2-invoker,invoker,observed_corpus_cooccurrence,4,https://dotacheats.com/ | https://dotacheats.com/blog/dota-2-cheats-features-guide/ | https://umbrella-dota.com/en/scripts/ | https://umbrella-dota.com/en/scripts/invoker/
dota2-invoker,kill,observed_corpus_cooccurrence,4,https://dotacheats.com/ | https://dotacheats.com/blog/dota-2-cheats-features-guide/ | https://uc.zone/en/dota2 | https://umbrella-dota.com/en/scripts/invoker/
dota2-invoker,last,observed_corpus_cooccurrence,4,https://dota2cheat.net/guides/ | https://uc.zone/en/dota2 | https://umbrella-dota.com/en/scripts/ | https://umbrella-dota.com/en/scripts/invoker/
dota2-invoker,like,observed_corpus_cooccurrence,4,https://dotacheats.com/ | https://dotacheats.com/blog/dota-2-cheats-features-guide/ | https://uc.zone/en/dota2 | https://umbrella-dota.com/en/scripts/
dota2-invoker,load,observed_corpus_cooccurrence,4,https://dotacheats.com/ | https://dotacheats.com/blog/dota-2-cheats-features-guide/ | https://uc.zone/en/dota2 | https://umbrella-dota.com/en/scripts/
dota2-invoker,low,observed_corpus_cooccurrence,4,https://dotacheats.com/ | https://dotacheats.com/blog/dota-2-cheats-features-guide/ | https://umbrella-dota.com/en/scripts/ | https://umbrella-dota.com/en/scripts/invoker/
dota2-invoker,most,observed_corpus_cooccurrence,4,https://dotacheats.com/blog/dota-2-cheats-features-guide/ | https://uc.zone/en/dota2 | https://umbrella-dota.com/en/scripts/ | https://umbrella-dota.com/en/scripts/invoker/
dota2-invoker,only,observed_corpus_cooccurrence,4,https://dota2cheat.net/guides/ | https://dotacheats.com/ | https://dotacheats.com/blog/dota-2-cheats-features-guide/ | https://umbrella-dota.com/en/scripts/
dota2-invoker,prediction,observed_corpus_cooccurrence,4,https://dotacheats.com/ | https://dotacheats.com/blog/dota-2-cheats-features-guide/ | https://umbrella-dota.com/en/scripts/ | https://umbrella-dota.com/en/scripts/invoker/
dota2-invoker,purchase,observed_corpus_cooccurrence,4,https://dota2cheat.net/guides/ | https://dotacheats.com/ | https://dotacheats.com/blog/dota-2-cheats-features-guide/ | https://uc.zone/en/dota2
dota2-invoker,ranked,observed_corpus_cooccurrence,4,https://dota2cheat.net/guides/ | https://dotacheats.com/ | https://dotacheats.com/blog/dota-2-cheats-features-guide/ | https://umbrella-dota.com/en/scripts/
dota2-invoker,ready,observed_corpus_cooccurrence,4,https://dotacheats.com/ | https://dotacheats.com/blog/dota-2-cheats-features-guide/ | https://umbrella-dota.com/en/scripts/ | https://umbrella-dota.com/en/scripts/invoker/
dota2-invoker,support,observed_corpus_cooccurrence,4,https://dota2cheat.net/guides/ | https://dotacheats.com/ | https://dotacheats.com/blog/dota-2-cheats-features-guide/ | https://uc.zone/en/dota2
dota2-invoker,updates,observed_corpus_cooccurrence,4,https://dota2cheat.net/guides/ | https://dotacheats.com/ | https://dotacheats.com/blog/dota-2-cheats-features-guide/ | https://uc.zone/en/dota2
dota2-invoker,vac,observed_corpus_cooccurrence,4,https://dota2cheat.net/guides/ | https://dotacheats.com/ | https://dotacheats.com/blog/dota-2-cheats-features-guide/ | https://uc.zone/en/dota2
dota2-invoker,win,observed_corpus_cooccurrence,4,https://dotacheats.com/ | https://dotacheats.com/blog/dota-2-cheats-features-guide/ | https://umbrella-dota.com/en/scripts/ | https://umbrella-dota.com/en/scripts/invoker/
dota2-meepo,hero,observed_corpus_cooccurrence,6,https://dota2cheat.net/guides/ | https://dotacheats.com/ | https://dotacheats.com/blog/dota-2-cheats-features-guide/ | https://uc.zone/en/dota2 | https://umbrella-dota.com/en/scripts/ | https://umbrella-dota.com/en/scripts/meepo/
dota2-meepo,one,observed_corpus_cooccurrence,6,https://dota2cheat.net/guides/ | https://dotacheats.com/ | https://dotacheats.com/blog/dota-2-cheats-features-guide/ | https://uc.zone/en/dota2 | https://umbrella-dota.com/en/scripts/ | https://umbrella-dota.com/en/scripts/meepo/
dota2-meepo,script,observed_corpus_cooccurrence,6,https://dota2cheat.net/guides/ | https://dotacheats.com/ | https://dotacheats.com/blog/dota-2-cheats-features-guide/ | https://uc.zone/en/dota2 | https://umbrella-dota.com/en/scripts/ | https://umbrella-dota.com/en/scripts/meepo/
dota2-meepo,scripts,observed_corpus_cooccurrence,6,https://dota2cheat.net/guides/ | https://dotacheats.com/ | https://dotacheats.com/blog/dota-2-cheats-features-guide/ | https://uc.zone/en/dota2 | https://umbrella-dota.com/en/scripts/ | https://umbrella-dota.com/en/scripts/meepo/
dota2-meepo,map hack,observed_corpus_cooccurrence,5,https://dota2cheat.net/guides/ | https://dotacheats.com/ | https://dotacheats.com/blog/dota-2-cheats-features-guide/ | https://uc.zone/en/dota2 | https://umbrella-dota.com/en/scripts/meepo/
dota2-meepo,auto,observed_corpus_cooccurrence,5,https://dota2cheat.net/guides/ | https://dotacheats.com/ | https://dotacheats.com/blog/dota-2-cheats-features-guide/ | https://umbrella-dota.com/en/scripts/ | https://umbrella-dota.com/en/scripts/meepo/
dota2-meepo,cloud,observed_corpus_cooccurrence,5,https://dotacheats.com/ | https://dotacheats.com/blog/dota-2-cheats-features-guide/ | https://uc.zone/en/dota2 | https://umbrella-dota.com/en/scripts/ | https://umbrella-dota.com/en/scripts/meepo/
dota2-meepo,combo,observed_corpus_cooccurrence,5,https://dotacheats.com/ | https://dotacheats.com/blog/dota-2-cheats-features-guide/ | https://uc.zone/en/dota2 | https://umbrella-dota.com/en/scripts/ | https://umbrella-dota.com/en/scripts/meepo/
dota2-meepo,do,observed_corpus_cooccurrence,5,https://dota2cheat.net/guides/ | https://dotacheats.com/ | https://dotacheats.com/blog/dota-2-cheats-features-guide/ | https://umbrella-dota.com/en/scripts/ | https://umbrella-dota.com/en/scripts/meepo/
dota2-meepo,enemy,observed_corpus_cooccurrence,5,https://dotacheats.com/ | https://dotacheats.com/blog/dota-2-cheats-features-guide/ | https://uc.zone/en/dota2 | https://umbrella-dota.com/en/scripts/ | https://umbrella-dota.com/en/scripts/meepo/
dota2-meepo,faq,observed_corpus_cooccurrence,5,https://dota2cheat.net/guides/ | https://dotacheats.com/ | https://dotacheats.com/blog/dota-2-cheats-features-guide/ | https://umbrella-dota.com/en/scripts/ | https://umbrella-dota.com/en/scripts/meepo/
dota2-meepo,full,observed_corpus_cooccurrence,5,https://dota2cheat.net/guides/ | https://dotacheats.com/ | https://dotacheats.com/blog/dota-2-cheats-features-guide/ | https://umbrella-dota.com/en/scripts/ | https://umbrella-dota.com/en/scripts/meepo/
dota2-meepo,hack,observed_corpus_cooccurrence,5,https://dota2cheat.net/guides/ | https://dotacheats.com/ | https://dotacheats.com/blog/dota-2-cheats-features-guide/ | https://uc.zone/en/dota2 | https://umbrella-dota.com/en/scripts/meepo/
dota2-meepo,heroes,observed_corpus_cooccurrence,5,https://dotacheats.com/ | https://dotacheats.com/blog/dota-2-cheats-features-guide/ | https://uc.zone/en/dota2 | https://umbrella-dota.com/en/scripts/ | https://umbrella-dota.com/en/scripts/meepo/
dota2-meepo,hit,observed_corpus_cooccurrence,5,https://dota2cheat.net/guides/ | https://dotacheats.com/ | https://uc.zone/en/dota2 | https://umbrella-dota.com/en/scripts/ | https://umbrella-dota.com/en/scripts/meepo/
dota2-meepo,hp,observed_corpus_cooccurrence,5,https://dotacheats.com/ | https://dotacheats.com/blog/dota-2-cheats-features-guide/ | https://uc.zone/en/dota2 | https://umbrella-dota.com/en/scripts/ | https://umbrella-dota.com/en/scripts/meepo/
dota2-meepo,map,observed_corpus_cooccurrence,5,https://dota2cheat.net/guides/ | https://dotacheats.com/ | https://dotacheats.com/blog/dota-2-cheats-features-guide/ | https://uc.zone/en/dota2 | https://umbrella-dota.com/en/scripts/meepo/
dota2-meepo,no,observed_corpus_cooccurrence,5,https://dotacheats.com/ | https://dotacheats.com/blog/dota-2-cheats-features-guide/ | https://uc.zone/en/dota2 | https://umbrella-dota.com/en/scripts/ | https://umbrella-dota.com/en/scripts/meepo/
dota2-meepo,last hit,observed_corpus_cooccurrence,4,https://dota2cheat.net/guides/ | https://uc.zone/en/dota2 | https://umbrella-dota.com/en/scripts/ | https://umbrella-dota.com/en/scripts/meepo/
dota2-meepo,low hp,observed_corpus_cooccurrence,4,https://dotacheats.com/ | https://dotacheats.com/blog/dota-2-cheats-features-guide/ | https://umbrella-dota.com/en/scripts/ | https://umbrella-dota.com/en/scripts/meepo/
dota2-meepo,before,observed_corpus_cooccurrence,4,https://dota2cheat.net/guides/ | https://dotacheats.com/ | https://dotacheats.com/blog/dota-2-cheats-features-guide/ | https://umbrella-dota.com/en/scripts/meepo/
dota2-meepo,bkb,observed_corpus_cooccurrence,4,https://dotacheats.com/ | https://dotacheats.com/blog/dota-2-cheats-features-guide/ | https://umbrella-dota.com/en/scripts/ | https://umbrella-dota.com/en/scripts/meepo/
dota2-meepo,cast,observed_corpus_cooccurrence,4,https://dotacheats.com/ | https://dotacheats.com/blog/dota-2-cheats-features-guide/ | https://umbrella-dota.com/en/scripts/ | https://umbrella-dota.com/en/scripts/meepo/
dota2-meepo,combos,observed_corpus_cooccurrence,4,https://dotacheats.com/ | https://dotacheats.com/blog/dota-2-cheats-features-guide/ | https://umbrella-dota.com/en/scripts/ | https://umbrella-dota.com/en/scripts/meepo/
dota2-meepo,config,observed_corpus_cooccurrence,4,https://dotacheats.com/ | https://dotacheats.com/blog/dota-2-cheats-features-guide/ | https://umbrella-dota.com/en/scripts/ | https://umbrella-dota.com/en/scripts/meepo/
dota2-meepo,configs,observed_corpus_cooccurrence,4,https://dotacheats.com/ | https://dotacheats.com/blog/dota-2-cheats-features-guide/ | https://umbrella-dota.com/en/scripts/ | https://umbrella-dota.com/en/scripts/meepo/
dota2-meepo,get,observed_corpus_cooccurrence,4,https://dotacheats.com/ | https://uc.zone/en/dota2 | https://umbrella-dota.com/en/scripts/ | https://umbrella-dota.com/en/scripts/meepo/
dota2-meepo,guide,observed_corpus_cooccurrence,4,https://dota2cheat.net/guides/ | https://dotacheats.com/ | https://dotacheats.com/blog/dota-2-cheats-features-guide/ | https://umbrella-dota.com/en/scripts/
dota2-meepo,instant,observed_corpus_cooccurrence,4,https://dotacheats.com/ | https://dotacheats.com/blog/dota-2-cheats-features-guide/ | https://uc.zone/en/dota2 | https://umbrella-dota.com/en/scripts/meepo/
dota2-meepo,kill,observed_corpus_cooccurrence,4,https://dotacheats.com/ | https://dotacheats.com/blog/dota-2-cheats-features-guide/ | https://uc.zone/en/dota2 | https://umbrella-dota.com/en/scripts/meepo/
dota2-meepo,last,observed_corpus_cooccurrence,4,https://dota2cheat.net/guides/ | https://uc.zone/en/dota2 | https://umbrella-dota.com/en/scripts/ | https://umbrella-dota.com/en/scripts/meepo/
dota2-meepo,like,observed_corpus_cooccurrence,4,https://dotacheats.com/ | https://dotacheats.com/blog/dota-2-cheats-features-guide/ | https://uc.zone/en/dota2 | https://umbrella-dota.com/en/scripts/
dota2-meepo,load,observed_corpus_cooccurrence,4,https://dotacheats.com/ | https://dotacheats.com/blog/dota-2-cheats-features-guide/ | https://uc.zone/en/dota2 | https://umbrella-dota.com/en/scripts/
dota2-meepo,low,observed_corpus_cooccurrence,4,https://dotacheats.com/ | https://dotacheats.com/blog/dota-2-cheats-features-guide/ | https://umbrella-dota.com/en/scripts/ | https://umbrella-dota.com/en/scripts/meepo/
dota2-meepo,most,observed_corpus_cooccurrence,4,https://dotacheats.com/blog/dota-2-cheats-features-guide/ | https://uc.zone/en/dota2 | https://umbrella-dota.com/en/scripts/ | https://umbrella-dota.com/en/scripts/meepo/
dota2-meepo,only,observed_corpus_cooccurrence,4,https://dota2cheat.net/guides/ | https://dotacheats.com/ | https://dotacheats.com/blog/dota-2-cheats-features-guide/ | https://umbrella-dota.com/en/scripts/
dota2-meepo,prediction,observed_corpus_cooccurrence,4,https://dotacheats.com/ | https://dotacheats.com/blog/dota-2-cheats-features-guide/ | https://umbrella-dota.com/en/scripts/ | https://umbrella-dota.com/en/scripts/meepo/
dota2-meepo,purchase,observed_corpus_cooccurrence,4,https://dota2cheat.net/guides/ | https://dotacheats.com/ | https://dotacheats.com/blog/dota-2-cheats-features-guide/ | https://uc.zone/en/dota2
dota2-meepo,ranked,observed_corpus_cooccurrence,4,https://dota2cheat.net/guides/ | https://dotacheats.com/ | https://dotacheats.com/blog/dota-2-cheats-features-guide/ | https://umbrella-dota.com/en/scripts/
dota2-meepo,ready,observed_corpus_cooccurrence,4,https://dotacheats.com/ | https://dotacheats.com/blog/dota-2-cheats-features-guide/ | https://umbrella-dota.com/en/scripts/ | https://umbrella-dota.com/en/scripts/meepo/
dota2-meepo,support,observed_corpus_cooccurrence,4,https://dota2cheat.net/guides/ | https://dotacheats.com/ | https://dotacheats.com/blog/dota-2-cheats-features-guide/ | https://uc.zone/en/dota2
dota2-meepo,updates,observed_corpus_cooccurrence,4,https://dota2cheat.net/guides/ | https://dotacheats.com/ | https://dotacheats.com/blog/dota-2-cheats-features-guide/ | https://uc.zone/en/dota2
dota2-meepo,vac,observed_corpus_cooccurrence,4,https://dota2cheat.net/guides/ | https://dotacheats.com/ | https://dotacheats.com/blog/dota-2-cheats-features-guide/ | https://uc.zone/en/dota2
dota2-meepo,win,observed_corpus_cooccurrence,4,https://dotacheats.com/ | https://dotacheats.com/blog/dota-2-cheats-features-guide/ | https://umbrella-dota.com/en/scripts/ | https://umbrella-dota.com/en/scripts/meepo/
dota2-meepo,ranked and turbo,observed_corpus_cooccurrence,3,https://dota2cheat.net/guides/ | https://dotacheats.com/ | https://dotacheats.com/blog/dota-2-cheats-features-guide/
dota2-maphack,one,observed_corpus_cooccurrence,7,https://dota2cheat.net/guides/ | https://dotacheats.com/ | https://dotacheats.com/blog/dota-2-cheats-features-guide/ | https://en.exloader.net/tree/modifications/d2jsr/ | https://uc.zone/en/dota2 | https://umbrella-dota.com/en/features/maphack/ | https://umbrella-dota.com/en/scripts/
dota2-maphack,scripts,observed_corpus_cooccurrence,7,https://dota2cheat.net/guides/ | https://dotacheats.com/ | https://dotacheats.com/blog/dota-2-cheats-features-guide/ | https://en.exloader.net/tree/modifications/d2jsr/ | https://uc.zone/en/dota2 | https://umbrella-dota.com/en/features/maphack/ | https://umbrella-dota.com/en/scripts/
dota2-maphack,do,observed_corpus_cooccurrence,6,https://dota2cheat.net/guides/ | https://dotacheats.com/ | https://dotacheats.com/blog/dota-2-cheats-features-guide/ | https://en.exloader.net/tree/modifications/d2jsr/ | https://umbrella-dota.com/en/features/maphack/ | https://umbrella-dota.com/en/scripts/
dota2-maphack,hero,observed_corpus_cooccurrence,6,https://dota2cheat.net/guides/ | https://dotacheats.com/ | https://dotacheats.com/blog/dota-2-cheats-features-guide/ | https://uc.zone/en/dota2 | https://umbrella-dota.com/en/features/maphack/ | https://umbrella-dota.com/en/scripts/
dota2-maphack,map hack,observed_corpus_cooccurrence,5,https://dota2cheat.net/guides/ | https://dotacheats.com/ | https://dotacheats.com/blog/dota-2-cheats-features-guide/ | https://uc.zone/en/dota2 | https://umbrella-dota.com/en/features/maphack/
dota2-maphack,before,observed_corpus_cooccurrence,5,https://dota2cheat.net/guides/ | https://dotacheats.com/ | https://dotacheats.com/blog/dota-2-cheats-features-guide/ | https://en.exloader.net/tree/modifications/d2jsr/ | https://umbrella-dota.com/en/features/maphack/
dota2-maphack,cloud,observed_corpus_cooccurrence,5,https://dotacheats.com/ | https://dotacheats.com/blog/dota-2-cheats-features-guide/ | https://uc.zone/en/dota2 | https://umbrella-dota.com/en/features/maphack/ | https://umbrella-dota.com/en/scripts/
dota2-maphack,combo,observed_corpus_cooccurrence,5,https://dotacheats.com/ | https://dotacheats.com/blog/dota-2-cheats-features-guide/ | https://uc.zone/en/dota2 | https://umbrella-dota.com/en/features/maphack/ | https://umbrella-dota.com/en/scripts/
dota2-maphack,enemy,observed_corpus_cooccurrence,5,https://dotacheats.com/ | https://dotacheats.com/blog/dota-2-cheats-features-guide/ | https://uc.zone/en/dota2 | https://umbrella-dota.com/en/features/maphack/ | https://umbrella-dota.com/en/scripts/
dota2-maphack,esp,observed_corpus_cooccurrence,5,https://dota2cheat.net/guides/ | https://dotacheats.com/ | https://dotacheats.com/blog/dota-2-cheats-features-guide/ | https://en.exloader.net/tree/modifications/d2jsr/ | https://umbrella-dota.com/en/features/maphack/
dota2-maphack,faq,observed_corpus_cooccurrence,5,https://dota2cheat.net/guides/ | https://dotacheats.com/ | https://dotacheats.com/blog/dota-2-cheats-features-guide/ | https://umbrella-dota.com/en/features/maphack/ | https://umbrella-dota.com/en/scripts/
dota2-maphack,features,observed_corpus_cooccurrence,5,https://dota2cheat.net/guides/ | https://dotacheats.com/ | https://dotacheats.com/blog/dota-2-cheats-features-guide/ | https://en.exloader.net/tree/modifications/d2jsr/ | https://umbrella-dota.com/en/features/maphack/
dota2-maphack,full,observed_corpus_cooccurrence,5,https://dota2cheat.net/guides/ | https://dotacheats.com/ | https://dotacheats.com/blog/dota-2-cheats-features-guide/ | https://umbrella-dota.com/en/features/maphack/ | https://umbrella-dota.com/en/scripts/
dota2-maphack,guide,observed_corpus_cooccurrence,5,https://dota2cheat.net/guides/ | https://dotacheats.com/ | https://dotacheats.com/blog/dota-2-cheats-features-guide/ | https://en.exloader.net/tree/modifications/d2jsr/ | https://umbrella-dota.com/en/scripts/
dota2-maphack,hack,observed_corpus_cooccurrence,5,https://dota2cheat.net/guides/ | https://dotacheats.com/ | https://dotacheats.com/blog/dota-2-cheats-features-guide/ | https://uc.zone/en/dota2 | https://umbrella-dota.com/en/features/maphack/
dota2-maphack,heroes,observed_corpus_cooccurrence,5,https://dotacheats.com/ | https://dotacheats.com/blog/dota-2-cheats-features-guide/ | https://uc.zone/en/dota2 | https://umbrella-dota.com/en/features/maphack/ | https://umbrella-dota.com/en/scripts/
dota2-maphack,hit,observed_corpus_cooccurrence,5,https://dota2cheat.net/guides/ | https://dotacheats.com/ | https://uc.zone/en/dota2 | https://umbrella-dota.com/en/features/maphack/ | https://umbrella-dota.com/en/scripts/
dota2-maphack,hp,observed_corpus_cooccurrence,5,https://dotacheats.com/ | https://dotacheats.com/blog/dota-2-cheats-features-guide/ | https://uc.zone/en/dota2 | https://umbrella-dota.com/en/features/maphack/ | https://umbrella-dota.com/en/scripts/
dota2-maphack,launch,observed_corpus_cooccurrence,5,https://dota2cheat.net/guides/ | https://dotacheats.com/ | https://en.exloader.net/tree/modifications/d2jsr/ | https://umbrella-dota.com/en/features/maphack/ | https://umbrella-dota.com/en/scripts/
dota2-maphack,loader,observed_corpus_cooccurrence,5,https://dotacheats.com/ | https://dotacheats.com/blog/dota-2-cheats-features-guide/ | https://en.exloader.net/tree/modifications/d2jsr/ | https://umbrella-dota.com/en/features/maphack/ | https://umbrella-dota.com/en/scripts/
dota2-maphack,map,observed_corpus_cooccurrence,5,https://dota2cheat.net/guides/ | https://dotacheats.com/ | https://dotacheats.com/blog/dota-2-cheats-features-guide/ | https://uc.zone/en/dota2 | https://umbrella-dota.com/en/features/maphack/
dota2-maphack,no,observed_corpus_cooccurrence,5,https://dotacheats.com/ | https://dotacheats.com/blog/dota-2-cheats-features-guide/ | https://uc.zone/en/dota2 | https://umbrella-dota.com/en/features/maphack/ | https://umbrella-dota.com/en/scripts/
dota2-maphack,only,observed_corpus_cooccurrence,5,https://dota2cheat.net/guides/ | https://dotacheats.com/ | https://dotacheats.com/blog/dota-2-cheats-features-guide/ | https://umbrella-dota.com/en/features/maphack/ | https://umbrella-dota.com/en/scripts/
dota2-maphack,script,observed_corpus_cooccurrence,5,https://dota2cheat.net/guides/ | https://dotacheats.com/ | https://dotacheats.com/blog/dota-2-cheats-features-guide/ | https://uc.zone/en/dota2 | https://umbrella-dota.com/en/scripts/
dota2-maphack,last hit,observed_corpus_cooccurrence,4,https://dota2cheat.net/guides/ | https://uc.zone/en/dota2 | https://umbrella-dota.com/en/features/maphack/ | https://umbrella-dota.com/en/scripts/
dota2-maphack,after,observed_corpus_cooccurrence,4,https://dota2cheat.net/guides/ | https://dotacheats.com/ | https://dotacheats.com/blog/dota-2-cheats-features-guide/ | https://en.exloader.net/tree/modifications/d2jsr/
dota2-maphack,auto,observed_corpus_cooccurrence,4,https://dota2cheat.net/guides/ | https://dotacheats.com/ | https://dotacheats.com/blog/dota-2-cheats-features-guide/ | https://umbrella-dota.com/en/scripts/
dota2-maphack,bkb,observed_corpus_cooccurrence,4,https://dotacheats.com/ | https://dotacheats.com/blog/dota-2-cheats-features-guide/ | https://umbrella-dota.com/en/features/maphack/ | https://umbrella-dota.com/en/scripts/
dota2-maphack,camera,observed_corpus_cooccurrence,4,https://dotacheats.com/ | https://dotacheats.com/blog/dota-2-cheats-features-guide/ | https://uc.zone/en/dota2 | https://umbrella-dota.com/en/features/maphack/
dota2-maphack,cast,observed_corpus_cooccurrence,4,https://dotacheats.com/ | https://dotacheats.com/blog/dota-2-cheats-features-guide/ | https://umbrella-dota.com/en/features/maphack/ | https://umbrella-dota.com/en/scripts/
dota2-maphack,config,observed_corpus_cooccurrence,4,https://dotacheats.com/ | https://dotacheats.com/blog/dota-2-cheats-features-guide/ | https://umbrella-dota.com/en/features/maphack/ | https://umbrella-dota.com/en/scripts/
dota2-maphack,configs,observed_corpus_cooccurrence,4,https://dotacheats.com/ | https://dotacheats.com/blog/dota-2-cheats-features-guide/ | https://en.exloader.net/tree/modifications/d2jsr/ | https://umbrella-dota.com/en/scripts/
dota2-maphack,download,observed_corpus_cooccurrence,4,https://dotacheats.com/ | https://dotacheats.com/blog/dota-2-cheats-features-guide/ | https://en.exloader.net/tree/modifications/d2jsr/ | https://umbrella-dota.com/en/features/maphack/
dota2-maphack,each,observed_corpus_cooccurrence,4,https://dota2cheat.net/guides/ | https://uc.zone/en/dota2 | https://umbrella-dota.com/en/features/maphack/ | https://umbrella-dota.com/en/scripts/
dota2-maphack,enemies,observed_corpus_cooccurrence,4,https://dotacheats.com/ | https://dotacheats.com/blog/dota-2-cheats-features-guide/ | https://en.exloader.net/tree/modifications/d2jsr/ | https://umbrella-dota.com/en/features/maphack/
dota2-maphack,farming,observed_corpus_cooccurrence,4,https://dotacheats.com/ | https://dotacheats.com/blog/dota-2-cheats-features-guide/ | https://uc.zone/en/dota2 | https://umbrella-dota.com/en/features/maphack/
dota2-maphack,feature,observed_corpus_cooccurrence,4,https://dota2cheat.net/guides/ | https://dotacheats.com/ | https://dotacheats.com/blog/dota-2-cheats-features-guide/ | https://umbrella-dota.com/en/features/maphack/
dota2-maphack,get,observed_corpus_cooccurrence,4,https://dotacheats.com/ | https://uc.zone/en/dota2 | https://umbrella-dota.com/en/features/maphack/ | https://umbrella-dota.com/en/scripts/
dota2-maphack,last,observed_corpus_cooccurrence,4,https://dota2cheat.net/guides/ | https://uc.zone/en/dota2 | https://umbrella-dota.com/en/features/maphack/ | https://umbrella-dota.com/en/scripts/
dota2-maphack,like,observed_corpus_cooccurrence,4,https://dotacheats.com/ | https://dotacheats.com/blog/dota-2-cheats-features-guide/ | https://uc.zone/en/dota2 | https://umbrella-dota.com/en/scripts/
dota2-maphack,load,observed_corpus_cooccurrence,4,https://dotacheats.com/ | https://dotacheats.com/blog/dota-2-cheats-features-guide/ | https://uc.zone/en/dota2 | https://umbrella-dota.com/en/scripts/
dota2-maphack,most,observed_corpus_cooccurrence,4,https://dotacheats.com/blog/dota-2-cheats-features-guide/ | https://en.exloader.net/tree/modifications/d2jsr/ | https://uc.zone/en/dota2 | https://umbrella-dota.com/en/scripts/
dota2-maphack,other,observed_corpus_cooccurrence,4,https://dota2cheat.net/guides/ | https://dotacheats.com/ | https://en.exloader.net/tree/modifications/d2jsr/ | https://umbrella-dota.com/en/features/maphack/
dota2-maphack,purchase,observed_corpus_cooccurrence,4,https://dota2cheat.net/guides/ | https://dotacheats.com/ | https://dotacheats.com/blog/dota-2-cheats-features-guide/ | https://uc.zone/en/dota2
dota2-maphack,ranked,observed_corpus_cooccurrence,4,https://dota2cheat.net/guides/ | https://dotacheats.com/ | https://dotacheats.com/blog/dota-2-cheats-features-guide/ | https://umbrella-dota.com/en/scripts/
dota2-ward-tracker,hero,observed_corpus_cooccurrence,6,https://dota2cheat.net/guides/ | https://dotacheats.com/ | https://dotacheats.com/blog/dota-2-cheats-features-guide/ | https://uc.zone/en/dota2 | https://umbrella-dota.com/en/features/maphack/ | https://umbrella-dota.com/en/scripts/
dota2-ward-tracker,one,observed_corpus_cooccurrence,6,https://dota2cheat.net/guides/ | https://dotacheats.com/ | https://dotacheats.com/blog/dota-2-cheats-features-guide/ | https://uc.zone/en/dota2 | https://umbrella-dota.com/en/features/maphack/ | https://umbrella-dota.com/en/scripts/
dota2-ward-tracker,scripts,observed_corpus_cooccurrence,6,https://dota2cheat.net/guides/ | https://dotacheats.com/ | https://dotacheats.com/blog/dota-2-cheats-features-guide/ | https://uc.zone/en/dota2 | https://umbrella-dota.com/en/features/maphack/ | https://umbrella-dota.com/en/scripts/
dota2-ward-tracker,map hack,observed_corpus_cooccurrence,5,https://dota2cheat.net/guides/ | https://dotacheats.com/ | https://dotacheats.com/blog/dota-2-cheats-features-guide/ | https://uc.zone/en/dota2 | https://umbrella-dota.com/en/features/maphack/
dota2-ward-tracker,cloud,observed_corpus_cooccurrence,5,https://dotacheats.com/ | https://dotacheats.com/blog/dota-2-cheats-features-guide/ | https://uc.zone/en/dota2 | https://umbrella-dota.com/en/features/maphack/ | https://umbrella-dota.com/en/scripts/
dota2-ward-tracker,combo,observed_corpus_cooccurrence,5,https://dotacheats.com/ | https://dotacheats.com/blog/dota-2-cheats-features-guide/ | https://uc.zone/en/dota2 | https://umbrella-dota.com/en/features/maphack/ | https://umbrella-dota.com/en/scripts/
dota2-ward-tracker,do,observed_corpus_cooccurrence,5,https://dota2cheat.net/guides/ | https://dotacheats.com/ | https://dotacheats.com/blog/dota-2-cheats-features-guide/ | https://umbrella-dota.com/en/features/maphack/ | https://umbrella-dota.com/en/scripts/
dota2-ward-tracker,enemy,observed_corpus_cooccurrence,5,https://dotacheats.com/ | https://dotacheats.com/blog/dota-2-cheats-features-guide/ | https://uc.zone/en/dota2 | https://umbrella-dota.com/en/features/maphack/ | https://umbrella-dota.com/en/scripts/
dota2-ward-tracker,faq,observed_corpus_cooccurrence,5,https://dota2cheat.net/guides/ | https://dotacheats.com/ | https://dotacheats.com/blog/dota-2-cheats-features-guide/ | https://umbrella-dota.com/en/features/maphack/ | https://umbrella-dota.com/en/scripts/
dota2-ward-tracker,full,observed_corpus_cooccurrence,5,https://dota2cheat.net/guides/ | https://dotacheats.com/ | https://dotacheats.com/blog/dota-2-cheats-features-guide/ | https://umbrella-dota.com/en/features/maphack/ | https://umbrella-dota.com/en/scripts/
dota2-ward-tracker,hack,observed_corpus_cooccurrence,5,https://dota2cheat.net/guides/ | https://dotacheats.com/ | https://dotacheats.com/blog/dota-2-cheats-features-guide/ | https://uc.zone/en/dota2 | https://umbrella-dota.com/en/features/maphack/
dota2-ward-tracker,heroes,observed_corpus_cooccurrence,5,https://dotacheats.com/ | https://dotacheats.com/blog/dota-2-cheats-features-guide/ | https://uc.zone/en/dota2 | https://umbrella-dota.com/en/features/maphack/ | https://umbrella-dota.com/en/scripts/
dota2-ward-tracker,hit,observed_corpus_cooccurrence,5,https://dota2cheat.net/guides/ | https://dotacheats.com/ | https://uc.zone/en/dota2 | https://umbrella-dota.com/en/features/maphack/ | https://umbrella-dota.com/en/scripts/
dota2-ward-tracker,hp,observed_corpus_cooccurrence,5,https://dotacheats.com/ | https://dotacheats.com/blog/dota-2-cheats-features-guide/ | https://uc.zone/en/dota2 | https://umbrella-dota.com/en/features/maphack/ | https://umbrella-dota.com/en/scripts/
dota2-ward-tracker,map,observed_corpus_cooccurrence,5,https://dota2cheat.net/guides/ | https://dotacheats.com/ | https://dotacheats.com/blog/dota-2-cheats-features-guide/ | https://uc.zone/en/dota2 | https://umbrella-dota.com/en/features/maphack/
dota2-ward-tracker,no,observed_corpus_cooccurrence,5,https://dotacheats.com/ | https://dotacheats.com/blog/dota-2-cheats-features-guide/ | https://uc.zone/en/dota2 | https://umbrella-dota.com/en/features/maphack/ | https://umbrella-dota.com/en/scripts/
dota2-ward-tracker,only,observed_corpus_cooccurrence,5,https://dota2cheat.net/guides/ | https://dotacheats.com/ | https://dotacheats.com/blog/dota-2-cheats-features-guide/ | https://umbrella-dota.com/en/features/maphack/ | https://umbrella-dota.com/en/scripts/
dota2-ward-tracker,script,observed_corpus_cooccurrence,5,https://dota2cheat.net/guides/ | https://dotacheats.com/ | https://dotacheats.com/blog/dota-2-cheats-features-guide/ | https://uc.zone/en/dota2 | https://umbrella-dota.com/en/scripts/
dota2-ward-tracker,last hit,observed_corpus_cooccurrence,4,https://dota2cheat.net/guides/ | https://uc.zone/en/dota2 | https://umbrella-dota.com/en/features/maphack/ | https://umbrella-dota.com/en/scripts/
dota2-ward-tracker,auto,observed_corpus_cooccurrence,4,https://dota2cheat.net/guides/ | https://dotacheats.com/ | https://dotacheats.com/blog/dota-2-cheats-features-guide/ | https://umbrella-dota.com/en/scripts/
dota2-ward-tracker,before,observed_corpus_cooccurrence,4,https://dota2cheat.net/guides/ | https://dotacheats.com/ | https://dotacheats.com/blog/dota-2-cheats-features-guide/ | https://umbrella-dota.com/en/features/maphack/
dota2-ward-tracker,bkb,observed_corpus_cooccurrence,4,https://dotacheats.com/ | https://dotacheats.com/blog/dota-2-cheats-features-guide/ | https://umbrella-dota.com/en/features/maphack/ | https://umbrella-dota.com/en/scripts/
dota2-ward-tracker,camera,observed_corpus_cooccurrence,4,https://dotacheats.com/ | https://dotacheats.com/blog/dota-2-cheats-features-guide/ | https://uc.zone/en/dota2 | https://umbrella-dota.com/en/features/maphack/
dota2-ward-tracker,cast,observed_corpus_cooccurrence,4,https://dotacheats.com/ | https://dotacheats.com/blog/dota-2-cheats-features-guide/ | https://umbrella-dota.com/en/features/maphack/ | https://umbrella-dota.com/en/scripts/
dota2-ward-tracker,config,observed_corpus_cooccurrence,4,https://dotacheats.com/ | https://dotacheats.com/blog/dota-2-cheats-features-guide/ | https://umbrella-dota.com/en/features/maphack/ | https://umbrella-dota.com/en/scripts/
dota2-ward-tracker,each,observed_corpus_cooccurrence,4,https://dota2cheat.net/guides/ | https://uc.zone/en/dota2 | https://umbrella-dota.com/en/features/maphack/ | https://umbrella-dota.com/en/scripts/
dota2-ward-tracker,esp,observed_corpus_cooccurrence,4,https://dota2cheat.net/guides/ | https://dotacheats.com/ | https://dotacheats.com/blog/dota-2-cheats-features-guide/ | https://umbrella-dota.com/en/features/maphack/
dota2-ward-tracker,farming,observed_corpus_cooccurrence,4,https://dotacheats.com/ | https://dotacheats.com/blog/dota-2-cheats-features-guide/ | https://uc.zone/en/dota2 | https://umbrella-dota.com/en/features/maphack/
dota2-ward-tracker,feature,observed_corpus_cooccurrence,4,https://dota2cheat.net/guides/ | https://dotacheats.com/ | https://dotacheats.com/blog/dota-2-cheats-features-guide/ | https://umbrella-dota.com/en/features/maphack/
dota2-ward-tracker,features,observed_corpus_cooccurrence,4,https://dota2cheat.net/guides/ | https://dotacheats.com/ | https://dotacheats.com/blog/dota-2-cheats-features-guide/ | https://umbrella-dota.com/en/features/maphack/
dota2-ward-tracker,get,observed_corpus_cooccurrence,4,https://dotacheats.com/ | https://uc.zone/en/dota2 | https://umbrella-dota.com/en/features/maphack/ | https://umbrella-dota.com/en/scripts/
dota2-ward-tracker,guide,observed_corpus_cooccurrence,4,https://dota2cheat.net/guides/ | https://dotacheats.com/ | https://dotacheats.com/blog/dota-2-cheats-features-guide/ | https://umbrella-dota.com/en/scripts/
dota2-ward-tracker,last,observed_corpus_cooccurrence,4,https://dota2cheat.net/guides/ | https://uc.zone/en/dota2 | https://umbrella-dota.com/en/features/maphack/ | https://umbrella-dota.com/en/scripts/
dota2-ward-tracker,launch,observed_corpus_cooccurrence,4,https://dota2cheat.net/guides/ | https://dotacheats.com/ | https://umbrella-dota.com/en/features/maphack/ | https://umbrella-dota.com/en/scripts/
dota2-ward-tracker,like,observed_corpus_cooccurrence,4,https://dotacheats.com/ | https://dotacheats.com/blog/dota-2-cheats-features-guide/ | https://uc.zone/en/dota2 | https://umbrella-dota.com/en/scripts/
dota2-ward-tracker,load,observed_corpus_cooccurrence,4,https://dotacheats.com/ | https://dotacheats.com/blog/dota-2-cheats-features-guide/ | https://uc.zone/en/dota2 | https://umbrella-dota.com/en/scripts/
dota2-ward-tracker,loader,observed_corpus_cooccurrence,4,https://dotacheats.com/ | https://dotacheats.com/blog/dota-2-cheats-features-guide/ | https://umbrella-dota.com/en/features/maphack/ | https://umbrella-dota.com/en/scripts/
dota2-ward-tracker,purchase,observed_corpus_cooccurrence,4,https://dota2cheat.net/guides/ | https://dotacheats.com/ | https://dotacheats.com/blog/dota-2-cheats-features-guide/ | https://uc.zone/en/dota2
dota2-ward-tracker,ranked,observed_corpus_cooccurrence,4,https://dota2cheat.net/guides/ | https://dotacheats.com/ | https://dotacheats.com/blog/dota-2-cheats-features-guide/ | https://umbrella-dota.com/en/scripts/
dota2-ward-tracker,ready,observed_corpus_cooccurrence,4,https://dotacheats.com/ | https://dotacheats.com/blog/dota-2-cheats-features-guide/ | https://umbrella-dota.com/en/features/maphack/ | https://umbrella-dota.com/en/scripts/
dota2-ward-tracker,setup,observed_corpus_cooccurrence,4,https://dota2cheat.net/guides/ | https://dotacheats.com/ | https://dotacheats.com/blog/dota-2-cheats-features-guide/ | https://umbrella-dota.com/en/features/maphack/
dota2-ward-tracker,so,observed_corpus_cooccurrence,4,https://dotacheats.com/ | https://dotacheats.com/blog/dota-2-cheats-features-guide/ | https://umbrella-dota.com/en/features/maphack/ | https://umbrella-dota.com/en/scripts/
dota2-ward-tracker,support,observed_corpus_cooccurrence,4,https://dota2cheat.net/guides/ | https://dotacheats.com/ | https://dotacheats.com/blog/dota-2-cheats-features-guide/ | https://uc.zone/en/dota2
dota2-ward-tracker,updates,observed_corpus_cooccurrence,4,https://dota2cheat.net/guides/ | https://dotacheats.com/ | https://dotacheats.com/blog/dota-2-cheats-features-guide/ | https://uc.zone/en/dota2
dota2-ward-tracker,vac,observed_corpus_cooccurrence,4,https://dota2cheat.net/guides/ | https://dotacheats.com/ | https://dotacheats.com/blog/dota-2-cheats-features-guide/ | https://uc.zone/en/dota2
dota2-roshan,one,observed_corpus_cooccurrence,8,https://dota2cheat.net/guides/ | https://dota2tool.vercel.app/ | https://dotacheats.com/ | https://dotacheats.com/blog/dota-2-cheats-features-guide/ | https://dotasense.com/guides/roshan-timer | https://uc.zone/en/dota2 | https://umbrella-dota.com/en/features/maphack/ | https://umbrella-dota.com/en/scripts/
dota2-roshan,no,observed_corpus_cooccurrence,7,https://dota2tool.vercel.app/ | https://dotacheats.com/ | https://dotacheats.com/blog/dota-2-cheats-features-guide/ | https://dotasense.com/guides/roshan-timer | https://uc.zone/en/dota2 | https://umbrella-dota.com/en/features/maphack/ | https://umbrella-dota.com/en/scripts/
dota2-roshan,before,observed_corpus_cooccurrence,6,https://dota2cheat.net/guides/ | https://dota2tool.vercel.app/ | https://dotacheats.com/ | https://dotacheats.com/blog/dota-2-cheats-features-guide/ | https://dotasense.com/guides/roshan-timer | https://umbrella-dota.com/en/features/maphack/
dota2-roshan,enemy,observed_corpus_cooccurrence,6,https://dotacheats.com/ | https://dotacheats.com/blog/dota-2-cheats-features-guide/ | https://dotasense.com/guides/roshan-timer | https://uc.zone/en/dota2 | https://umbrella-dota.com/en/features/maphack/ | https://umbrella-dota.com/en/scripts/
dota2-roshan,faq,observed_corpus_cooccurrence,6,https://dota2cheat.net/guides/ | https://dotacheats.com/ | https://dotacheats.com/blog/dota-2-cheats-features-guide/ | https://dotasense.com/guides/roshan-timer | https://umbrella-dota.com/en/features/maphack/ | https://umbrella-dota.com/en/scripts/
dota2-roshan,full,observed_corpus_cooccurrence,6,https://dota2cheat.net/guides/ | https://dotacheats.com/ | https://dotacheats.com/blog/dota-2-cheats-features-guide/ | https://dotasense.com/guides/roshan-timer | https://umbrella-dota.com/en/features/maphack/ | https://umbrella-dota.com/en/scripts/
dota2-roshan,hero,observed_corpus_cooccurrence,6,https://dota2cheat.net/guides/ | https://dotacheats.com/ | https://dotacheats.com/blog/dota-2-cheats-features-guide/ | https://uc.zone/en/dota2 | https://umbrella-dota.com/en/features/maphack/ | https://umbrella-dota.com/en/scripts/
dota2-roshan,like,observed_corpus_cooccurrence,6,https://dota2tool.vercel.app/ | https://dotacheats.com/ | https://dotacheats.com/blog/dota-2-cheats-features-guide/ | https://dotasense.com/guides/roshan-timer | https://uc.zone/en/dota2 | https://umbrella-dota.com/en/scripts/
dota2-roshan,map,observed_corpus_cooccurrence,6,https://dota2cheat.net/guides/ | https://dotacheats.com/ | https://dotacheats.com/blog/dota-2-cheats-features-guide/ | https://dotasense.com/guides/roshan-timer | https://uc.zone/en/dota2 | https://umbrella-dota.com/en/features/maphack/
dota2-roshan,only,observed_corpus_cooccurrence,6,https://dota2cheat.net/guides/ | https://dotacheats.com/ | https://dotacheats.com/blog/dota-2-cheats-features-guide/ | https://dotasense.com/guides/roshan-timer | https://umbrella-dota.com/en/features/maphack/ | https://umbrella-dota.com/en/scripts/
dota2-roshan,script,observed_corpus_cooccurrence,6,https://dota2cheat.net/guides/ | https://dotacheats.com/ | https://dotacheats.com/blog/dota-2-cheats-features-guide/ | https://dotasense.com/guides/roshan-timer | https://uc.zone/en/dota2 | https://umbrella-dota.com/en/scripts/
dota2-roshan,scripts,observed_corpus_cooccurrence,6,https://dota2cheat.net/guides/ | https://dotacheats.com/ | https://dotacheats.com/blog/dota-2-cheats-features-guide/ | https://uc.zone/en/dota2 | https://umbrella-dota.com/en/features/maphack/ | https://umbrella-dota.com/en/scripts/
dota2-roshan,map hack,observed_corpus_cooccurrence,5,https://dota2cheat.net/guides/ | https://dotacheats.com/ | https://dotacheats.com/blog/dota-2-cheats-features-guide/ | https://uc.zone/en/dota2 | https://umbrella-dota.com/en/features/maphack/
dota2-roshan,after,observed_corpus_cooccurrence,5,https://dota2cheat.net/guides/ | https://dota2tool.vercel.app/ | https://dotacheats.com/ | https://dotacheats.com/blog/dota-2-cheats-features-guide/ | https://dotasense.com/guides/roshan-timer
dota2-roshan,check,observed_corpus_cooccurrence,5,https://dota2cheat.net/guides/ | https://dota2tool.vercel.app/ | https://dotacheats.com/ | https://dotacheats.com/blog/dota-2-cheats-features-guide/ | https://dotasense.com/guides/roshan-timer
dota2-roshan,cloud,observed_corpus_cooccurrence,5,https://dotacheats.com/ | https://dotacheats.com/blog/dota-2-cheats-features-guide/ | https://uc.zone/en/dota2 | https://umbrella-dota.com/en/features/maphack/ | https://umbrella-dota.com/en/scripts/
dota2-roshan,combo,observed_corpus_cooccurrence,5,https://dotacheats.com/ | https://dotacheats.com/blog/dota-2-cheats-features-guide/ | https://uc.zone/en/dota2 | https://umbrella-dota.com/en/features/maphack/ | https://umbrella-dota.com/en/scripts/
dota2-roshan,do,observed_corpus_cooccurrence,5,https://dota2cheat.net/guides/ | https://dotacheats.com/ | https://dotacheats.com/blog/dota-2-cheats-features-guide/ | https://umbrella-dota.com/en/features/maphack/ | https://umbrella-dota.com/en/scripts/
dota2-roshan,each,observed_corpus_cooccurrence,5,https://dota2cheat.net/guides/ | https://dotasense.com/guides/roshan-timer | https://uc.zone/en/dota2 | https://umbrella-dota.com/en/features/maphack/ | https://umbrella-dota.com/en/scripts/
dota2-roshan,features,observed_corpus_cooccurrence,5,https://dota2cheat.net/guides/ | https://dota2tool.vercel.app/ | https://dotacheats.com/ | https://dotacheats.com/blog/dota-2-cheats-features-guide/ | https://umbrella-dota.com/en/features/maphack/
dota2-roshan,guide,observed_corpus_cooccurrence,5,https://dota2cheat.net/guides/ | https://dotacheats.com/ | https://dotacheats.com/blog/dota-2-cheats-features-guide/ | https://dotasense.com/guides/roshan-timer | https://umbrella-dota.com/en/scripts/
dota2-roshan,hack,observed_corpus_cooccurrence,5,https://dota2cheat.net/guides/ | https://dotacheats.com/ | https://dotacheats.com/blog/dota-2-cheats-features-guide/ | https://uc.zone/en/dota2 | https://umbrella-dota.com/en/features/maphack/
dota2-roshan,heroes,observed_corpus_cooccurrence,5,https://dotacheats.com/ | https://dotacheats.com/blog/dota-2-cheats-features-guide/ | https://uc.zone/en/dota2 | https://umbrella-dota.com/en/features/maphack/ | https://umbrella-dota.com/en/scripts/
dota2-roshan,hit,observed_corpus_cooccurrence,5,https://dota2cheat.net/guides/ | https://dotacheats.com/ | https://uc.zone/en/dota2 | https://umbrella-dota.com/en/features/maphack/ | https://umbrella-dota.com/en/scripts/
dota2-roshan,hp,observed_corpus_cooccurrence,5,https://dotacheats.com/ | https://dotacheats.com/blog/dota-2-cheats-features-guide/ | https://uc.zone/en/dota2 | https://umbrella-dota.com/en/features/maphack/ | https://umbrella-dota.com/en/scripts/
dota2-roshan,last,observed_corpus_cooccurrence,5,https://dota2cheat.net/guides/ | https://dotasense.com/guides/roshan-timer | https://uc.zone/en/dota2 | https://umbrella-dota.com/en/features/maphack/ | https://umbrella-dota.com/en/scripts/
dota2-roshan,runes,observed_corpus_cooccurrence,5,https://dota2tool.vercel.app/ | https://dotacheats.com/ | https://dotacheats.com/blog/dota-2-cheats-features-guide/ | https://dotasense.com/guides/roshan-timer | https://umbrella-dota.com/en/features/maphack/
dota2-roshan,setup,observed_corpus_cooccurrence,5,https://dota2cheat.net/guides/ | https://dotacheats.com/ | https://dotacheats.com/blog/dota-2-cheats-features-guide/ | https://dotasense.com/guides/roshan-timer | https://umbrella-dota.com/en/features/maphack/
dota2-roshan,so,observed_corpus_cooccurrence,5,https://dotacheats.com/ | https://dotacheats.com/blog/dota-2-cheats-features-guide/ | https://dotasense.com/guides/roshan-timer | https://umbrella-dota.com/en/features/maphack/ | https://umbrella-dota.com/en/scripts/
dota2-roshan,team,observed_corpus_cooccurrence,5,https://dota2tool.vercel.app/ | https://dotacheats.com/ | https://dotacheats.com/blog/dota-2-cheats-features-guide/ | https://dotasense.com/guides/roshan-timer | https://uc.zone/en/dota2
dota2-roshan,timing,observed_corpus_cooccurrence,5,https://dota2tool.vercel.app/ | https://dotacheats.com/ | https://dotacheats.com/blog/dota-2-cheats-features-guide/ | https://dotasense.com/guides/roshan-timer | https://umbrella-dota.com/en/features/maphack/
dota2-roshan,ward,observed_corpus_cooccurrence,5,https://dota2tool.vercel.app/ | https://dotacheats.com/ | https://dotacheats.com/blog/dota-2-cheats-features-guide/ | https://dotasense.com/guides/roshan-timer | https://umbrella-dota.com/en/features/maphack/
dota2-roshan,last hit,observed_corpus_cooccurrence,4,https://dota2cheat.net/guides/ | https://uc.zone/en/dota2 | https://umbrella-dota.com/en/features/maphack/ | https://umbrella-dota.com/en/scripts/
dota2-roshan,active,observed_corpus_cooccurrence,4,https://dotacheats.com/ | https://dotasense.com/guides/roshan-timer | https://umbrella-dota.com/en/features/maphack/ | https://umbrella-dota.com/en/scripts/
dota2-roshan,answers,observed_corpus_cooccurrence,4,https://dota2cheat.net/guides/ | https://dotacheats.com/ | https://dotacheats.com/blog/dota-2-cheats-features-guide/ | https://dotasense.com/guides/roshan-timer
dota2-roshan,auto,observed_corpus_cooccurrence,4,https://dota2cheat.net/guides/ | https://dotacheats.com/ | https://dotacheats.com/blog/dota-2-cheats-features-guide/ | https://umbrella-dota.com/en/scripts/
dota2-roshan,bkb,observed_corpus_cooccurrence,4,https://dotacheats.com/ | https://dotacheats.com/blog/dota-2-cheats-features-guide/ | https://umbrella-dota.com/en/features/maphack/ | https://umbrella-dota.com/en/scripts/
dota2-roshan,camera,observed_corpus_cooccurrence,4,https://dotacheats.com/ | https://dotacheats.com/blog/dota-2-cheats-features-guide/ | https://uc.zone/en/dota2 | https://umbrella-dota.com/en/features/maphack/
dota2-roshan,cast,observed_corpus_cooccurrence,4,https://dotacheats.com/ | https://dotacheats.com/blog/dota-2-cheats-features-guide/ | https://umbrella-dota.com/en/features/maphack/ | https://umbrella-dota.com/en/scripts/
dota2-roshan,config,observed_corpus_cooccurrence,4,https://dotacheats.com/ | https://dotacheats.com/blog/dota-2-cheats-features-guide/ | https://umbrella-dota.com/en/features/maphack/ | https://umbrella-dota.com/en/scripts/
dota2-roshan,does,observed_corpus_cooccurrence,4,https://dota2cheat.net/guides/ | https://dota2tool.vercel.app/ | https://dotacheats.com/blog/dota-2-cheats-features-guide/ | https://dotasense.com/guides/roshan-timer
dota2-roshan,download,observed_corpus_cooccurrence,4,https://dotacheats.com/ | https://dotacheats.com/blog/dota-2-cheats-features-guide/ | https://dotasense.com/guides/roshan-timer | https://umbrella-dota.com/en/features/maphack/
dota2-roshan,enemies,observed_corpus_cooccurrence,4,https://dota2tool.vercel.app/ | https://dotacheats.com/ | https://dotacheats.com/blog/dota-2-cheats-features-guide/ | https://umbrella-dota.com/en/features/maphack/
dota2-roshan,esp,observed_corpus_cooccurrence,4,https://dota2cheat.net/guides/ | https://dotacheats.com/ | https://dotacheats.com/blog/dota-2-cheats-features-guide/ | https://umbrella-dota.com/en/features/maphack/
dota2-roshan,every,observed_corpus_cooccurrence,4,https://dota2tool.vercel.app/ | https://dotacheats.com/ | https://dotacheats.com/blog/dota-2-cheats-features-guide/ | https://dotasense.com/guides/roshan-timer
dota2-teleport,hero,observed_corpus_cooccurrence,5,https://dota2cheat.net/guides/ | https://dotacheats.com/ | https://dotacheats.com/blog/dota-2-cheats-features-guide/ | https://uc.zone/en/dota2 | https://umbrella-dota.com/en/scripts/
dota2-teleport,one,observed_corpus_cooccurrence,5,https://dota2cheat.net/guides/ | https://dotacheats.com/ | https://dotacheats.com/blog/dota-2-cheats-features-guide/ | https://uc.zone/en/dota2 | https://umbrella-dota.com/en/scripts/
dota2-teleport,script,observed_corpus_cooccurrence,5,https://dota2cheat.net/guides/ | https://dotacheats.com/ | https://dotacheats.com/blog/dota-2-cheats-features-guide/ | https://uc.zone/en/dota2 | https://umbrella-dota.com/en/scripts/
dota2-teleport,scripts,observed_corpus_cooccurrence,5,https://dota2cheat.net/guides/ | https://dotacheats.com/ | https://dotacheats.com/blog/dota-2-cheats-features-guide/ | https://uc.zone/en/dota2 | https://umbrella-dota.com/en/scripts/
dota2-teleport,map hack,observed_corpus_cooccurrence,4,https://dota2cheat.net/guides/ | https://dotacheats.com/ | https://dotacheats.com/blog/dota-2-cheats-features-guide/ | https://uc.zone/en/dota2
dota2-teleport,auto,observed_corpus_cooccurrence,4,https://dota2cheat.net/guides/ | https://dotacheats.com/ | https://dotacheats.com/blog/dota-2-cheats-features-guide/ | https://umbrella-dota.com/en/scripts/
dota2-teleport,cloud,observed_corpus_cooccurrence,4,https://dotacheats.com/ | https://dotacheats.com/blog/dota-2-cheats-features-guide/ | https://uc.zone/en/dota2 | https://umbrella-dota.com/en/scripts/
dota2-teleport,combo,observed_corpus_cooccurrence,4,https://dotacheats.com/ | https://dotacheats.com/blog/dota-2-cheats-features-guide/ | https://uc.zone/en/dota2 | https://umbrella-dota.com/en/scripts/
dota2-teleport,do,observed_corpus_cooccurrence,4,https://dota2cheat.net/guides/ | https://dotacheats.com/ | https://dotacheats.com/blog/dota-2-cheats-features-guide/ | https://umbrella-dota.com/en/scripts/
dota2-teleport,enemy,observed_corpus_cooccurrence,4,https://dotacheats.com/ | https://dotacheats.com/blog/dota-2-cheats-features-guide/ | https://uc.zone/en/dota2 | https://umbrella-dota.com/en/scripts/
dota2-teleport,faq,observed_corpus_cooccurrence,4,https://dota2cheat.net/guides/ | https://dotacheats.com/ | https://dotacheats.com/blog/dota-2-cheats-features-guide/ | https://umbrella-dota.com/en/scripts/
dota2-teleport,full,observed_corpus_cooccurrence,4,https://dota2cheat.net/guides/ | https://dotacheats.com/ | https://dotacheats.com/blog/dota-2-cheats-features-guide/ | https://umbrella-dota.com/en/scripts/
dota2-teleport,guide,observed_corpus_cooccurrence,4,https://dota2cheat.net/guides/ | https://dotacheats.com/ | https://dotacheats.com/blog/dota-2-cheats-features-guide/ | https://umbrella-dota.com/en/scripts/
dota2-teleport,hack,observed_corpus_cooccurrence,4,https://dota2cheat.net/guides/ | https://dotacheats.com/ | https://dotacheats.com/blog/dota-2-cheats-features-guide/ | https://uc.zone/en/dota2
dota2-teleport,heroes,observed_corpus_cooccurrence,4,https://dotacheats.com/ | https://dotacheats.com/blog/dota-2-cheats-features-guide/ | https://uc.zone/en/dota2 | https://umbrella-dota.com/en/scripts/
dota2-teleport,hit,observed_corpus_cooccurrence,4,https://dota2cheat.net/guides/ | https://dotacheats.com/ | https://uc.zone/en/dota2 | https://umbrella-dota.com/en/scripts/
dota2-teleport,hp,observed_corpus_cooccurrence,4,https://dotacheats.com/ | https://dotacheats.com/blog/dota-2-cheats-features-guide/ | https://uc.zone/en/dota2 | https://umbrella-dota.com/en/scripts/
dota2-teleport,like,observed_corpus_cooccurrence,4,https://dotacheats.com/ | https://dotacheats.com/blog/dota-2-cheats-features-guide/ | https://uc.zone/en/dota2 | https://umbrella-dota.com/en/scripts/
dota2-teleport,load,observed_corpus_cooccurrence,4,https://dotacheats.com/ | https://dotacheats.com/blog/dota-2-cheats-features-guide/ | https://uc.zone/en/dota2 | https://umbrella-dota.com/en/scripts/
dota2-teleport,map,observed_corpus_cooccurrence,4,https://dota2cheat.net/guides/ | https://dotacheats.com/ | https://dotacheats.com/blog/dota-2-cheats-features-guide/ | https://uc.zone/en/dota2
dota2-teleport,no,observed_corpus_cooccurrence,4,https://dotacheats.com/ | https://dotacheats.com/blog/dota-2-cheats-features-guide/ | https://uc.zone/en/dota2 | https://umbrella-dota.com/en/scripts/
dota2-teleport,only,observed_corpus_cooccurrence,4,https://dota2cheat.net/guides/ | https://dotacheats.com/ | https://dotacheats.com/blog/dota-2-cheats-features-guide/ | https://umbrella-dota.com/en/scripts/
dota2-teleport,purchase,observed_corpus_cooccurrence,4,https://dota2cheat.net/guides/ | https://dotacheats.com/ | https://dotacheats.com/blog/dota-2-cheats-features-guide/ | https://uc.zone/en/dota2
dota2-teleport,ranked,observed_corpus_cooccurrence,4,https://dota2cheat.net/guides/ | https://dotacheats.com/ | https://dotacheats.com/blog/dota-2-cheats-features-guide/ | https://umbrella-dota.com/en/scripts/
dota2-teleport,support,observed_corpus_cooccurrence,4,https://dota2cheat.net/guides/ | https://dotacheats.com/ | https://dotacheats.com/blog/dota-2-cheats-features-guide/ | https://uc.zone/en/dota2
dota2-teleport,updates,observed_corpus_cooccurrence,4,https://dota2cheat.net/guides/ | https://dotacheats.com/ | https://dotacheats.com/blog/dota-2-cheats-features-guide/ | https://uc.zone/en/dota2
dota2-teleport,vac,observed_corpus_cooccurrence,4,https://dota2cheat.net/guides/ | https://dotacheats.com/ | https://dotacheats.com/blog/dota-2-cheats-features-guide/ | https://uc.zone/en/dota2
dota2-teleport,ranked and turbo,observed_corpus_cooccurrence,3,https://dota2cheat.net/guides/ | https://dotacheats.com/ | https://dotacheats.com/blog/dota-2-cheats-features-guide/
dota2-teleport,auto combo,observed_corpus_cooccurrence,3,https://dotacheats.com/ | https://dotacheats.com/blog/dota-2-cheats-features-guide/ | https://umbrella-dota.com/en/scripts/
dota2-teleport,before checkout,observed_corpus_cooccurrence,3,https://dota2cheat.net/guides/ | https://dotacheats.com/ | https://dotacheats.com/blog/dota-2-cheats-features-guide/
dota2-teleport,hero esp,observed_corpus_cooccurrence,3,https://dota2cheat.net/guides/ | https://dotacheats.com/ | https://dotacheats.com/blog/dota-2-cheats-features-guide/
dota2-teleport,last hit,observed_corpus_cooccurrence,3,https://dota2cheat.net/guides/ | https://uc.zone/en/dota2 | https://umbrella-dota.com/en/scripts/
dota2-teleport,low hp,observed_corpus_cooccurrence,3,https://dotacheats.com/ | https://dotacheats.com/blog/dota-2-cheats-features-guide/ | https://umbrella-dota.com/en/scripts/
dota2-teleport,skin changer,observed_corpus_cooccurrence,3,https://dotacheats.com/ | https://dotacheats.com/blog/dota-2-cheats-features-guide/ | https://uc.zone/en/dota2
dota2-teleport,access,observed_corpus_cooccurrence,3,https://dotacheats.com/ | https://dotacheats.com/blog/dota-2-cheats-features-guide/ | https://uc.zone/en/dota2
dota2-teleport,after,observed_corpus_cooccurrence,3,https://dota2cheat.net/guides/ | https://dotacheats.com/ | https://dotacheats.com/blog/dota-2-cheats-features-guide/
dota2-teleport,answers,observed_corpus_cooccurrence,3,https://dota2cheat.net/guides/ | https://dotacheats.com/ | https://dotacheats.com/blog/dota-2-cheats-features-guide/
dota2-teleport,automation,observed_corpus_cooccurrence,3,https://dotacheats.com/ | https://dotacheats.com/blog/dota-2-cheats-features-guide/ | https://umbrella-dota.com/en/scripts/
dota2-teleport,awareness,observed_corpus_cooccurrence,3,https://dota2cheat.net/guides/ | https://dotacheats.com/ | https://umbrella-dota.com/en/scripts/
dota2-teleport,before,observed_corpus_cooccurrence,3,https://dota2cheat.net/guides/ | https://dotacheats.com/ | https://dotacheats.com/blog/dota-2-cheats-features-guide/
dota2-teleport,bkb,observed_corpus_cooccurrence,3,https://dotacheats.com/ | https://dotacheats.com/blog/dota-2-cheats-features-guide/ | https://umbrella-dota.com/en/scripts/
dota2-teleport,buy,observed_corpus_cooccurrence,3,https://dotacheats.com/ | https://dotacheats.com/blog/dota-2-cheats-features-guide/ | https://umbrella-dota.com/en/scripts/
dota2-teleport,camera,observed_corpus_cooccurrence,3,https://dotacheats.com/ | https://dotacheats.com/blog/dota-2-cheats-features-guide/ | https://uc.zone/en/dota2
dota2-teleport,cast,observed_corpus_cooccurrence,3,https://dotacheats.com/ | https://dotacheats.com/blog/dota-2-cheats-features-guide/ | https://umbrella-dota.com/en/scripts/
dota2-teleport,changer,observed_corpus_cooccurrence,3,https://dotacheats.com/ | https://dotacheats.com/blog/dota-2-cheats-features-guide/ | https://uc.zone/en/dota2
dota2-auto-dodge,hero,observed_corpus_cooccurrence,6,https://dota2cheat.net/guides/ | https://dotacheats.com/ | https://dotacheats.com/blog/dota-2-cheats-features-guide/ | https://uc.zone/en/dota2 | https://umbrella-dota.com/en/features/dodger/ | https://umbrella-dota.com/en/scripts/
dota2-auto-dodge,one,observed_corpus_cooccurrence,6,https://dota2cheat.net/guides/ | https://dotacheats.com/ | https://dotacheats.com/blog/dota-2-cheats-features-guide/ | https://uc.zone/en/dota2 | https://umbrella-dota.com/en/features/dodger/ | https://umbrella-dota.com/en/scripts/
dota2-auto-dodge,auto,observed_corpus_cooccurrence,5,https://dota2cheat.net/guides/ | https://dotacheats.com/ | https://dotacheats.com/blog/dota-2-cheats-features-guide/ | https://umbrella-dota.com/en/features/dodger/ | https://umbrella-dota.com/en/scripts/
dota2-auto-dodge,cloud,observed_corpus_cooccurrence,5,https://dotacheats.com/ | https://dotacheats.com/blog/dota-2-cheats-features-guide/ | https://uc.zone/en/dota2 | https://umbrella-dota.com/en/features/dodger/ | https://umbrella-dota.com/en/scripts/
dota2-auto-dodge,combo,observed_corpus_cooccurrence,5,https://dotacheats.com/ | https://dotacheats.com/blog/dota-2-cheats-features-guide/ | https://uc.zone/en/dota2 | https://umbrella-dota.com/en/features/dodger/ | https://umbrella-dota.com/en/scripts/
dota2-auto-dodge,do,observed_corpus_cooccurrence,5,https://dota2cheat.net/guides/ | https://dotacheats.com/ | https://dotacheats.com/blog/dota-2-cheats-features-guide/ | https://umbrella-dota.com/en/features/dodger/ | https://umbrella-dota.com/en/scripts/
dota2-auto-dodge,enemy,observed_corpus_cooccurrence,5,https://dotacheats.com/ | https://dotacheats.com/blog/dota-2-cheats-features-guide/ | https://uc.zone/en/dota2 | https://umbrella-dota.com/en/features/dodger/ | https://umbrella-dota.com/en/scripts/
dota2-auto-dodge,faq,observed_corpus_cooccurrence,5,https://dota2cheat.net/guides/ | https://dotacheats.com/ | https://dotacheats.com/blog/dota-2-cheats-features-guide/ | https://umbrella-dota.com/en/features/dodger/ | https://umbrella-dota.com/en/scripts/
dota2-auto-dodge,full,observed_corpus_cooccurrence,5,https://dota2cheat.net/guides/ | https://dotacheats.com/ | https://dotacheats.com/blog/dota-2-cheats-features-guide/ | https://umbrella-dota.com/en/features/dodger/ | https://umbrella-dota.com/en/scripts/
dota2-auto-dodge,heroes,observed_corpus_cooccurrence,5,https://dotacheats.com/ | https://dotacheats.com/blog/dota-2-cheats-features-guide/ | https://uc.zone/en/dota2 | https://umbrella-dota.com/en/features/dodger/ | https://umbrella-dota.com/en/scripts/
dota2-auto-dodge,hp,observed_corpus_cooccurrence,5,https://dotacheats.com/ | https://dotacheats.com/blog/dota-2-cheats-features-guide/ | https://uc.zone/en/dota2 | https://umbrella-dota.com/en/features/dodger/ | https://umbrella-dota.com/en/scripts/
dota2-auto-dodge,like,observed_corpus_cooccurrence,5,https://dotacheats.com/ | https://dotacheats.com/blog/dota-2-cheats-features-guide/ | https://uc.zone/en/dota2 | https://umbrella-dota.com/en/features/dodger/ | https://umbrella-dota.com/en/scripts/
dota2-auto-dodge,no,observed_corpus_cooccurrence,5,https://dotacheats.com/ | https://dotacheats.com/blog/dota-2-cheats-features-guide/ | https://uc.zone/en/dota2 | https://umbrella-dota.com/en/features/dodger/ | https://umbrella-dota.com/en/scripts/
dota2-auto-dodge,only,observed_corpus_cooccurrence,5,https://dota2cheat.net/guides/ | https://dotacheats.com/ | https://dotacheats.com/blog/dota-2-cheats-features-guide/ | https://umbrella-dota.com/en/features/dodger/ | https://umbrella-dota.com/en/scripts/
dota2-auto-dodge,script,observed_corpus_cooccurrence,5,https://dota2cheat.net/guides/ | https://dotacheats.com/ | https://dotacheats.com/blog/dota-2-cheats-features-guide/ | https://uc.zone/en/dota2 | https://umbrella-dota.com/en/scripts/
dota2-auto-dodge,scripts,observed_corpus_cooccurrence,5,https://dota2cheat.net/guides/ | https://dotacheats.com/ | https://dotacheats.com/blog/dota-2-cheats-features-guide/ | https://uc.zone/en/dota2 | https://umbrella-dota.com/en/scripts/
dota2-auto-dodge,map hack,observed_corpus_cooccurrence,4,https://dota2cheat.net/guides/ | https://dotacheats.com/ | https://dotacheats.com/blog/dota-2-cheats-features-guide/ | https://uc.zone/en/dota2
dota2-auto-dodge,after,observed_corpus_cooccurrence,4,https://dota2cheat.net/guides/ | https://dotacheats.com/ | https://dotacheats.com/blog/dota-2-cheats-features-guide/ | https://umbrella-dota.com/en/features/dodger/
dota2-auto-dodge,automation,observed_corpus_cooccurrence,4,https://dotacheats.com/ | https://dotacheats.com/blog/dota-2-cheats-features-guide/ | https://umbrella-dota.com/en/features/dodger/ | https://umbrella-dota.com/en/scripts/
dota2-auto-dodge,before,observed_corpus_cooccurrence,4,https://dota2cheat.net/guides/ | https://dotacheats.com/ | https://dotacheats.com/blog/dota-2-cheats-features-guide/ | https://umbrella-dota.com/en/features/dodger/
dota2-auto-dodge,bkb,observed_corpus_cooccurrence,4,https://dotacheats.com/ | https://dotacheats.com/blog/dota-2-cheats-features-guide/ | https://umbrella-dota.com/en/features/dodger/ | https://umbrella-dota.com/en/scripts/
dota2-auto-dodge,cast,observed_corpus_cooccurrence,4,https://dotacheats.com/ | https://dotacheats.com/blog/dota-2-cheats-features-guide/ | https://umbrella-dota.com/en/features/dodger/ | https://umbrella-dota.com/en/scripts/
dota2-auto-dodge,check,observed_corpus_cooccurrence,4,https://dota2cheat.net/guides/ | https://dotacheats.com/ | https://dotacheats.com/blog/dota-2-cheats-features-guide/ | https://umbrella-dota.com/en/features/dodger/
dota2-auto-dodge,choose,observed_corpus_cooccurrence,4,https://dotacheats.com/ | https://uc.zone/en/dota2 | https://umbrella-dota.com/en/features/dodger/ | https://umbrella-dota.com/en/scripts/
dota2-auto-dodge,config,observed_corpus_cooccurrence,4,https://dotacheats.com/ | https://dotacheats.com/blog/dota-2-cheats-features-guide/ | https://umbrella-dota.com/en/features/dodger/ | https://umbrella-dota.com/en/scripts/
dota2-auto-dodge,each,observed_corpus_cooccurrence,4,https://dota2cheat.net/guides/ | https://uc.zone/en/dota2 | https://umbrella-dota.com/en/features/dodger/ | https://umbrella-dota.com/en/scripts/
dota2-auto-dodge,get,observed_corpus_cooccurrence,4,https://dotacheats.com/ | https://uc.zone/en/dota2 | https://umbrella-dota.com/en/features/dodger/ | https://umbrella-dota.com/en/scripts/
dota2-auto-dodge,guide,observed_corpus_cooccurrence,4,https://dota2cheat.net/guides/ | https://dotacheats.com/ | https://dotacheats.com/blog/dota-2-cheats-features-guide/ | https://umbrella-dota.com/en/scripts/
dota2-auto-dodge,hack,observed_corpus_cooccurrence,4,https://dota2cheat.net/guides/ | https://dotacheats.com/ | https://dotacheats.com/blog/dota-2-cheats-features-guide/ | https://uc.zone/en/dota2
dota2-auto-dodge,hit,observed_corpus_cooccurrence,4,https://dota2cheat.net/guides/ | https://dotacheats.com/ | https://uc.zone/en/dota2 | https://umbrella-dota.com/en/scripts/
dota2-auto-dodge,instant,observed_corpus_cooccurrence,4,https://dotacheats.com/ | https://dotacheats.com/blog/dota-2-cheats-features-guide/ | https://uc.zone/en/dota2 | https://umbrella-dota.com/en/features/dodger/
dota2-auto-dodge,launch,observed_corpus_cooccurrence,4,https://dota2cheat.net/guides/ | https://dotacheats.com/ | https://umbrella-dota.com/en/features/dodger/ | https://umbrella-dota.com/en/scripts/
dota2-auto-dodge,lion,observed_corpus_cooccurrence,4,https://dotacheats.com/ | https://dotacheats.com/blog/dota-2-cheats-features-guide/ | https://umbrella-dota.com/en/features/dodger/ | https://umbrella-dota.com/en/scripts/
dota2-auto-dodge,load,observed_corpus_cooccurrence,4,https://dotacheats.com/ | https://dotacheats.com/blog/dota-2-cheats-features-guide/ | https://uc.zone/en/dota2 | https://umbrella-dota.com/en/scripts/
dota2-auto-dodge,map,observed_corpus_cooccurrence,4,https://dota2cheat.net/guides/ | https://dotacheats.com/ | https://dotacheats.com/blog/dota-2-cheats-features-guide/ | https://uc.zone/en/dota2
dota2-auto-dodge,most,observed_corpus_cooccurrence,4,https://dotacheats.com/blog/dota-2-cheats-features-guide/ | https://uc.zone/en/dota2 | https://umbrella-dota.com/en/features/dodger/ | https://umbrella-dota.com/en/scripts/
dota2-auto-dodge,open,observed_corpus_cooccurrence,4,https://dotacheats.com/ | https://dotacheats.com/blog/dota-2-cheats-features-guide/ | https://umbrella-dota.com/en/features/dodger/ | https://umbrella-dota.com/en/scripts/
dota2-auto-dodge,order,observed_corpus_cooccurrence,4,https://dotacheats.com/ | https://dotacheats.com/blog/dota-2-cheats-features-guide/ | https://umbrella-dota.com/en/features/dodger/ | https://umbrella-dota.com/en/scripts/
dota2-auto-dodge,per,observed_corpus_cooccurrence,4,https://dotacheats.com/ | https://dotacheats.com/blog/dota-2-cheats-features-guide/ | https://umbrella-dota.com/en/features/dodger/ | https://umbrella-dota.com/en/scripts/
dota2-auto-dodge,prediction,observed_corpus_cooccurrence,4,https://dotacheats.com/ | https://dotacheats.com/blog/dota-2-cheats-features-guide/ | https://umbrella-dota.com/en/features/dodger/ | https://umbrella-dota.com/en/scripts/
dota2-auto-dodge,purchase,observed_corpus_cooccurrence,4,https://dota2cheat.net/guides/ | https://dotacheats.com/ | https://dotacheats.com/blog/dota-2-cheats-features-guide/ | https://uc.zone/en/dota2
dota2-auto-dodge,ranked,observed_corpus_cooccurrence,4,https://dota2cheat.net/guides/ | https://dotacheats.com/ | https://dotacheats.com/blog/dota-2-cheats-features-guide/ | https://umbrella-dota.com/en/scripts/
dota2-auto-dodge,so,observed_corpus_cooccurrence,4,https://dotacheats.com/ | https://dotacheats.com/blog/dota-2-cheats-features-guide/ | https://umbrella-dota.com/en/features/dodger/ | https://umbrella-dota.com/en/scripts/
dota2-auto-dodge,support,observed_corpus_cooccurrence,4,https://dota2cheat.net/guides/ | https://dotacheats.com/ | https://dotacheats.com/blog/dota-2-cheats-features-guide/ | https://uc.zone/en/dota2
dota2-auto-dodge,updates,observed_corpus_cooccurrence,4,https://dota2cheat.net/guides/ | https://dotacheats.com/ | https://dotacheats.com/blog/dota-2-cheats-features-guide/ | https://uc.zone/en/dota2
dota2-skin-changer,hero,observed_corpus_cooccurrence,7,https://dota2cheat.net/guides/ | https://dotacheats.com/ | https://dotacheats.com/blog/dota-2-cheats-features-guide/ | https://metaskins.gg/en | https://overplus.gg/en | https://uc.zone/en/dota2 | https://umbrella-dota.com/en/scripts/
dota2-skin-changer,buy,observed_corpus_cooccurrence,5,https://dotacheats.com/ | https://dotacheats.com/blog/dota-2-cheats-features-guide/ | https://metaskins.gg/en | https://overplus.gg/en | https://umbrella-dota.com/en/scripts/
dota2-skin-changer,enemy,observed_corpus_cooccurrence,5,https://dotacheats.com/ | https://dotacheats.com/blog/dota-2-cheats-features-guide/ | https://overplus.gg/en | https://uc.zone/en/dota2 | https://umbrella-dota.com/en/scripts/
dota2-skin-changer,full,observed_corpus_cooccurrence,5,https://dota2cheat.net/guides/ | https://dotacheats.com/ | https://dotacheats.com/blog/dota-2-cheats-features-guide/ | https://metaskins.gg/en | https://umbrella-dota.com/en/scripts/
dota2-skin-changer,get,observed_corpus_cooccurrence,5,https://dotacheats.com/ | https://metaskins.gg/en | https://overplus.gg/en | https://uc.zone/en/dota2 | https://umbrella-dota.com/en/scripts/
dota2-skin-changer,heroes,observed_corpus_cooccurrence,5,https://dotacheats.com/ | https://dotacheats.com/blog/dota-2-cheats-features-guide/ | https://metaskins.gg/en | https://uc.zone/en/dota2 | https://umbrella-dota.com/en/scripts/
dota2-skin-changer,like,observed_corpus_cooccurrence,5,https://dotacheats.com/ | https://dotacheats.com/blog/dota-2-cheats-features-guide/ | https://metaskins.gg/en | https://uc.zone/en/dota2 | https://umbrella-dota.com/en/scripts/
dota2-skin-changer,no,observed_corpus_cooccurrence,5,https://dotacheats.com/ | https://dotacheats.com/blog/dota-2-cheats-features-guide/ | https://overplus.gg/en | https://uc.zone/en/dota2 | https://umbrella-dota.com/en/scripts/
dota2-skin-changer,one,observed_corpus_cooccurrence,5,https://dota2cheat.net/guides/ | https://dotacheats.com/ | https://dotacheats.com/blog/dota-2-cheats-features-guide/ | https://uc.zone/en/dota2 | https://umbrella-dota.com/en/scripts/
dota2-skin-changer,only,observed_corpus_cooccurrence,5,https://dota2cheat.net/guides/ | https://dotacheats.com/ | https://dotacheats.com/blog/dota-2-cheats-features-guide/ | https://metaskins.gg/en | https://umbrella-dota.com/en/scripts/
dota2-skin-changer,purchase,observed_corpus_cooccurrence,5,https://dota2cheat.net/guides/ | https://dotacheats.com/ | https://dotacheats.com/blog/dota-2-cheats-features-guide/ | https://overplus.gg/en | https://uc.zone/en/dota2
dota2-skin-changer,script,observed_corpus_cooccurrence,5,https://dota2cheat.net/guides/ | https://dotacheats.com/ | https://dotacheats.com/blog/dota-2-cheats-features-guide/ | https://uc.zone/en/dota2 | https://umbrella-dota.com/en/scripts/
dota2-skin-changer,scripts,observed_corpus_cooccurrence,5,https://dota2cheat.net/guides/ | https://dotacheats.com/ | https://dotacheats.com/blog/dota-2-cheats-features-guide/ | https://uc.zone/en/dota2 | https://umbrella-dota.com/en/scripts/
dota2-skin-changer,map hack,observed_corpus_cooccurrence,4,https://dota2cheat.net/guides/ | https://dotacheats.com/ | https://dotacheats.com/blog/dota-2-cheats-features-guide/ | https://uc.zone/en/dota2
dota2-skin-changer,auto,observed_corpus_cooccurrence,4,https://dota2cheat.net/guides/ | https://dotacheats.com/ | https://dotacheats.com/blog/dota-2-cheats-features-guide/ | https://umbrella-dota.com/en/scripts/
dota2-skin-changer,choose,observed_corpus_cooccurrence,4,https://dotacheats.com/ | https://metaskins.gg/en | https://uc.zone/en/dota2 | https://umbrella-dota.com/en/scripts/
dota2-skin-changer,cloud,observed_corpus_cooccurrence,4,https://dotacheats.com/ | https://dotacheats.com/blog/dota-2-cheats-features-guide/ | https://uc.zone/en/dota2 | https://umbrella-dota.com/en/scripts/
dota2-skin-changer,combo,observed_corpus_cooccurrence,4,https://dotacheats.com/ | https://dotacheats.com/blog/dota-2-cheats-features-guide/ | https://uc.zone/en/dota2 | https://umbrella-dota.com/en/scripts/
dota2-skin-changer,do,observed_corpus_cooccurrence,4,https://dota2cheat.net/guides/ | https://dotacheats.com/ | https://dotacheats.com/blog/dota-2-cheats-features-guide/ | https://umbrella-dota.com/en/scripts/
dota2-skin-changer,each,observed_corpus_cooccurrence,4,https://dota2cheat.net/guides/ | https://overplus.gg/en | https://uc.zone/en/dota2 | https://umbrella-dota.com/en/scripts/
dota2-skin-changer,faq,observed_corpus_cooccurrence,4,https://dota2cheat.net/guides/ | https://dotacheats.com/ | https://dotacheats.com/blog/dota-2-cheats-features-guide/ | https://umbrella-dota.com/en/scripts/
dota2-skin-changer,features,observed_corpus_cooccurrence,4,https://dota2cheat.net/guides/ | https://dotacheats.com/ | https://dotacheats.com/blog/dota-2-cheats-features-guide/ | https://overplus.gg/en
dota2-skin-changer,guide,observed_corpus_cooccurrence,4,https://dota2cheat.net/guides/ | https://dotacheats.com/ | https://dotacheats.com/blog/dota-2-cheats-features-guide/ | https://umbrella-dota.com/en/scripts/
dota2-skin-changer,hack,observed_corpus_cooccurrence,4,https://dota2cheat.net/guides/ | https://dotacheats.com/ | https://dotacheats.com/blog/dota-2-cheats-features-guide/ | https://uc.zone/en/dota2
dota2-skin-changer,hit,observed_corpus_cooccurrence,4,https://dota2cheat.net/guides/ | https://dotacheats.com/ | https://uc.zone/en/dota2 | https://umbrella-dota.com/en/scripts/
dota2-skin-changer,hp,observed_corpus_cooccurrence,4,https://dotacheats.com/ | https://dotacheats.com/blog/dota-2-cheats-features-guide/ | https://uc.zone/en/dota2 | https://umbrella-dota.com/en/scripts/
dota2-skin-changer,item,observed_corpus_cooccurrence,4,https://dotacheats.com/ | https://dotacheats.com/blog/dota-2-cheats-features-guide/ | https://metaskins.gg/en | https://overplus.gg/en
dota2-skin-changer,items,observed_corpus_cooccurrence,4,https://dotacheats.com/blog/dota-2-cheats-features-guide/ | https://metaskins.gg/en | https://overplus.gg/en | https://uc.zone/en/dota2
dota2-skin-changer,load,observed_corpus_cooccurrence,4,https://dotacheats.com/ | https://dotacheats.com/blog/dota-2-cheats-features-guide/ | https://uc.zone/en/dota2 | https://umbrella-dota.com/en/scripts/
dota2-skin-changer,map,observed_corpus_cooccurrence,4,https://dota2cheat.net/guides/ | https://dotacheats.com/ | https://dotacheats.com/blog/dota-2-cheats-features-guide/ | https://uc.zone/en/dota2
dota2-skin-changer,most,observed_corpus_cooccurrence,4,https://dotacheats.com/blog/dota-2-cheats-features-guide/ | https://metaskins.gg/en | https://uc.zone/en/dota2 | https://umbrella-dota.com/en/scripts/
dota2-skin-changer,open,observed_corpus_cooccurrence,4,https://dotacheats.com/ | https://dotacheats.com/blog/dota-2-cheats-features-guide/ | https://metaskins.gg/en | https://umbrella-dota.com/en/scripts/
dota2-skin-changer,patches,observed_corpus_cooccurrence,4,https://dota2cheat.net/guides/ | https://dotacheats.com/ | https://dotacheats.com/blog/dota-2-cheats-features-guide/ | https://metaskins.gg/en
dota2-skin-changer,pick,observed_corpus_cooccurrence,4,https://dotacheats.com/ | https://dotacheats.com/blog/dota-2-cheats-features-guide/ | https://overplus.gg/en | https://umbrella-dota.com/en/scripts/
dota2-skin-changer,preview,observed_corpus_cooccurrence,4,https://dotacheats.com/ | https://dotacheats.com/blog/dota-2-cheats-features-guide/ | https://metaskins.gg/en | https://umbrella-dota.com/en/scripts/
dota2-skin-changer,ranked,observed_corpus_cooccurrence,4,https://dota2cheat.net/guides/ | https://dotacheats.com/ | https://dotacheats.com/blog/dota-2-cheats-features-guide/ | https://umbrella-dota.com/en/scripts/
dota2-skin-changer,skin,observed_corpus_cooccurrence,4,https://dotacheats.com/ | https://dotacheats.com/blog/dota-2-cheats-features-guide/ | https://metaskins.gg/en | https://uc.zone/en/dota2
dota2-skin-changer,support,observed_corpus_cooccurrence,4,https://dota2cheat.net/guides/ | https://dotacheats.com/ | https://dotacheats.com/blog/dota-2-cheats-features-guide/ | https://uc.zone/en/dota2
dota2-skin-changer,updates,observed_corpus_cooccurrence,4,https://dota2cheat.net/guides/ | https://dotacheats.com/ | https://dotacheats.com/blog/dota-2-cheats-features-guide/ | https://uc.zone/en/dota2
dota2-skin-changer,vac,observed_corpus_cooccurrence,4,https://dota2cheat.net/guides/ | https://dotacheats.com/ | https://dotacheats.com/blog/dota-2-cheats-features-guide/ | https://uc.zone/en/dota2
dota2-skin-changer,win,observed_corpus_cooccurrence,4,https://dotacheats.com/ | https://dotacheats.com/blog/dota-2-cheats-features-guide/ | https://overplus.gg/en | https://umbrella-dota.com/en/scripts/
dota2-skin-changer,ranked and turbo,observed_corpus_cooccurrence,3,https://dota2cheat.net/guides/ | https://dotacheats.com/ | https://dotacheats.com/blog/dota-2-cheats-features-guide/
dota2-skin-changer,auto combo,observed_corpus_cooccurrence,3,https://dotacheats.com/ | https://dotacheats.com/blog/dota-2-cheats-features-guide/ | https://umbrella-dota.com/en/scripts/
dota2-skin-changer,before checkout,observed_corpus_cooccurrence,3,https://dota2cheat.net/guides/ | https://dotacheats.com/ | https://dotacheats.com/blog/dota-2-cheats-features-guide/
dota2-skin-changer,hero esp,observed_corpus_cooccurrence,3,https://dota2cheat.net/guides/ | https://dotacheats.com/ | https://dotacheats.com/blog/dota-2-cheats-features-guide/
dota2-comparison,hero,observed_corpus_cooccurrence,6,https://dota2cheat.net/guides/ | https://dotacheats.com/ | https://dotacheats.com/blog/dota-2-cheats-features-guide/ | https://uc.zone/en/dota2 | https://umbrella-dota.com/en/blog/melonity-vs-umbrella/ | https://umbrella-dota.com/en/scripts/
dota2-comparison,one,observed_corpus_cooccurrence,6,https://dota2cheat.net/guides/ | https://dotacheats.com/ | https://dotacheats.com/blog/dota-2-cheats-features-guide/ | https://uc.zone/en/dota2 | https://umbrella-dota.com/en/blog/melonity-vs-umbrella/ | https://umbrella-dota.com/en/scripts/
dota2-comparison,scripts,observed_corpus_cooccurrence,6,https://dota2cheat.net/guides/ | https://dotacheats.com/ | https://dotacheats.com/blog/dota-2-cheats-features-guide/ | https://uc.zone/en/dota2 | https://umbrella-dota.com/en/blog/melonity-vs-umbrella/ | https://umbrella-dota.com/en/scripts/
dota2-comparison,auto,observed_corpus_cooccurrence,5,https://dota2cheat.net/guides/ | https://dotacheats.com/ | https://dotacheats.com/blog/dota-2-cheats-features-guide/ | https://umbrella-dota.com/en/blog/melonity-vs-umbrella/ | https://umbrella-dota.com/en/scripts/
dota2-comparison,cloud,observed_corpus_cooccurrence,5,https://dotacheats.com/ | https://dotacheats.com/blog/dota-2-cheats-features-guide/ | https://uc.zone/en/dota2 | https://umbrella-dota.com/en/blog/melonity-vs-umbrella/ | https://umbrella-dota.com/en/scripts/
dota2-comparison,combo,observed_corpus_cooccurrence,5,https://dotacheats.com/ | https://dotacheats.com/blog/dota-2-cheats-features-guide/ | https://uc.zone/en/dota2 | https://umbrella-dota.com/en/blog/melonity-vs-umbrella/ | https://umbrella-dota.com/en/scripts/
dota2-comparison,do,observed_corpus_cooccurrence,5,https://dota2cheat.net/guides/ | https://dotacheats.com/ | https://dotacheats.com/blog/dota-2-cheats-features-guide/ | https://umbrella-dota.com/en/blog/melonity-vs-umbrella/ | https://umbrella-dota.com/en/scripts/
dota2-comparison,faq,observed_corpus_cooccurrence,5,https://dota2cheat.net/guides/ | https://dotacheats.com/ | https://dotacheats.com/blog/dota-2-cheats-features-guide/ | https://umbrella-dota.com/en/blog/melonity-vs-umbrella/ | https://umbrella-dota.com/en/scripts/
dota2-comparison,full,observed_corpus_cooccurrence,5,https://dota2cheat.net/guides/ | https://dotacheats.com/ | https://dotacheats.com/blog/dota-2-cheats-features-guide/ | https://umbrella-dota.com/en/blog/melonity-vs-umbrella/ | https://umbrella-dota.com/en/scripts/
dota2-comparison,hack,observed_corpus_cooccurrence,5,https://dota2cheat.net/guides/ | https://dotacheats.com/ | https://dotacheats.com/blog/dota-2-cheats-features-guide/ | https://uc.zone/en/dota2 | https://umbrella-dota.com/en/blog/melonity-vs-umbrella/
dota2-comparison,heroes,observed_corpus_cooccurrence,5,https://dotacheats.com/ | https://dotacheats.com/blog/dota-2-cheats-features-guide/ | https://uc.zone/en/dota2 | https://umbrella-dota.com/en/blog/melonity-vs-umbrella/ | https://umbrella-dota.com/en/scripts/
dota2-comparison,hit,observed_corpus_cooccurrence,5,https://dota2cheat.net/guides/ | https://dotacheats.com/ | https://uc.zone/en/dota2 | https://umbrella-dota.com/en/blog/melonity-vs-umbrella/ | https://umbrella-dota.com/en/scripts/
dota2-comparison,hp,observed_corpus_cooccurrence,5,https://dotacheats.com/ | https://dotacheats.com/blog/dota-2-cheats-features-guide/ | https://uc.zone/en/dota2 | https://umbrella-dota.com/en/blog/melonity-vs-umbrella/ | https://umbrella-dota.com/en/scripts/
dota2-comparison,like,observed_corpus_cooccurrence,5,https://dotacheats.com/ | https://dotacheats.com/blog/dota-2-cheats-features-guide/ | https://uc.zone/en/dota2 | https://umbrella-dota.com/en/blog/melonity-vs-umbrella/ | https://umbrella-dota.com/en/scripts/
dota2-comparison,no,observed_corpus_cooccurrence,5,https://dotacheats.com/ | https://dotacheats.com/blog/dota-2-cheats-features-guide/ | https://uc.zone/en/dota2 | https://umbrella-dota.com/en/blog/melonity-vs-umbrella/ | https://umbrella-dota.com/en/scripts/
dota2-comparison,only,observed_corpus_cooccurrence,5,https://dota2cheat.net/guides/ | https://dotacheats.com/ | https://dotacheats.com/blog/dota-2-cheats-features-guide/ | https://umbrella-dota.com/en/blog/melonity-vs-umbrella/ | https://umbrella-dota.com/en/scripts/
dota2-comparison,script,observed_corpus_cooccurrence,5,https://dota2cheat.net/guides/ | https://dotacheats.com/ | https://dotacheats.com/blog/dota-2-cheats-features-guide/ | https://uc.zone/en/dota2 | https://umbrella-dota.com/en/scripts/
dota2-comparison,support,observed_corpus_cooccurrence,5,https://dota2cheat.net/guides/ | https://dotacheats.com/ | https://dotacheats.com/blog/dota-2-cheats-features-guide/ | https://uc.zone/en/dota2 | https://umbrella-dota.com/en/blog/melonity-vs-umbrella/
dota2-comparison,updates,observed_corpus_cooccurrence,5,https://dota2cheat.net/guides/ | https://dotacheats.com/ | https://dotacheats.com/blog/dota-2-cheats-features-guide/ | https://uc.zone/en/dota2 | https://umbrella-dota.com/en/blog/melonity-vs-umbrella/
dota2-comparison,last hit,observed_corpus_cooccurrence,4,https://dota2cheat.net/guides/ | https://uc.zone/en/dota2 | https://umbrella-dota.com/en/blog/melonity-vs-umbrella/ | https://umbrella-dota.com/en/scripts/
dota2-comparison,map hack,observed_corpus_cooccurrence,4,https://dota2cheat.net/guides/ | https://dotacheats.com/ | https://dotacheats.com/blog/dota-2-cheats-features-guide/ | https://uc.zone/en/dota2
dota2-comparison,skin changer,observed_corpus_cooccurrence,4,https://dotacheats.com/ | https://dotacheats.com/blog/dota-2-cheats-features-guide/ | https://uc.zone/en/dota2 | https://umbrella-dota.com/en/blog/melonity-vs-umbrella/
dota2-comparison,after,observed_corpus_cooccurrence,4,https://dota2cheat.net/guides/ | https://dotacheats.com/ | https://dotacheats.com/blog/dota-2-cheats-features-guide/ | https://umbrella-dota.com/en/blog/melonity-vs-umbrella/
dota2-comparison,automation,observed_corpus_cooccurrence,4,https://dotacheats.com/ | https://dotacheats.com/blog/dota-2-cheats-features-guide/ | https://umbrella-dota.com/en/blog/melonity-vs-umbrella/ | https://umbrella-dota.com/en/scripts/
dota2-comparison,camera,observed_corpus_cooccurrence,4,https://dotacheats.com/ | https://dotacheats.com/blog/dota-2-cheats-features-guide/ | https://uc.zone/en/dota2 | https://umbrella-dota.com/en/blog/melonity-vs-umbrella/
dota2-comparison,changer,observed_corpus_cooccurrence,4,https://dotacheats.com/ | https://dotacheats.com/blog/dota-2-cheats-features-guide/ | https://uc.zone/en/dota2 | https://umbrella-dota.com/en/blog/melonity-vs-umbrella/
dota2-comparison,check,observed_corpus_cooccurrence,4,https://dota2cheat.net/guides/ | https://dotacheats.com/ | https://dotacheats.com/blog/dota-2-cheats-features-guide/ | https://umbrella-dota.com/en/blog/melonity-vs-umbrella/
dota2-comparison,choose,observed_corpus_cooccurrence,4,https://dotacheats.com/ | https://uc.zone/en/dota2 | https://umbrella-dota.com/en/blog/melonity-vs-umbrella/ | https://umbrella-dota.com/en/scripts/
dota2-comparison,config,observed_corpus_cooccurrence,4,https://dotacheats.com/ | https://dotacheats.com/blog/dota-2-cheats-features-guide/ | https://umbrella-dota.com/en/blog/melonity-vs-umbrella/ | https://umbrella-dota.com/en/scripts/
dota2-comparison,configs,observed_corpus_cooccurrence,4,https://dotacheats.com/ | https://dotacheats.com/blog/dota-2-cheats-features-guide/ | https://umbrella-dota.com/en/blog/melonity-vs-umbrella/ | https://umbrella-dota.com/en/scripts/
dota2-comparison,each,observed_corpus_cooccurrence,4,https://dota2cheat.net/guides/ | https://uc.zone/en/dota2 | https://umbrella-dota.com/en/blog/melonity-vs-umbrella/ | https://umbrella-dota.com/en/scripts/
dota2-comparison,enemy,observed_corpus_cooccurrence,4,https://dotacheats.com/ | https://dotacheats.com/blog/dota-2-cheats-features-guide/ | https://uc.zone/en/dota2 | https://umbrella-dota.com/en/scripts/
dota2-comparison,feature,observed_corpus_cooccurrence,4,https://dota2cheat.net/guides/ | https://dotacheats.com/ | https://dotacheats.com/blog/dota-2-cheats-features-guide/ | https://umbrella-dota.com/en/blog/melonity-vs-umbrella/
dota2-comparison,get,observed_corpus_cooccurrence,4,https://dotacheats.com/ | https://uc.zone/en/dota2 | https://umbrella-dota.com/en/blog/melonity-vs-umbrella/ | https://umbrella-dota.com/en/scripts/
dota2-comparison,guide,observed_corpus_cooccurrence,4,https://dota2cheat.net/guides/ | https://dotacheats.com/ | https://dotacheats.com/blog/dota-2-cheats-features-guide/ | https://umbrella-dota.com/en/scripts/
dota2-comparison,invoker,observed_corpus_cooccurrence,4,https://dotacheats.com/ | https://dotacheats.com/blog/dota-2-cheats-features-guide/ | https://umbrella-dota.com/en/blog/melonity-vs-umbrella/ | https://umbrella-dota.com/en/scripts/
dota2-comparison,kill,observed_corpus_cooccurrence,4,https://dotacheats.com/ | https://dotacheats.com/blog/dota-2-cheats-features-guide/ | https://uc.zone/en/dota2 | https://umbrella-dota.com/en/blog/melonity-vs-umbrella/
dota2-comparison,last,observed_corpus_cooccurrence,4,https://dota2cheat.net/guides/ | https://uc.zone/en/dota2 | https://umbrella-dota.com/en/blog/melonity-vs-umbrella/ | https://umbrella-dota.com/en/scripts/
dota2-comparison,load,observed_corpus_cooccurrence,4,https://dotacheats.com/ | https://dotacheats.com/blog/dota-2-cheats-features-guide/ | https://uc.zone/en/dota2 | https://umbrella-dota.com/en/scripts/
dota2-comparison,loader,observed_corpus_cooccurrence,4,https://dotacheats.com/ | https://dotacheats.com/blog/dota-2-cheats-features-guide/ | https://umbrella-dota.com/en/blog/melonity-vs-umbrella/ | https://umbrella-dota.com/en/scripts/
dota2-comparison,map,observed_corpus_cooccurrence,4,https://dota2cheat.net/guides/ | https://dotacheats.com/ | https://dotacheats.com/blog/dota-2-cheats-features-guide/ | https://uc.zone/en/dota2
dota2-comparison,most,observed_corpus_cooccurrence,4,https://dotacheats.com/blog/dota-2-cheats-features-guide/ | https://uc.zone/en/dota2 | https://umbrella-dota.com/en/blog/melonity-vs-umbrella/ | https://umbrella-dota.com/en/scripts/
dota2-comparison,need,observed_corpus_cooccurrence,4,https://dotacheats.com/ | https://dotacheats.com/blog/dota-2-cheats-features-guide/ | https://umbrella-dota.com/en/blog/melonity-vs-umbrella/ | https://umbrella-dota.com/en/scripts/
dota2-comparison,patch,observed_corpus_cooccurrence,4,https://dota2cheat.net/guides/ | https://dotacheats.com/ | https://dotacheats.com/blog/dota-2-cheats-features-guide/ | https://umbrella-dota.com/en/blog/melonity-vs-umbrella/
dota2-comparison,patches,observed_corpus_cooccurrence,4,https://dota2cheat.net/guides/ | https://dotacheats.com/ | https://dotacheats.com/blog/dota-2-cheats-features-guide/ | https://umbrella-dota.com/en/blog/melonity-vs-umbrella/
dota2-auto-last-hit,hero,observed_corpus_cooccurrence,5,https://dota2cheat.net/guides/ | https://dotacheats.com/ | https://dotacheats.com/blog/dota-2-cheats-features-guide/ | https://uc.zone/en/dota2 | https://umbrella-dota.com/en/scripts/
dota2-auto-last-hit,one,observed_corpus_cooccurrence,5,https://dota2cheat.net/guides/ | https://dotacheats.com/ | https://dotacheats.com/blog/dota-2-cheats-features-guide/ | https://uc.zone/en/dota2 | https://umbrella-dota.com/en/scripts/
dota2-auto-last-hit,script,observed_corpus_cooccurrence,5,https://dota2cheat.net/guides/ | https://dotacheats.com/ | https://dotacheats.com/blog/dota-2-cheats-features-guide/ | https://uc.zone/en/dota2 | https://umbrella-dota.com/en/scripts/
dota2-auto-last-hit,scripts,observed_corpus_cooccurrence,5,https://dota2cheat.net/guides/ | https://dotacheats.com/ | https://dotacheats.com/blog/dota-2-cheats-features-guide/ | https://uc.zone/en/dota2 | https://umbrella-dota.com/en/scripts/
dota2-auto-last-hit,map hack,observed_corpus_cooccurrence,4,https://dota2cheat.net/guides/ | https://dotacheats.com/ | https://dotacheats.com/blog/dota-2-cheats-features-guide/ | https://uc.zone/en/dota2
dota2-auto-last-hit,auto,observed_corpus_cooccurrence,4,https://dota2cheat.net/guides/ | https://dotacheats.com/ | https://dotacheats.com/blog/dota-2-cheats-features-guide/ | https://umbrella-dota.com/en/scripts/
dota2-auto-last-hit,cloud,observed_corpus_cooccurrence,4,https://dotacheats.com/ | https://dotacheats.com/blog/dota-2-cheats-features-guide/ | https://uc.zone/en/dota2 | https://umbrella-dota.com/en/scripts/
dota2-auto-last-hit,combo,observed_corpus_cooccurrence,4,https://dotacheats.com/ | https://dotacheats.com/blog/dota-2-cheats-features-guide/ | https://uc.zone/en/dota2 | https://umbrella-dota.com/en/scripts/
dota2-auto-last-hit,do,observed_corpus_cooccurrence,4,https://dota2cheat.net/guides/ | https://dotacheats.com/ | https://dotacheats.com/blog/dota-2-cheats-features-guide/ | https://umbrella-dota.com/en/scripts/
dota2-auto-last-hit,enemy,observed_corpus_cooccurrence,4,https://dotacheats.com/ | https://dotacheats.com/blog/dota-2-cheats-features-guide/ | https://uc.zone/en/dota2 | https://umbrella-dota.com/en/scripts/
dota2-auto-last-hit,faq,observed_corpus_cooccurrence,4,https://dota2cheat.net/guides/ | https://dotacheats.com/ | https://dotacheats.com/blog/dota-2-cheats-features-guide/ | https://umbrella-dota.com/en/scripts/
dota2-auto-last-hit,full,observed_corpus_cooccurrence,4,https://dota2cheat.net/guides/ | https://dotacheats.com/ | https://dotacheats.com/blog/dota-2-cheats-features-guide/ | https://umbrella-dota.com/en/scripts/
dota2-auto-last-hit,guide,observed_corpus_cooccurrence,4,https://dota2cheat.net/guides/ | https://dotacheats.com/ | https://dotacheats.com/blog/dota-2-cheats-features-guide/ | https://umbrella-dota.com/en/scripts/
dota2-auto-last-hit,hack,observed_corpus_cooccurrence,4,https://dota2cheat.net/guides/ | https://dotacheats.com/ | https://dotacheats.com/blog/dota-2-cheats-features-guide/ | https://uc.zone/en/dota2
dota2-auto-last-hit,heroes,observed_corpus_cooccurrence,4,https://dotacheats.com/ | https://dotacheats.com/blog/dota-2-cheats-features-guide/ | https://uc.zone/en/dota2 | https://umbrella-dota.com/en/scripts/
dota2-auto-last-hit,hit,observed_corpus_cooccurrence,4,https://dota2cheat.net/guides/ | https://dotacheats.com/ | https://uc.zone/en/dota2 | https://umbrella-dota.com/en/scripts/
dota2-auto-last-hit,hp,observed_corpus_cooccurrence,4,https://dotacheats.com/ | https://dotacheats.com/blog/dota-2-cheats-features-guide/ | https://uc.zone/en/dota2 | https://umbrella-dota.com/en/scripts/
dota2-auto-last-hit,like,observed_corpus_cooccurrence,4,https://dotacheats.com/ | https://dotacheats.com/blog/dota-2-cheats-features-guide/ | https://uc.zone/en/dota2 | https://umbrella-dota.com/en/scripts/
dota2-auto-last-hit,load,observed_corpus_cooccurrence,4,https://dotacheats.com/ | https://dotacheats.com/blog/dota-2-cheats-features-guide/ | https://uc.zone/en/dota2 | https://umbrella-dota.com/en/scripts/
dota2-auto-last-hit,map,observed_corpus_cooccurrence,4,https://dota2cheat.net/guides/ | https://dotacheats.com/ | https://dotacheats.com/blog/dota-2-cheats-features-guide/ | https://uc.zone/en/dota2
dota2-auto-last-hit,no,observed_corpus_cooccurrence,4,https://dotacheats.com/ | https://dotacheats.com/blog/dota-2-cheats-features-guide/ | https://uc.zone/en/dota2 | https://umbrella-dota.com/en/scripts/
dota2-auto-last-hit,only,observed_corpus_cooccurrence,4,https://dota2cheat.net/guides/ | https://dotacheats.com/ | https://dotacheats.com/blog/dota-2-cheats-features-guide/ | https://umbrella-dota.com/en/scripts/
dota2-auto-last-hit,purchase,observed_corpus_cooccurrence,4,https://dota2cheat.net/guides/ | https://dotacheats.com/ | https://dotacheats.com/blog/dota-2-cheats-features-guide/ | https://uc.zone/en/dota2
dota2-auto-last-hit,ranked,observed_corpus_cooccurrence,4,https://dota2cheat.net/guides/ | https://dotacheats.com/ | https://dotacheats.com/blog/dota-2-cheats-features-guide/ | https://umbrella-dota.com/en/scripts/
dota2-auto-last-hit,support,observed_corpus_cooccurrence,4,https://dota2cheat.net/guides/ | https://dotacheats.com/ | https://dotacheats.com/blog/dota-2-cheats-features-guide/ | https://uc.zone/en/dota2
dota2-auto-last-hit,updates,observed_corpus_cooccurrence,4,https://dota2cheat.net/guides/ | https://dotacheats.com/ | https://dotacheats.com/blog/dota-2-cheats-features-guide/ | https://uc.zone/en/dota2
dota2-auto-last-hit,vac,observed_corpus_cooccurrence,4,https://dota2cheat.net/guides/ | https://dotacheats.com/ | https://dotacheats.com/blog/dota-2-cheats-features-guide/ | https://uc.zone/en/dota2
dota2-auto-last-hit,ranked and turbo,observed_corpus_cooccurrence,3,https://dota2cheat.net/guides/ | https://dotacheats.com/ | https://dotacheats.com/blog/dota-2-cheats-features-guide/
dota2-auto-last-hit,auto combo,observed_corpus_cooccurrence,3,https://dotacheats.com/ | https://dotacheats.com/blog/dota-2-cheats-features-guide/ | https://umbrella-dota.com/en/scripts/
dota2-auto-last-hit,before checkout,observed_corpus_cooccurrence,3,https://dota2cheat.net/guides/ | https://dotacheats.com/ | https://dotacheats.com/blog/dota-2-cheats-features-guide/
dota2-auto-last-hit,hero esp,observed_corpus_cooccurrence,3,https://dota2cheat.net/guides/ | https://dotacheats.com/ | https://dotacheats.com/blog/dota-2-cheats-features-guide/
dota2-auto-last-hit,last hit,observed_corpus_cooccurrence,3,https://dota2cheat.net/guides/ | https://uc.zone/en/dota2 | https://umbrella-dota.com/en/scripts/
dota2-auto-last-hit,low hp,observed_corpus_cooccurrence,3,https://dotacheats.com/ | https://dotacheats.com/blog/dota-2-cheats-features-guide/ | https://umbrella-dota.com/en/scripts/
dota2-auto-last-hit,skin changer,observed_corpus_cooccurrence,3,https://dotacheats.com/ | https://dotacheats.com/blog/dota-2-cheats-features-guide/ | https://uc.zone/en/dota2
dota2-auto-last-hit,access,observed_corpus_cooccurrence,3,https://dotacheats.com/ | https://dotacheats.com/blog/dota-2-cheats-features-guide/ | https://uc.zone/en/dota2
dota2-auto-last-hit,after,observed_corpus_cooccurrence,3,https://dota2cheat.net/guides/ | https://dotacheats.com/ | https://dotacheats.com/blog/dota-2-cheats-features-guide/
dota2-auto-last-hit,answers,observed_corpus_cooccurrence,3,https://dota2cheat.net/guides/ | https://dotacheats.com/ | https://dotacheats.com/blog/dota-2-cheats-features-guide/
dota2-auto-last-hit,automation,observed_corpus_cooccurrence,3,https://dotacheats.com/ | https://dotacheats.com/blog/dota-2-cheats-features-guide/ | https://umbrella-dota.com/en/scripts/
dota2-auto-last-hit,awareness,observed_corpus_cooccurrence,3,https://dota2cheat.net/guides/ | https://dotacheats.com/ | https://umbrella-dota.com/en/scripts/
dota2-auto-last-hit,before,observed_corpus_cooccurrence,3,https://dota2cheat.net/guides/ | https://dotacheats.com/ | https://dotacheats.com/blog/dota-2-cheats-features-guide/
dota2-auto-last-hit,bkb,observed_corpus_cooccurrence,3,https://dotacheats.com/ | https://dotacheats.com/blog/dota-2-cheats-features-guide/ | https://umbrella-dota.com/en/scripts/
dota2-auto-last-hit,buy,observed_corpus_cooccurrence,3,https://dotacheats.com/ | https://dotacheats.com/blog/dota-2-cheats-features-guide/ | https://umbrella-dota.com/en/scripts/
dota2-auto-last-hit,camera,observed_corpus_cooccurrence,3,https://dotacheats.com/ | https://dotacheats.com/blog/dota-2-cheats-features-guide/ | https://uc.zone/en/dota2
dota2-auto-last-hit,cast,observed_corpus_cooccurrence,3,https://dotacheats.com/ | https://dotacheats.com/blog/dota-2-cheats-features-guide/ | https://umbrella-dota.com/en/scripts/
dota2-auto-last-hit,changer,observed_corpus_cooccurrence,3,https://dotacheats.com/ | https://dotacheats.com/blog/dota-2-cheats-features-guide/ | https://uc.zone/en/dota2
deadlock-auto-parry,up,observed_corpus_cooccurrence,6,https://avalan.cc/ | https://deadlock.io/en/mechanics/parry | https://deadlock.wiki/Console_commands | https://forgecheats.com/en/game/deadlock/ | https://tsuki.gg/products/deadlock/features | https://uc.zone/en/deadlock
deadlock-auto-parry,automatically,observed_corpus_cooccurrence,5,https://avalan.cc/ | https://deadlock.wiki/Console_commands | https://forgecheats.com/en/game/deadlock/ | https://tsuki.gg/products/deadlock/features | https://uc.zone/en/deadlock
deadlock-auto-parry,build,observed_corpus_cooccurrence,5,https://avalan.cc/ | https://deadlock.wiki/Console_commands | https://forgecheats.com/en/game/deadlock/ | https://tsuki.gg/products/deadlock/features | https://uc.zone/en/deadlock
deadlock-auto-parry,community,observed_corpus_cooccurrence,5,https://avalan.cc/ | https://deadlock.wiki/Console_commands | https://forgecheats.com/en/game/deadlock/ | https://tsuki.gg/products/deadlock/features | https://uc.zone/en/deadlock
deadlock-auto-parry,custom,observed_corpus_cooccurrence,5,https://avalan.cc/ | https://deadlock.wiki/Console_commands | https://forgecheats.com/en/game/deadlock/ | https://tsuki.gg/products/deadlock/features | https://uc.zone/en/deadlock
deadlock-auto-parry,does,observed_corpus_cooccurrence,5,https://avalan.cc/ | https://deadlock.io/en/mechanics/parry | https://deadlock.wiki/Console_commands | https://forgecheats.com/en/game/deadlock/ | https://tsuki.gg/products/deadlock/features
deadlock-auto-parry,early,observed_corpus_cooccurrence,5,https://avalan.cc/ | https://deadlock.io/en/mechanics/parry | https://deadlock.wiki/Console_commands | https://forgecheats.com/en/game/deadlock/ | https://tsuki.gg/products/deadlock/features
deadlock-auto-parry,features,observed_corpus_cooccurrence,5,https://avalan.cc/ | https://deadlock.wiki/Console_commands | https://forgecheats.com/en/game/deadlock/ | https://tsuki.gg/products/deadlock/features | https://uc.zone/en/deadlock
deadlock-auto-parry,get,observed_corpus_cooccurrence,5,https://avalan.cc/ | https://deadlock.io/en/mechanics/parry | https://forgecheats.com/en/game/deadlock/ | https://tsuki.gg/products/deadlock/features | https://uc.zone/en/deadlock
deadlock-auto-parry,hero,observed_corpus_cooccurrence,5,https://avalan.cc/ | https://deadlock.io/en/mechanics/parry | https://deadlock.wiki/Console_commands | https://forgecheats.com/en/game/deadlock/ | https://tsuki.gg/products/deadlock/features
deadlock-auto-parry,no,observed_corpus_cooccurrence,5,https://avalan.cc/ | https://deadlock.io/en/mechanics/parry | https://forgecheats.com/en/game/deadlock/ | https://tsuki.gg/products/deadlock/features | https://uc.zone/en/deadlock
deadlock-auto-parry,one,observed_corpus_cooccurrence,5,https://avalan.cc/ | https://deadlock.wiki/Console_commands | https://forgecheats.com/en/game/deadlock/ | https://tsuki.gg/products/deadlock/features | https://uc.zone/en/deadlock
deadlock-auto-parry,players,observed_corpus_cooccurrence,5,https://avalan.cc/ | https://deadlock.io/en/mechanics/parry | https://deadlock.wiki/Console_commands | https://forgecheats.com/en/game/deadlock/ | https://tsuki.gg/products/deadlock/features
deadlock-auto-parry,protection,observed_corpus_cooccurrence,5,https://avalan.cc/ | https://deadlock.wiki/Console_commands | https://forgecheats.com/en/game/deadlock/ | https://tsuki.gg/products/deadlock/features | https://uc.zone/en/deadlock
deadlock-auto-parry,soul,observed_corpus_cooccurrence,5,https://avalan.cc/ | https://deadlock.io/en/mechanics/parry | https://deadlock.wiki/Console_commands | https://forgecheats.com/en/game/deadlock/ | https://tsuki.gg/products/deadlock/features
deadlock-auto-parry,target,observed_corpus_cooccurrence,5,https://avalan.cc/ | https://deadlock.wiki/Console_commands | https://forgecheats.com/en/game/deadlock/ | https://tsuki.gg/products/deadlock/features | https://uc.zone/en/deadlock
deadlock-auto-parry,updates,observed_corpus_cooccurrence,5,https://avalan.cc/ | https://deadlock.wiki/Console_commands | https://forgecheats.com/en/game/deadlock/ | https://tsuki.gg/products/deadlock/features | https://uc.zone/en/deadlock
deadlock-auto-parry,ability,observed_corpus_cooccurrence,4,https://avalan.cc/ | https://deadlock.wiki/Console_commands | https://forgecheats.com/en/game/deadlock/ | https://tsuki.gg/products/deadlock/features
deadlock-auto-parry,about,observed_corpus_cooccurrence,4,https://avalan.cc/ | https://forgecheats.com/en/game/deadlock/ | https://tsuki.gg/products/deadlock/features | https://uc.zone/en/deadlock
deadlock-auto-parry,active,observed_corpus_cooccurrence,4,https://avalan.cc/ | https://forgecheats.com/en/game/deadlock/ | https://tsuki.gg/products/deadlock/features | https://uc.zone/en/deadlock
deadlock-auto-parry,after,observed_corpus_cooccurrence,4,https://avalan.cc/ | https://deadlock.wiki/Console_commands | https://forgecheats.com/en/game/deadlock/ | https://tsuki.gg/products/deadlock/features
deadlock-auto-parry,aimbot,observed_corpus_cooccurrence,4,https://avalan.cc/ | https://forgecheats.com/en/game/deadlock/ | https://tsuki.gg/products/deadlock/features | https://uc.zone/en/deadlock
deadlock-auto-parry,always,observed_corpus_cooccurrence,4,https://avalan.cc/ | https://forgecheats.com/en/game/deadlock/ | https://tsuki.gg/products/deadlock/features | https://uc.zone/en/deadlock
deadlock-auto-parry,any,observed_corpus_cooccurrence,4,https://avalan.cc/ | https://deadlock.wiki/Console_commands | https://forgecheats.com/en/game/deadlock/ | https://tsuki.gg/products/deadlock/features
deadlock-auto-parry,api,observed_corpus_cooccurrence,4,https://avalan.cc/ | https://deadlock.io/en/mechanics/parry | https://tsuki.gg/products/deadlock/features | https://uc.zone/en/deadlock
deadlock-auto-parry,auto,observed_corpus_cooccurrence,4,https://avalan.cc/ | https://deadlock.wiki/Console_commands | https://forgecheats.com/en/game/deadlock/ | https://tsuki.gg/products/deadlock/features
deadlock-auto-parry,before,observed_corpus_cooccurrence,4,https://avalan.cc/ | https://deadlock.wiki/Console_commands | https://forgecheats.com/en/game/deadlock/ | https://tsuki.gg/products/deadlock/features
deadlock-auto-parry,choose,observed_corpus_cooccurrence,4,https://avalan.cc/ | https://deadlock.wiki/Console_commands | https://forgecheats.com/en/game/deadlock/ | https://uc.zone/en/deadlock
deadlock-auto-parry,complete,observed_corpus_cooccurrence,4,https://avalan.cc/ | https://deadlock.wiki/Console_commands | https://forgecheats.com/en/game/deadlock/ | https://tsuki.gg/products/deadlock/features
deadlock-auto-parry,config,observed_corpus_cooccurrence,4,https://avalan.cc/ | https://deadlock.wiki/Console_commands | https://forgecheats.com/en/game/deadlock/ | https://tsuki.gg/products/deadlock/features
deadlock-auto-parry,control,observed_corpus_cooccurrence,4,https://avalan.cc/ | https://deadlock.wiki/Console_commands | https://forgecheats.com/en/game/deadlock/ | https://tsuki.gg/products/deadlock/features
deadlock-auto-parry,cooldown,observed_corpus_cooccurrence,4,https://deadlock.io/en/mechanics/parry | https://deadlock.wiki/Console_commands | https://forgecheats.com/en/game/deadlock/ | https://tsuki.gg/products/deadlock/features
deadlock-auto-parry,crosshair,observed_corpus_cooccurrence,4,https://avalan.cc/ | https://deadlock.wiki/Console_commands | https://forgecheats.com/en/game/deadlock/ | https://tsuki.gg/products/deadlock/features
deadlock-auto-parry,each,observed_corpus_cooccurrence,4,https://deadlock.wiki/Console_commands | https://forgecheats.com/en/game/deadlock/ | https://tsuki.gg/products/deadlock/features | https://uc.zone/en/deadlock
deadlock-auto-parry,enemies,observed_corpus_cooccurrence,4,https://avalan.cc/ | https://forgecheats.com/en/game/deadlock/ | https://tsuki.gg/products/deadlock/features | https://uc.zone/en/deadlock
deadlock-auto-parry,esp,observed_corpus_cooccurrence,4,https://avalan.cc/ | https://forgecheats.com/en/game/deadlock/ | https://tsuki.gg/products/deadlock/features | https://uc.zone/en/deadlock
deadlock-auto-parry,feature,observed_corpus_cooccurrence,4,https://avalan.cc/ | https://deadlock.wiki/Console_commands | https://forgecheats.com/en/game/deadlock/ | https://tsuki.gg/products/deadlock/features
deadlock-auto-parry,fov,observed_corpus_cooccurrence,4,https://avalan.cc/ | https://forgecheats.com/en/game/deadlock/ | https://tsuki.gg/products/deadlock/features | https://uc.zone/en/deadlock
deadlock-auto-parry,health,observed_corpus_cooccurrence,4,https://avalan.cc/ | https://deadlock.wiki/Console_commands | https://forgecheats.com/en/game/deadlock/ | https://tsuki.gg/products/deadlock/features
deadlock-auto-parry,hides,observed_corpus_cooccurrence,4,https://avalan.cc/ | https://deadlock.wiki/Console_commands | https://tsuki.gg/products/deadlock/features | https://uc.zone/en/deadlock
deadlock-auto-parry,instant,observed_corpus_cooccurrence,4,https://avalan.cc/ | https://forgecheats.com/en/game/deadlock/ | https://tsuki.gg/products/deadlock/features | https://uc.zone/en/deadlock
deadlock-auto-parry,key,observed_corpus_cooccurrence,4,https://avalan.cc/ | https://deadlock.io/en/mechanics/parry | https://forgecheats.com/en/game/deadlock/ | https://uc.zone/en/deadlock
deadlock-auto-parry,know,observed_corpus_cooccurrence,4,https://avalan.cc/ | https://forgecheats.com/en/game/deadlock/ | https://tsuki.gg/products/deadlock/features | https://uc.zone/en/deadlock
deadlock-auto-parry,like,observed_corpus_cooccurrence,4,https://deadlock.io/en/mechanics/parry | https://deadlock.wiki/Console_commands | https://forgecheats.com/en/game/deadlock/ | https://uc.zone/en/deadlock
deadlock-auto-parry,list,observed_corpus_cooccurrence,4,https://avalan.cc/ | https://deadlock.wiki/Console_commands | https://forgecheats.com/en/game/deadlock/ | https://tsuki.gg/products/deadlock/features
deadlock-souls,up,observed_corpus_cooccurrence,8,https://avalan.cc/ | https://avalan.cc/features | https://cheatstore.net/deadlock/triggerbot | https://deadlock.io/en/mechanics/parry | https://deadlock.wiki/Console_commands | https://forgecheats.com/en/game/deadlock/ | https://tsuki.gg/products/deadlock/features | https://uc.zone/en/deadlock
deadlock-souls,get,observed_corpus_cooccurrence,7,https://avalan.cc/ | https://avalan.cc/features | https://cheatstore.net/deadlock/triggerbot | https://deadlock.io/en/mechanics/parry | https://forgecheats.com/en/game/deadlock/ | https://tsuki.gg/products/deadlock/features | https://uc.zone/en/deadlock
deadlock-souls,no,observed_corpus_cooccurrence,7,https://avalan.cc/ | https://avalan.cc/features | https://cheatstore.net/deadlock/triggerbot | https://deadlock.io/en/mechanics/parry | https://forgecheats.com/en/game/deadlock/ | https://tsuki.gg/products/deadlock/features | https://uc.zone/en/deadlock
deadlock-souls,one,observed_corpus_cooccurrence,7,https://avalan.cc/ | https://avalan.cc/features | https://cheatstore.net/deadlock/triggerbot | https://deadlock.wiki/Console_commands | https://forgecheats.com/en/game/deadlock/ | https://tsuki.gg/products/deadlock/features | https://uc.zone/en/deadlock
deadlock-souls,soul,observed_corpus_cooccurrence,7,https://avalan.cc/ | https://avalan.cc/features | https://cheatstore.net/deadlock/triggerbot | https://deadlock.io/en/mechanics/parry | https://deadlock.wiki/Console_commands | https://forgecheats.com/en/game/deadlock/ | https://tsuki.gg/products/deadlock/features
deadlock-souls,target,observed_corpus_cooccurrence,7,https://avalan.cc/ | https://avalan.cc/features | https://cheatstore.net/deadlock/triggerbot | https://deadlock.wiki/Console_commands | https://forgecheats.com/en/game/deadlock/ | https://tsuki.gg/products/deadlock/features | https://uc.zone/en/deadlock
deadlock-souls,aimbot,observed_corpus_cooccurrence,6,https://avalan.cc/ | https://avalan.cc/features | https://cheatstore.net/deadlock/triggerbot | https://forgecheats.com/en/game/deadlock/ | https://tsuki.gg/products/deadlock/features | https://uc.zone/en/deadlock
deadlock-souls,automatically,observed_corpus_cooccurrence,6,https://avalan.cc/ | https://avalan.cc/features | https://deadlock.wiki/Console_commands | https://forgecheats.com/en/game/deadlock/ | https://tsuki.gg/products/deadlock/features | https://uc.zone/en/deadlock
deadlock-souls,before,observed_corpus_cooccurrence,6,https://avalan.cc/ | https://avalan.cc/features | https://cheatstore.net/deadlock/triggerbot | https://deadlock.wiki/Console_commands | https://forgecheats.com/en/game/deadlock/ | https://tsuki.gg/products/deadlock/features
deadlock-souls,community,observed_corpus_cooccurrence,6,https://avalan.cc/ | https://avalan.cc/features | https://deadlock.wiki/Console_commands | https://forgecheats.com/en/game/deadlock/ | https://tsuki.gg/products/deadlock/features | https://uc.zone/en/deadlock
deadlock-souls,crosshair,observed_corpus_cooccurrence,6,https://avalan.cc/ | https://avalan.cc/features | https://cheatstore.net/deadlock/triggerbot | https://deadlock.wiki/Console_commands | https://forgecheats.com/en/game/deadlock/ | https://tsuki.gg/products/deadlock/features
deadlock-souls,custom,observed_corpus_cooccurrence,6,https://avalan.cc/ | https://avalan.cc/features | https://deadlock.wiki/Console_commands | https://forgecheats.com/en/game/deadlock/ | https://tsuki.gg/products/deadlock/features | https://uc.zone/en/deadlock
deadlock-souls,does,observed_corpus_cooccurrence,6,https://avalan.cc/ | https://cheatstore.net/deadlock/triggerbot | https://deadlock.io/en/mechanics/parry | https://deadlock.wiki/Console_commands | https://forgecheats.com/en/game/deadlock/ | https://tsuki.gg/products/deadlock/features
deadlock-souls,each,observed_corpus_cooccurrence,6,https://avalan.cc/features | https://cheatstore.net/deadlock/triggerbot | https://deadlock.wiki/Console_commands | https://forgecheats.com/en/game/deadlock/ | https://tsuki.gg/products/deadlock/features | https://uc.zone/en/deadlock
deadlock-souls,early,observed_corpus_cooccurrence,6,https://avalan.cc/ | https://avalan.cc/features | https://deadlock.io/en/mechanics/parry | https://deadlock.wiki/Console_commands | https://forgecheats.com/en/game/deadlock/ | https://tsuki.gg/products/deadlock/features
deadlock-souls,features,observed_corpus_cooccurrence,6,https://avalan.cc/ | https://avalan.cc/features | https://deadlock.wiki/Console_commands | https://forgecheats.com/en/game/deadlock/ | https://tsuki.gg/products/deadlock/features | https://uc.zone/en/deadlock
deadlock-souls,hero,observed_corpus_cooccurrence,6,https://avalan.cc/ | https://avalan.cc/features | https://deadlock.io/en/mechanics/parry | https://deadlock.wiki/Console_commands | https://forgecheats.com/en/game/deadlock/ | https://tsuki.gg/products/deadlock/features
deadlock-souls,players,observed_corpus_cooccurrence,6,https://avalan.cc/ | https://avalan.cc/features | https://deadlock.io/en/mechanics/parry | https://deadlock.wiki/Console_commands | https://forgecheats.com/en/game/deadlock/ | https://tsuki.gg/products/deadlock/features
deadlock-souls,product,observed_corpus_cooccurrence,6,https://avalan.cc/ | https://avalan.cc/features | https://cheatstore.net/deadlock/triggerbot | https://forgecheats.com/en/game/deadlock/ | https://tsuki.gg/products/deadlock/features | https://uc.zone/en/deadlock
deadlock-souls,right,observed_corpus_cooccurrence,6,https://avalan.cc/ | https://avalan.cc/features | https://cheatstore.net/deadlock/triggerbot | https://deadlock.wiki/Console_commands | https://forgecheats.com/en/game/deadlock/ | https://uc.zone/en/deadlock
deadlock-souls,ability,observed_corpus_cooccurrence,5,https://avalan.cc/ | https://avalan.cc/features | https://deadlock.wiki/Console_commands | https://forgecheats.com/en/game/deadlock/ | https://tsuki.gg/products/deadlock/features
deadlock-souls,access,observed_corpus_cooccurrence,5,https://avalan.cc/ | https://avalan.cc/features | https://cheatstore.net/deadlock/triggerbot | https://forgecheats.com/en/game/deadlock/ | https://uc.zone/en/deadlock
deadlock-souls,active,observed_corpus_cooccurrence,5,https://avalan.cc/ | https://avalan.cc/features | https://forgecheats.com/en/game/deadlock/ | https://tsuki.gg/products/deadlock/features | https://uc.zone/en/deadlock
deadlock-souls,aim,observed_corpus_cooccurrence,5,https://avalan.cc/ | https://avalan.cc/features | https://cheatstore.net/deadlock/triggerbot | https://forgecheats.com/en/game/deadlock/ | https://tsuki.gg/products/deadlock/features
deadlock-souls,any,observed_corpus_cooccurrence,5,https://avalan.cc/ | https://avalan.cc/features | https://deadlock.wiki/Console_commands | https://forgecheats.com/en/game/deadlock/ | https://tsuki.gg/products/deadlock/features
deadlock-souls,api,observed_corpus_cooccurrence,5,https://avalan.cc/ | https://avalan.cc/features | https://deadlock.io/en/mechanics/parry | https://tsuki.gg/products/deadlock/features | https://uc.zone/en/deadlock
deadlock-souls,auto,observed_corpus_cooccurrence,5,https://avalan.cc/ | https://avalan.cc/features | https://deadlock.wiki/Console_commands | https://forgecheats.com/en/game/deadlock/ | https://tsuki.gg/products/deadlock/features
deadlock-souls,build,observed_corpus_cooccurrence,5,https://avalan.cc/ | https://deadlock.wiki/Console_commands | https://forgecheats.com/en/game/deadlock/ | https://tsuki.gg/products/deadlock/features | https://uc.zone/en/deadlock
deadlock-souls,choose,observed_corpus_cooccurrence,5,https://avalan.cc/ | https://avalan.cc/features | https://deadlock.wiki/Console_commands | https://forgecheats.com/en/game/deadlock/ | https://uc.zone/en/deadlock
deadlock-souls,complete,observed_corpus_cooccurrence,5,https://avalan.cc/ | https://avalan.cc/features | https://deadlock.wiki/Console_commands | https://forgecheats.com/en/game/deadlock/ | https://tsuki.gg/products/deadlock/features
deadlock-souls,config,observed_corpus_cooccurrence,5,https://avalan.cc/ | https://avalan.cc/features | https://deadlock.wiki/Console_commands | https://forgecheats.com/en/game/deadlock/ | https://tsuki.gg/products/deadlock/features
deadlock-souls,control,observed_corpus_cooccurrence,5,https://avalan.cc/ | https://avalan.cc/features | https://deadlock.wiki/Console_commands | https://forgecheats.com/en/game/deadlock/ | https://tsuki.gg/products/deadlock/features
deadlock-souls,enemies,observed_corpus_cooccurrence,5,https://avalan.cc/ | https://avalan.cc/features | https://forgecheats.com/en/game/deadlock/ | https://tsuki.gg/products/deadlock/features | https://uc.zone/en/deadlock
deadlock-souls,esp,observed_corpus_cooccurrence,5,https://avalan.cc/ | https://avalan.cc/features | https://forgecheats.com/en/game/deadlock/ | https://tsuki.gg/products/deadlock/features | https://uc.zone/en/deadlock
deadlock-souls,feature,observed_corpus_cooccurrence,5,https://avalan.cc/ | https://avalan.cc/features | https://deadlock.wiki/Console_commands | https://forgecheats.com/en/game/deadlock/ | https://tsuki.gg/products/deadlock/features
deadlock-souls,fov,observed_corpus_cooccurrence,5,https://avalan.cc/ | https://avalan.cc/features | https://forgecheats.com/en/game/deadlock/ | https://tsuki.gg/products/deadlock/features | https://uc.zone/en/deadlock
deadlock-souls,full,observed_corpus_cooccurrence,5,https://avalan.cc/ | https://avalan.cc/features | https://cheatstore.net/deadlock/triggerbot | https://forgecheats.com/en/game/deadlock/ | https://tsuki.gg/products/deadlock/features
deadlock-souls,health,observed_corpus_cooccurrence,5,https://avalan.cc/ | https://avalan.cc/features | https://deadlock.wiki/Console_commands | https://forgecheats.com/en/game/deadlock/ | https://tsuki.gg/products/deadlock/features
deadlock-souls,hides,observed_corpus_cooccurrence,5,https://avalan.cc/ | https://avalan.cc/features | https://deadlock.wiki/Console_commands | https://tsuki.gg/products/deadlock/features | https://uc.zone/en/deadlock
deadlock-souls,instant,observed_corpus_cooccurrence,5,https://avalan.cc/ | https://avalan.cc/features | https://forgecheats.com/en/game/deadlock/ | https://tsuki.gg/products/deadlock/features | https://uc.zone/en/deadlock
deadlock-souls,key,observed_corpus_cooccurrence,5,https://avalan.cc/ | https://avalan.cc/features | https://deadlock.io/en/mechanics/parry | https://forgecheats.com/en/game/deadlock/ | https://uc.zone/en/deadlock
deadlock-souls,list,observed_corpus_cooccurrence,5,https://avalan.cc/ | https://avalan.cc/features | https://deadlock.wiki/Console_commands | https://forgecheats.com/en/game/deadlock/ | https://tsuki.gg/products/deadlock/features
deadlock-souls,load,observed_corpus_cooccurrence,5,https://avalan.cc/ | https://avalan.cc/features | https://deadlock.wiki/Console_commands | https://tsuki.gg/products/deadlock/features | https://uc.zone/en/deadlock
deadlock-souls,map,observed_corpus_cooccurrence,5,https://avalan.cc/features | https://deadlock.wiki/Console_commands | https://forgecheats.com/en/game/deadlock/ | https://tsuki.gg/products/deadlock/features | https://uc.zone/en/deadlock
deadlock-souls,menu,observed_corpus_cooccurrence,5,https://avalan.cc/ | https://avalan.cc/features | https://deadlock.wiki/Console_commands | https://forgecheats.com/en/game/deadlock/ | https://tsuki.gg/products/deadlock/features
deadlock-esp,up,observed_corpus_cooccurrence,5,https://avalan.cc/ | https://deadlock.io/en/mechanics/parry | https://deadlock.wiki/Console_commands | https://forgecheats.com/en/game/deadlock/ | https://uc.zone/en/deadlock
deadlock-esp,automatically,observed_corpus_cooccurrence,4,https://avalan.cc/ | https://deadlock.wiki/Console_commands | https://forgecheats.com/en/game/deadlock/ | https://uc.zone/en/deadlock
deadlock-esp,build,observed_corpus_cooccurrence,4,https://avalan.cc/ | https://deadlock.wiki/Console_commands | https://forgecheats.com/en/game/deadlock/ | https://uc.zone/en/deadlock
deadlock-esp,choose,observed_corpus_cooccurrence,4,https://avalan.cc/ | https://deadlock.wiki/Console_commands | https://forgecheats.com/en/game/deadlock/ | https://uc.zone/en/deadlock
deadlock-esp,community,observed_corpus_cooccurrence,4,https://avalan.cc/ | https://deadlock.wiki/Console_commands | https://forgecheats.com/en/game/deadlock/ | https://uc.zone/en/deadlock
deadlock-esp,custom,observed_corpus_cooccurrence,4,https://avalan.cc/ | https://deadlock.wiki/Console_commands | https://forgecheats.com/en/game/deadlock/ | https://uc.zone/en/deadlock
deadlock-esp,does,observed_corpus_cooccurrence,4,https://avalan.cc/ | https://deadlock.io/en/mechanics/parry | https://deadlock.wiki/Console_commands | https://forgecheats.com/en/game/deadlock/
deadlock-esp,early,observed_corpus_cooccurrence,4,https://avalan.cc/ | https://deadlock.io/en/mechanics/parry | https://deadlock.wiki/Console_commands | https://forgecheats.com/en/game/deadlock/
deadlock-esp,features,observed_corpus_cooccurrence,4,https://avalan.cc/ | https://deadlock.wiki/Console_commands | https://forgecheats.com/en/game/deadlock/ | https://uc.zone/en/deadlock
deadlock-esp,get,observed_corpus_cooccurrence,4,https://avalan.cc/ | https://deadlock.io/en/mechanics/parry | https://forgecheats.com/en/game/deadlock/ | https://uc.zone/en/deadlock
deadlock-esp,hero,observed_corpus_cooccurrence,4,https://avalan.cc/ | https://deadlock.io/en/mechanics/parry | https://deadlock.wiki/Console_commands | https://forgecheats.com/en/game/deadlock/
deadlock-esp,key,observed_corpus_cooccurrence,4,https://avalan.cc/ | https://deadlock.io/en/mechanics/parry | https://forgecheats.com/en/game/deadlock/ | https://uc.zone/en/deadlock
deadlock-esp,like,observed_corpus_cooccurrence,4,https://deadlock.io/en/mechanics/parry | https://deadlock.wiki/Console_commands | https://forgecheats.com/en/game/deadlock/ | https://uc.zone/en/deadlock
deadlock-esp,no,observed_corpus_cooccurrence,4,https://avalan.cc/ | https://deadlock.io/en/mechanics/parry | https://forgecheats.com/en/game/deadlock/ | https://uc.zone/en/deadlock
deadlock-esp,one,observed_corpus_cooccurrence,4,https://avalan.cc/ | https://deadlock.wiki/Console_commands | https://forgecheats.com/en/game/deadlock/ | https://uc.zone/en/deadlock
deadlock-esp,players,observed_corpus_cooccurrence,4,https://avalan.cc/ | https://deadlock.io/en/mechanics/parry | https://deadlock.wiki/Console_commands | https://forgecheats.com/en/game/deadlock/
deadlock-esp,protection,observed_corpus_cooccurrence,4,https://avalan.cc/ | https://deadlock.wiki/Console_commands | https://forgecheats.com/en/game/deadlock/ | https://uc.zone/en/deadlock
deadlock-esp,right,observed_corpus_cooccurrence,4,https://avalan.cc/ | https://deadlock.wiki/Console_commands | https://forgecheats.com/en/game/deadlock/ | https://uc.zone/en/deadlock
deadlock-esp,soul,observed_corpus_cooccurrence,4,https://avalan.cc/ | https://deadlock.io/en/mechanics/parry | https://deadlock.wiki/Console_commands | https://forgecheats.com/en/game/deadlock/
deadlock-esp,target,observed_corpus_cooccurrence,4,https://avalan.cc/ | https://deadlock.wiki/Console_commands | https://forgecheats.com/en/game/deadlock/ | https://uc.zone/en/deadlock
deadlock-esp,updates,observed_corpus_cooccurrence,4,https://avalan.cc/ | https://deadlock.wiki/Console_commands | https://forgecheats.com/en/game/deadlock/ | https://uc.zone/en/deadlock
deadlock-esp,through walls,observed_corpus_cooccurrence,3,https://avalan.cc/ | https://forgecheats.com/en/game/deadlock/ | https://uc.zone/en/deadlock
deadlock-esp,ability,observed_corpus_cooccurrence,3,https://avalan.cc/ | https://deadlock.wiki/Console_commands | https://forgecheats.com/en/game/deadlock/
deadlock-esp,about,observed_corpus_cooccurrence,3,https://avalan.cc/ | https://forgecheats.com/en/game/deadlock/ | https://uc.zone/en/deadlock
deadlock-esp,access,observed_corpus_cooccurrence,3,https://avalan.cc/ | https://forgecheats.com/en/game/deadlock/ | https://uc.zone/en/deadlock
deadlock-esp,account,observed_corpus_cooccurrence,3,https://avalan.cc/ | https://deadlock.wiki/Console_commands | https://forgecheats.com/en/game/deadlock/
deadlock-esp,active,observed_corpus_cooccurrence,3,https://avalan.cc/ | https://forgecheats.com/en/game/deadlock/ | https://uc.zone/en/deadlock
deadlock-esp,after,observed_corpus_cooccurrence,3,https://avalan.cc/ | https://deadlock.wiki/Console_commands | https://forgecheats.com/en/game/deadlock/
deadlock-esp,aimbot,observed_corpus_cooccurrence,3,https://avalan.cc/ | https://forgecheats.com/en/game/deadlock/ | https://uc.zone/en/deadlock
deadlock-esp,also,observed_corpus_cooccurrence,3,https://deadlock.io/en/mechanics/parry | https://deadlock.wiki/Console_commands | https://forgecheats.com/en/game/deadlock/
deadlock-esp,always,observed_corpus_cooccurrence,3,https://avalan.cc/ | https://forgecheats.com/en/game/deadlock/ | https://uc.zone/en/deadlock
deadlock-esp,any,observed_corpus_cooccurrence,3,https://avalan.cc/ | https://deadlock.wiki/Console_commands | https://forgecheats.com/en/game/deadlock/
deadlock-esp,api,observed_corpus_cooccurrence,3,https://avalan.cc/ | https://deadlock.io/en/mechanics/parry | https://uc.zone/en/deadlock
deadlock-esp,auto,observed_corpus_cooccurrence,3,https://avalan.cc/ | https://deadlock.wiki/Console_commands | https://forgecheats.com/en/game/deadlock/
deadlock-esp,automatic,observed_corpus_cooccurrence,3,https://avalan.cc/ | https://forgecheats.com/en/game/deadlock/ | https://uc.zone/en/deadlock
deadlock-esp,before,observed_corpus_cooccurrence,3,https://avalan.cc/ | https://deadlock.wiki/Console_commands | https://forgecheats.com/en/game/deadlock/
deadlock-esp,but,observed_corpus_cooccurrence,3,https://avalan.cc/ | https://deadlock.wiki/Console_commands | https://forgecheats.com/en/game/deadlock/
deadlock-esp,changer,observed_corpus_cooccurrence,3,https://avalan.cc/ | https://forgecheats.com/en/game/deadlock/ | https://uc.zone/en/deadlock
deadlock-esp,complete,observed_corpus_cooccurrence,3,https://avalan.cc/ | https://deadlock.wiki/Console_commands | https://forgecheats.com/en/game/deadlock/
deadlock-esp,config,observed_corpus_cooccurrence,3,https://avalan.cc/ | https://deadlock.wiki/Console_commands | https://forgecheats.com/en/game/deadlock/
deadlock-esp,control,observed_corpus_cooccurrence,3,https://avalan.cc/ | https://deadlock.wiki/Console_commands | https://forgecheats.com/en/game/deadlock/
deadlock-esp,cooldown,observed_corpus_cooccurrence,3,https://deadlock.io/en/mechanics/parry | https://deadlock.wiki/Console_commands | https://forgecheats.com/en/game/deadlock/
deadlock-esp,crosshair,observed_corpus_cooccurrence,3,https://avalan.cc/ | https://deadlock.wiki/Console_commands | https://forgecheats.com/en/game/deadlock/
deadlock-esp,current,observed_corpus_cooccurrence,3,https://avalan.cc/ | https://deadlock.wiki/Console_commands | https://forgecheats.com/en/game/deadlock/
deadlock-esp,data,observed_corpus_cooccurrence,3,https://deadlock.io/en/mechanics/parry | https://deadlock.wiki/Console_commands | https://uc.zone/en/deadlock
deadlock-aimbot,up,observed_corpus_cooccurrence,5,https://avalan.cc/ | https://deadlock.io/en/mechanics/parry | https://deadlock.wiki/Console_commands | https://forgecheats.com/en/game/deadlock/ | https://uc.zone/en/deadlock
deadlock-aimbot,automatically,observed_corpus_cooccurrence,4,https://avalan.cc/ | https://deadlock.wiki/Console_commands | https://forgecheats.com/en/game/deadlock/ | https://uc.zone/en/deadlock
deadlock-aimbot,build,observed_corpus_cooccurrence,4,https://avalan.cc/ | https://deadlock.wiki/Console_commands | https://forgecheats.com/en/game/deadlock/ | https://uc.zone/en/deadlock
deadlock-aimbot,choose,observed_corpus_cooccurrence,4,https://avalan.cc/ | https://deadlock.wiki/Console_commands | https://forgecheats.com/en/game/deadlock/ | https://uc.zone/en/deadlock
deadlock-aimbot,community,observed_corpus_cooccurrence,4,https://avalan.cc/ | https://deadlock.wiki/Console_commands | https://forgecheats.com/en/game/deadlock/ | https://uc.zone/en/deadlock
deadlock-aimbot,custom,observed_corpus_cooccurrence,4,https://avalan.cc/ | https://deadlock.wiki/Console_commands | https://forgecheats.com/en/game/deadlock/ | https://uc.zone/en/deadlock
deadlock-aimbot,does,observed_corpus_cooccurrence,4,https://avalan.cc/ | https://deadlock.io/en/mechanics/parry | https://deadlock.wiki/Console_commands | https://forgecheats.com/en/game/deadlock/
deadlock-aimbot,early,observed_corpus_cooccurrence,4,https://avalan.cc/ | https://deadlock.io/en/mechanics/parry | https://deadlock.wiki/Console_commands | https://forgecheats.com/en/game/deadlock/
deadlock-aimbot,features,observed_corpus_cooccurrence,4,https://avalan.cc/ | https://deadlock.wiki/Console_commands | https://forgecheats.com/en/game/deadlock/ | https://uc.zone/en/deadlock
deadlock-aimbot,get,observed_corpus_cooccurrence,4,https://avalan.cc/ | https://deadlock.io/en/mechanics/parry | https://forgecheats.com/en/game/deadlock/ | https://uc.zone/en/deadlock
deadlock-aimbot,hero,observed_corpus_cooccurrence,4,https://avalan.cc/ | https://deadlock.io/en/mechanics/parry | https://deadlock.wiki/Console_commands | https://forgecheats.com/en/game/deadlock/
deadlock-aimbot,key,observed_corpus_cooccurrence,4,https://avalan.cc/ | https://deadlock.io/en/mechanics/parry | https://forgecheats.com/en/game/deadlock/ | https://uc.zone/en/deadlock
deadlock-aimbot,like,observed_corpus_cooccurrence,4,https://deadlock.io/en/mechanics/parry | https://deadlock.wiki/Console_commands | https://forgecheats.com/en/game/deadlock/ | https://uc.zone/en/deadlock
deadlock-aimbot,no,observed_corpus_cooccurrence,4,https://avalan.cc/ | https://deadlock.io/en/mechanics/parry | https://forgecheats.com/en/game/deadlock/ | https://uc.zone/en/deadlock
deadlock-aimbot,one,observed_corpus_cooccurrence,4,https://avalan.cc/ | https://deadlock.wiki/Console_commands | https://forgecheats.com/en/game/deadlock/ | https://uc.zone/en/deadlock
deadlock-aimbot,players,observed_corpus_cooccurrence,4,https://avalan.cc/ | https://deadlock.io/en/mechanics/parry | https://deadlock.wiki/Console_commands | https://forgecheats.com/en/game/deadlock/
deadlock-aimbot,protection,observed_corpus_cooccurrence,4,https://avalan.cc/ | https://deadlock.wiki/Console_commands | https://forgecheats.com/en/game/deadlock/ | https://uc.zone/en/deadlock
deadlock-aimbot,right,observed_corpus_cooccurrence,4,https://avalan.cc/ | https://deadlock.wiki/Console_commands | https://forgecheats.com/en/game/deadlock/ | https://uc.zone/en/deadlock
deadlock-aimbot,soul,observed_corpus_cooccurrence,4,https://avalan.cc/ | https://deadlock.io/en/mechanics/parry | https://deadlock.wiki/Console_commands | https://forgecheats.com/en/game/deadlock/
deadlock-aimbot,target,observed_corpus_cooccurrence,4,https://avalan.cc/ | https://deadlock.wiki/Console_commands | https://forgecheats.com/en/game/deadlock/ | https://uc.zone/en/deadlock
deadlock-aimbot,updates,observed_corpus_cooccurrence,4,https://avalan.cc/ | https://deadlock.wiki/Console_commands | https://forgecheats.com/en/game/deadlock/ | https://uc.zone/en/deadlock
deadlock-aimbot,through walls,observed_corpus_cooccurrence,3,https://avalan.cc/ | https://forgecheats.com/en/game/deadlock/ | https://uc.zone/en/deadlock
deadlock-aimbot,ability,observed_corpus_cooccurrence,3,https://avalan.cc/ | https://deadlock.wiki/Console_commands | https://forgecheats.com/en/game/deadlock/
deadlock-aimbot,about,observed_corpus_cooccurrence,3,https://avalan.cc/ | https://forgecheats.com/en/game/deadlock/ | https://uc.zone/en/deadlock
deadlock-aimbot,access,observed_corpus_cooccurrence,3,https://avalan.cc/ | https://forgecheats.com/en/game/deadlock/ | https://uc.zone/en/deadlock
deadlock-aimbot,account,observed_corpus_cooccurrence,3,https://avalan.cc/ | https://deadlock.wiki/Console_commands | https://forgecheats.com/en/game/deadlock/
deadlock-aimbot,active,observed_corpus_cooccurrence,3,https://avalan.cc/ | https://forgecheats.com/en/game/deadlock/ | https://uc.zone/en/deadlock
deadlock-aimbot,after,observed_corpus_cooccurrence,3,https://avalan.cc/ | https://deadlock.wiki/Console_commands | https://forgecheats.com/en/game/deadlock/
deadlock-aimbot,aimbot,observed_corpus_cooccurrence,3,https://avalan.cc/ | https://forgecheats.com/en/game/deadlock/ | https://uc.zone/en/deadlock
deadlock-aimbot,also,observed_corpus_cooccurrence,3,https://deadlock.io/en/mechanics/parry | https://deadlock.wiki/Console_commands | https://forgecheats.com/en/game/deadlock/
deadlock-aimbot,always,observed_corpus_cooccurrence,3,https://avalan.cc/ | https://forgecheats.com/en/game/deadlock/ | https://uc.zone/en/deadlock
deadlock-aimbot,any,observed_corpus_cooccurrence,3,https://avalan.cc/ | https://deadlock.wiki/Console_commands | https://forgecheats.com/en/game/deadlock/
deadlock-aimbot,api,observed_corpus_cooccurrence,3,https://avalan.cc/ | https://deadlock.io/en/mechanics/parry | https://uc.zone/en/deadlock
deadlock-aimbot,auto,observed_corpus_cooccurrence,3,https://avalan.cc/ | https://deadlock.wiki/Console_commands | https://forgecheats.com/en/game/deadlock/
deadlock-aimbot,automatic,observed_corpus_cooccurrence,3,https://avalan.cc/ | https://forgecheats.com/en/game/deadlock/ | https://uc.zone/en/deadlock
deadlock-aimbot,before,observed_corpus_cooccurrence,3,https://avalan.cc/ | https://deadlock.wiki/Console_commands | https://forgecheats.com/en/game/deadlock/
deadlock-aimbot,but,observed_corpus_cooccurrence,3,https://avalan.cc/ | https://deadlock.wiki/Console_commands | https://forgecheats.com/en/game/deadlock/
deadlock-aimbot,changer,observed_corpus_cooccurrence,3,https://avalan.cc/ | https://forgecheats.com/en/game/deadlock/ | https://uc.zone/en/deadlock
deadlock-aimbot,complete,observed_corpus_cooccurrence,3,https://avalan.cc/ | https://deadlock.wiki/Console_commands | https://forgecheats.com/en/game/deadlock/
deadlock-aimbot,config,observed_corpus_cooccurrence,3,https://avalan.cc/ | https://deadlock.wiki/Console_commands | https://forgecheats.com/en/game/deadlock/
deadlock-aimbot,control,observed_corpus_cooccurrence,3,https://avalan.cc/ | https://deadlock.wiki/Console_commands | https://forgecheats.com/en/game/deadlock/
deadlock-aimbot,cooldown,observed_corpus_cooccurrence,3,https://deadlock.io/en/mechanics/parry | https://deadlock.wiki/Console_commands | https://forgecheats.com/en/game/deadlock/
deadlock-aimbot,crosshair,observed_corpus_cooccurrence,3,https://avalan.cc/ | https://deadlock.wiki/Console_commands | https://forgecheats.com/en/game/deadlock/
deadlock-aimbot,current,observed_corpus_cooccurrence,3,https://avalan.cc/ | https://deadlock.wiki/Console_commands | https://forgecheats.com/en/game/deadlock/
deadlock-aimbot,data,observed_corpus_cooccurrence,3,https://deadlock.io/en/mechanics/parry | https://deadlock.wiki/Console_commands | https://uc.zone/en/deadlock
deadlock-fov,up,observed_corpus_cooccurrence,6,https://avalan.cc/ | https://deadlock.io/en/mechanics/parry | https://deadlock.wiki/Console_commands | https://forgecheats.com/en/game/deadlock/ | https://tsuki.gg/scripts/deadlock/aimed-fov | https://uc.zone/en/deadlock
deadlock-fov,community,observed_corpus_cooccurrence,5,https://avalan.cc/ | https://deadlock.wiki/Console_commands | https://forgecheats.com/en/game/deadlock/ | https://tsuki.gg/scripts/deadlock/aimed-fov | https://uc.zone/en/deadlock
deadlock-fov,custom,observed_corpus_cooccurrence,5,https://avalan.cc/ | https://deadlock.wiki/Console_commands | https://forgecheats.com/en/game/deadlock/ | https://tsuki.gg/scripts/deadlock/aimed-fov | https://uc.zone/en/deadlock
deadlock-fov,aimbot,observed_corpus_cooccurrence,4,https://avalan.cc/ | https://forgecheats.com/en/game/deadlock/ | https://tsuki.gg/scripts/deadlock/aimed-fov | https://uc.zone/en/deadlock
deadlock-fov,automatically,observed_corpus_cooccurrence,4,https://avalan.cc/ | https://deadlock.wiki/Console_commands | https://forgecheats.com/en/game/deadlock/ | https://uc.zone/en/deadlock
deadlock-fov,build,observed_corpus_cooccurrence,4,https://avalan.cc/ | https://deadlock.wiki/Console_commands | https://forgecheats.com/en/game/deadlock/ | https://uc.zone/en/deadlock
deadlock-fov,choose,observed_corpus_cooccurrence,4,https://avalan.cc/ | https://deadlock.wiki/Console_commands | https://forgecheats.com/en/game/deadlock/ | https://uc.zone/en/deadlock
deadlock-fov,does,observed_corpus_cooccurrence,4,https://avalan.cc/ | https://deadlock.io/en/mechanics/parry | https://deadlock.wiki/Console_commands | https://forgecheats.com/en/game/deadlock/
deadlock-fov,early,observed_corpus_cooccurrence,4,https://avalan.cc/ | https://deadlock.io/en/mechanics/parry | https://deadlock.wiki/Console_commands | https://forgecheats.com/en/game/deadlock/
deadlock-fov,features,observed_corpus_cooccurrence,4,https://avalan.cc/ | https://deadlock.wiki/Console_commands | https://forgecheats.com/en/game/deadlock/ | https://uc.zone/en/deadlock
deadlock-fov,fov,observed_corpus_cooccurrence,4,https://avalan.cc/ | https://forgecheats.com/en/game/deadlock/ | https://tsuki.gg/scripts/deadlock/aimed-fov | https://uc.zone/en/deadlock
deadlock-fov,get,observed_corpus_cooccurrence,4,https://avalan.cc/ | https://deadlock.io/en/mechanics/parry | https://forgecheats.com/en/game/deadlock/ | https://uc.zone/en/deadlock
deadlock-fov,hero,observed_corpus_cooccurrence,4,https://avalan.cc/ | https://deadlock.io/en/mechanics/parry | https://deadlock.wiki/Console_commands | https://forgecheats.com/en/game/deadlock/
deadlock-fov,key,observed_corpus_cooccurrence,4,https://avalan.cc/ | https://deadlock.io/en/mechanics/parry | https://forgecheats.com/en/game/deadlock/ | https://uc.zone/en/deadlock
deadlock-fov,like,observed_corpus_cooccurrence,4,https://deadlock.io/en/mechanics/parry | https://deadlock.wiki/Console_commands | https://forgecheats.com/en/game/deadlock/ | https://uc.zone/en/deadlock
deadlock-fov,may,observed_corpus_cooccurrence,4,https://avalan.cc/ | https://deadlock.io/en/mechanics/parry | https://deadlock.wiki/Console_commands | https://tsuki.gg/scripts/deadlock/aimed-fov
deadlock-fov,menu,observed_corpus_cooccurrence,4,https://avalan.cc/ | https://deadlock.wiki/Console_commands | https://forgecheats.com/en/game/deadlock/ | https://tsuki.gg/scripts/deadlock/aimed-fov
deadlock-fov,no,observed_corpus_cooccurrence,4,https://avalan.cc/ | https://deadlock.io/en/mechanics/parry | https://forgecheats.com/en/game/deadlock/ | https://uc.zone/en/deadlock
deadlock-fov,one,observed_corpus_cooccurrence,4,https://avalan.cc/ | https://deadlock.wiki/Console_commands | https://forgecheats.com/en/game/deadlock/ | https://uc.zone/en/deadlock
deadlock-fov,players,observed_corpus_cooccurrence,4,https://avalan.cc/ | https://deadlock.io/en/mechanics/parry | https://deadlock.wiki/Console_commands | https://forgecheats.com/en/game/deadlock/
deadlock-fov,protection,observed_corpus_cooccurrence,4,https://avalan.cc/ | https://deadlock.wiki/Console_commands | https://forgecheats.com/en/game/deadlock/ | https://uc.zone/en/deadlock
deadlock-fov,right,observed_corpus_cooccurrence,4,https://avalan.cc/ | https://deadlock.wiki/Console_commands | https://forgecheats.com/en/game/deadlock/ | https://uc.zone/en/deadlock
deadlock-fov,scripts,observed_corpus_cooccurrence,4,https://avalan.cc/ | https://forgecheats.com/en/game/deadlock/ | https://tsuki.gg/scripts/deadlock/aimed-fov | https://uc.zone/en/deadlock
deadlock-fov,set,observed_corpus_cooccurrence,4,https://avalan.cc/ | https://deadlock.wiki/Console_commands | https://forgecheats.com/en/game/deadlock/ | https://tsuki.gg/scripts/deadlock/aimed-fov
deadlock-fov,soul,observed_corpus_cooccurrence,4,https://avalan.cc/ | https://deadlock.io/en/mechanics/parry | https://deadlock.wiki/Console_commands | https://forgecheats.com/en/game/deadlock/
deadlock-fov,target,observed_corpus_cooccurrence,4,https://avalan.cc/ | https://deadlock.wiki/Console_commands | https://forgecheats.com/en/game/deadlock/ | https://uc.zone/en/deadlock
deadlock-fov,updates,observed_corpus_cooccurrence,4,https://avalan.cc/ | https://deadlock.wiki/Console_commands | https://forgecheats.com/en/game/deadlock/ | https://uc.zone/en/deadlock
deadlock-fov,through walls,observed_corpus_cooccurrence,3,https://avalan.cc/ | https://forgecheats.com/en/game/deadlock/ | https://uc.zone/en/deadlock
deadlock-fov,ability,observed_corpus_cooccurrence,3,https://avalan.cc/ | https://deadlock.wiki/Console_commands | https://forgecheats.com/en/game/deadlock/
deadlock-fov,about,observed_corpus_cooccurrence,3,https://avalan.cc/ | https://forgecheats.com/en/game/deadlock/ | https://uc.zone/en/deadlock
deadlock-fov,access,observed_corpus_cooccurrence,3,https://avalan.cc/ | https://forgecheats.com/en/game/deadlock/ | https://uc.zone/en/deadlock
deadlock-fov,account,observed_corpus_cooccurrence,3,https://avalan.cc/ | https://deadlock.wiki/Console_commands | https://forgecheats.com/en/game/deadlock/
deadlock-fov,active,observed_corpus_cooccurrence,3,https://avalan.cc/ | https://forgecheats.com/en/game/deadlock/ | https://uc.zone/en/deadlock
deadlock-fov,after,observed_corpus_cooccurrence,3,https://avalan.cc/ | https://deadlock.wiki/Console_commands | https://forgecheats.com/en/game/deadlock/
deadlock-fov,also,observed_corpus_cooccurrence,3,https://deadlock.io/en/mechanics/parry | https://deadlock.wiki/Console_commands | https://forgecheats.com/en/game/deadlock/
deadlock-fov,always,observed_corpus_cooccurrence,3,https://avalan.cc/ | https://forgecheats.com/en/game/deadlock/ | https://uc.zone/en/deadlock
deadlock-fov,any,observed_corpus_cooccurrence,3,https://avalan.cc/ | https://deadlock.wiki/Console_commands | https://forgecheats.com/en/game/deadlock/
deadlock-fov,api,observed_corpus_cooccurrence,3,https://avalan.cc/ | https://deadlock.io/en/mechanics/parry | https://uc.zone/en/deadlock
deadlock-fov,auto,observed_corpus_cooccurrence,3,https://avalan.cc/ | https://deadlock.wiki/Console_commands | https://forgecheats.com/en/game/deadlock/
deadlock-fov,automatic,observed_corpus_cooccurrence,3,https://avalan.cc/ | https://forgecheats.com/en/game/deadlock/ | https://uc.zone/en/deadlock
deadlock-fov,before,observed_corpus_cooccurrence,3,https://avalan.cc/ | https://deadlock.wiki/Console_commands | https://forgecheats.com/en/game/deadlock/
deadlock-fov,but,observed_corpus_cooccurrence,3,https://avalan.cc/ | https://deadlock.wiki/Console_commands | https://forgecheats.com/en/game/deadlock/
deadlock-fov,changer,observed_corpus_cooccurrence,3,https://avalan.cc/ | https://forgecheats.com/en/game/deadlock/ | https://uc.zone/en/deadlock
deadlock-fov,complete,observed_corpus_cooccurrence,3,https://avalan.cc/ | https://deadlock.wiki/Console_commands | https://forgecheats.com/en/game/deadlock/
deadlock-fov,config,observed_corpus_cooccurrence,3,https://avalan.cc/ | https://deadlock.wiki/Console_commands | https://forgecheats.com/en/game/deadlock/
deadlock-combos,up,observed_corpus_cooccurrence,5,https://avalan.cc/ | https://deadlock.io/en/mechanics/parry | https://deadlock.wiki/Console_commands | https://forgecheats.com/en/game/deadlock/ | https://uc.zone/en/deadlock
deadlock-combos,automatically,observed_corpus_cooccurrence,4,https://avalan.cc/ | https://deadlock.wiki/Console_commands | https://forgecheats.com/en/game/deadlock/ | https://uc.zone/en/deadlock
deadlock-combos,build,observed_corpus_cooccurrence,4,https://avalan.cc/ | https://deadlock.wiki/Console_commands | https://forgecheats.com/en/game/deadlock/ | https://uc.zone/en/deadlock
deadlock-combos,choose,observed_corpus_cooccurrence,4,https://avalan.cc/ | https://deadlock.wiki/Console_commands | https://forgecheats.com/en/game/deadlock/ | https://uc.zone/en/deadlock
deadlock-combos,community,observed_corpus_cooccurrence,4,https://avalan.cc/ | https://deadlock.wiki/Console_commands | https://forgecheats.com/en/game/deadlock/ | https://uc.zone/en/deadlock
deadlock-combos,custom,observed_corpus_cooccurrence,4,https://avalan.cc/ | https://deadlock.wiki/Console_commands | https://forgecheats.com/en/game/deadlock/ | https://uc.zone/en/deadlock
deadlock-combos,does,observed_corpus_cooccurrence,4,https://avalan.cc/ | https://deadlock.io/en/mechanics/parry | https://deadlock.wiki/Console_commands | https://forgecheats.com/en/game/deadlock/
deadlock-combos,early,observed_corpus_cooccurrence,4,https://avalan.cc/ | https://deadlock.io/en/mechanics/parry | https://deadlock.wiki/Console_commands | https://forgecheats.com/en/game/deadlock/
deadlock-combos,features,observed_corpus_cooccurrence,4,https://avalan.cc/ | https://deadlock.wiki/Console_commands | https://forgecheats.com/en/game/deadlock/ | https://uc.zone/en/deadlock
deadlock-combos,get,observed_corpus_cooccurrence,4,https://avalan.cc/ | https://deadlock.io/en/mechanics/parry | https://forgecheats.com/en/game/deadlock/ | https://uc.zone/en/deadlock
deadlock-combos,hero,observed_corpus_cooccurrence,4,https://avalan.cc/ | https://deadlock.io/en/mechanics/parry | https://deadlock.wiki/Console_commands | https://forgecheats.com/en/game/deadlock/
deadlock-combos,key,observed_corpus_cooccurrence,4,https://avalan.cc/ | https://deadlock.io/en/mechanics/parry | https://forgecheats.com/en/game/deadlock/ | https://uc.zone/en/deadlock
deadlock-combos,like,observed_corpus_cooccurrence,4,https://deadlock.io/en/mechanics/parry | https://deadlock.wiki/Console_commands | https://forgecheats.com/en/game/deadlock/ | https://uc.zone/en/deadlock
deadlock-combos,no,observed_corpus_cooccurrence,4,https://avalan.cc/ | https://deadlock.io/en/mechanics/parry | https://forgecheats.com/en/game/deadlock/ | https://uc.zone/en/deadlock
deadlock-combos,one,observed_corpus_cooccurrence,4,https://avalan.cc/ | https://deadlock.wiki/Console_commands | https://forgecheats.com/en/game/deadlock/ | https://uc.zone/en/deadlock
deadlock-combos,players,observed_corpus_cooccurrence,4,https://avalan.cc/ | https://deadlock.io/en/mechanics/parry | https://deadlock.wiki/Console_commands | https://forgecheats.com/en/game/deadlock/
deadlock-combos,protection,observed_corpus_cooccurrence,4,https://avalan.cc/ | https://deadlock.wiki/Console_commands | https://forgecheats.com/en/game/deadlock/ | https://uc.zone/en/deadlock
deadlock-combos,right,observed_corpus_cooccurrence,4,https://avalan.cc/ | https://deadlock.wiki/Console_commands | https://forgecheats.com/en/game/deadlock/ | https://uc.zone/en/deadlock
deadlock-combos,soul,observed_corpus_cooccurrence,4,https://avalan.cc/ | https://deadlock.io/en/mechanics/parry | https://deadlock.wiki/Console_commands | https://forgecheats.com/en/game/deadlock/
deadlock-combos,target,observed_corpus_cooccurrence,4,https://avalan.cc/ | https://deadlock.wiki/Console_commands | https://forgecheats.com/en/game/deadlock/ | https://uc.zone/en/deadlock
deadlock-combos,updates,observed_corpus_cooccurrence,4,https://avalan.cc/ | https://deadlock.wiki/Console_commands | https://forgecheats.com/en/game/deadlock/ | https://uc.zone/en/deadlock
deadlock-combos,through walls,observed_corpus_cooccurrence,3,https://avalan.cc/ | https://forgecheats.com/en/game/deadlock/ | https://uc.zone/en/deadlock
deadlock-combos,ability,observed_corpus_cooccurrence,3,https://avalan.cc/ | https://deadlock.wiki/Console_commands | https://forgecheats.com/en/game/deadlock/
deadlock-combos,about,observed_corpus_cooccurrence,3,https://avalan.cc/ | https://forgecheats.com/en/game/deadlock/ | https://uc.zone/en/deadlock
deadlock-combos,access,observed_corpus_cooccurrence,3,https://avalan.cc/ | https://forgecheats.com/en/game/deadlock/ | https://uc.zone/en/deadlock
deadlock-combos,account,observed_corpus_cooccurrence,3,https://avalan.cc/ | https://deadlock.wiki/Console_commands | https://forgecheats.com/en/game/deadlock/
deadlock-combos,active,observed_corpus_cooccurrence,3,https://avalan.cc/ | https://forgecheats.com/en/game/deadlock/ | https://uc.zone/en/deadlock
deadlock-combos,after,observed_corpus_cooccurrence,3,https://avalan.cc/ | https://deadlock.wiki/Console_commands | https://forgecheats.com/en/game/deadlock/
deadlock-combos,aimbot,observed_corpus_cooccurrence,3,https://avalan.cc/ | https://forgecheats.com/en/game/deadlock/ | https://uc.zone/en/deadlock
deadlock-combos,also,observed_corpus_cooccurrence,3,https://deadlock.io/en/mechanics/parry | https://deadlock.wiki/Console_commands | https://forgecheats.com/en/game/deadlock/
deadlock-combos,always,observed_corpus_cooccurrence,3,https://avalan.cc/ | https://forgecheats.com/en/game/deadlock/ | https://uc.zone/en/deadlock
deadlock-combos,any,observed_corpus_cooccurrence,3,https://avalan.cc/ | https://deadlock.wiki/Console_commands | https://forgecheats.com/en/game/deadlock/
deadlock-combos,api,observed_corpus_cooccurrence,3,https://avalan.cc/ | https://deadlock.io/en/mechanics/parry | https://uc.zone/en/deadlock
deadlock-combos,auto,observed_corpus_cooccurrence,3,https://avalan.cc/ | https://deadlock.wiki/Console_commands | https://forgecheats.com/en/game/deadlock/
deadlock-combos,automatic,observed_corpus_cooccurrence,3,https://avalan.cc/ | https://forgecheats.com/en/game/deadlock/ | https://uc.zone/en/deadlock
deadlock-combos,before,observed_corpus_cooccurrence,3,https://avalan.cc/ | https://deadlock.wiki/Console_commands | https://forgecheats.com/en/game/deadlock/
deadlock-combos,but,observed_corpus_cooccurrence,3,https://avalan.cc/ | https://deadlock.wiki/Console_commands | https://forgecheats.com/en/game/deadlock/
deadlock-combos,changer,observed_corpus_cooccurrence,3,https://avalan.cc/ | https://forgecheats.com/en/game/deadlock/ | https://uc.zone/en/deadlock
deadlock-combos,complete,observed_corpus_cooccurrence,3,https://avalan.cc/ | https://deadlock.wiki/Console_commands | https://forgecheats.com/en/game/deadlock/
deadlock-combos,config,observed_corpus_cooccurrence,3,https://avalan.cc/ | https://deadlock.wiki/Console_commands | https://forgecheats.com/en/game/deadlock/
deadlock-combos,control,observed_corpus_cooccurrence,3,https://avalan.cc/ | https://deadlock.wiki/Console_commands | https://forgecheats.com/en/game/deadlock/
deadlock-combos,cooldown,observed_corpus_cooccurrence,3,https://deadlock.io/en/mechanics/parry | https://deadlock.wiki/Console_commands | https://forgecheats.com/en/game/deadlock/
deadlock-combos,crosshair,observed_corpus_cooccurrence,3,https://avalan.cc/ | https://deadlock.wiki/Console_commands | https://forgecheats.com/en/game/deadlock/
deadlock-combos,current,observed_corpus_cooccurrence,3,https://avalan.cc/ | https://deadlock.wiki/Console_commands | https://forgecheats.com/en/game/deadlock/
deadlock-combos,data,observed_corpus_cooccurrence,3,https://deadlock.io/en/mechanics/parry | https://deadlock.wiki/Console_commands | https://uc.zone/en/deadlock
deadlock-dodger,up,observed_corpus_cooccurrence,5,https://avalan.cc/ | https://deadlock.io/en/mechanics/parry | https://deadlock.wiki/Console_commands | https://forgecheats.com/en/game/deadlock/ | https://uc.zone/en/deadlock
deadlock-dodger,automatically,observed_corpus_cooccurrence,4,https://avalan.cc/ | https://deadlock.wiki/Console_commands | https://forgecheats.com/en/game/deadlock/ | https://uc.zone/en/deadlock
deadlock-dodger,build,observed_corpus_cooccurrence,4,https://avalan.cc/ | https://deadlock.wiki/Console_commands | https://forgecheats.com/en/game/deadlock/ | https://uc.zone/en/deadlock
deadlock-dodger,choose,observed_corpus_cooccurrence,4,https://avalan.cc/ | https://deadlock.wiki/Console_commands | https://forgecheats.com/en/game/deadlock/ | https://uc.zone/en/deadlock
deadlock-dodger,community,observed_corpus_cooccurrence,4,https://avalan.cc/ | https://deadlock.wiki/Console_commands | https://forgecheats.com/en/game/deadlock/ | https://uc.zone/en/deadlock
deadlock-dodger,custom,observed_corpus_cooccurrence,4,https://avalan.cc/ | https://deadlock.wiki/Console_commands | https://forgecheats.com/en/game/deadlock/ | https://uc.zone/en/deadlock
deadlock-dodger,does,observed_corpus_cooccurrence,4,https://avalan.cc/ | https://deadlock.io/en/mechanics/parry | https://deadlock.wiki/Console_commands | https://forgecheats.com/en/game/deadlock/
deadlock-dodger,early,observed_corpus_cooccurrence,4,https://avalan.cc/ | https://deadlock.io/en/mechanics/parry | https://deadlock.wiki/Console_commands | https://forgecheats.com/en/game/deadlock/
deadlock-dodger,features,observed_corpus_cooccurrence,4,https://avalan.cc/ | https://deadlock.wiki/Console_commands | https://forgecheats.com/en/game/deadlock/ | https://uc.zone/en/deadlock
deadlock-dodger,get,observed_corpus_cooccurrence,4,https://avalan.cc/ | https://deadlock.io/en/mechanics/parry | https://forgecheats.com/en/game/deadlock/ | https://uc.zone/en/deadlock
deadlock-dodger,hero,observed_corpus_cooccurrence,4,https://avalan.cc/ | https://deadlock.io/en/mechanics/parry | https://deadlock.wiki/Console_commands | https://forgecheats.com/en/game/deadlock/
deadlock-dodger,key,observed_corpus_cooccurrence,4,https://avalan.cc/ | https://deadlock.io/en/mechanics/parry | https://forgecheats.com/en/game/deadlock/ | https://uc.zone/en/deadlock
deadlock-dodger,like,observed_corpus_cooccurrence,4,https://deadlock.io/en/mechanics/parry | https://deadlock.wiki/Console_commands | https://forgecheats.com/en/game/deadlock/ | https://uc.zone/en/deadlock
deadlock-dodger,no,observed_corpus_cooccurrence,4,https://avalan.cc/ | https://deadlock.io/en/mechanics/parry | https://forgecheats.com/en/game/deadlock/ | https://uc.zone/en/deadlock
deadlock-dodger,one,observed_corpus_cooccurrence,4,https://avalan.cc/ | https://deadlock.wiki/Console_commands | https://forgecheats.com/en/game/deadlock/ | https://uc.zone/en/deadlock
deadlock-dodger,players,observed_corpus_cooccurrence,4,https://avalan.cc/ | https://deadlock.io/en/mechanics/parry | https://deadlock.wiki/Console_commands | https://forgecheats.com/en/game/deadlock/
deadlock-dodger,protection,observed_corpus_cooccurrence,4,https://avalan.cc/ | https://deadlock.wiki/Console_commands | https://forgecheats.com/en/game/deadlock/ | https://uc.zone/en/deadlock
deadlock-dodger,right,observed_corpus_cooccurrence,4,https://avalan.cc/ | https://deadlock.wiki/Console_commands | https://forgecheats.com/en/game/deadlock/ | https://uc.zone/en/deadlock
deadlock-dodger,soul,observed_corpus_cooccurrence,4,https://avalan.cc/ | https://deadlock.io/en/mechanics/parry | https://deadlock.wiki/Console_commands | https://forgecheats.com/en/game/deadlock/
deadlock-dodger,target,observed_corpus_cooccurrence,4,https://avalan.cc/ | https://deadlock.wiki/Console_commands | https://forgecheats.com/en/game/deadlock/ | https://uc.zone/en/deadlock
deadlock-dodger,updates,observed_corpus_cooccurrence,4,https://avalan.cc/ | https://deadlock.wiki/Console_commands | https://forgecheats.com/en/game/deadlock/ | https://uc.zone/en/deadlock
deadlock-dodger,through walls,observed_corpus_cooccurrence,3,https://avalan.cc/ | https://forgecheats.com/en/game/deadlock/ | https://uc.zone/en/deadlock
deadlock-dodger,ability,observed_corpus_cooccurrence,3,https://avalan.cc/ | https://deadlock.wiki/Console_commands | https://forgecheats.com/en/game/deadlock/
deadlock-dodger,about,observed_corpus_cooccurrence,3,https://avalan.cc/ | https://forgecheats.com/en/game/deadlock/ | https://uc.zone/en/deadlock
deadlock-dodger,access,observed_corpus_cooccurrence,3,https://avalan.cc/ | https://forgecheats.com/en/game/deadlock/ | https://uc.zone/en/deadlock
deadlock-dodger,account,observed_corpus_cooccurrence,3,https://avalan.cc/ | https://deadlock.wiki/Console_commands | https://forgecheats.com/en/game/deadlock/
deadlock-dodger,active,observed_corpus_cooccurrence,3,https://avalan.cc/ | https://forgecheats.com/en/game/deadlock/ | https://uc.zone/en/deadlock
deadlock-dodger,after,observed_corpus_cooccurrence,3,https://avalan.cc/ | https://deadlock.wiki/Console_commands | https://forgecheats.com/en/game/deadlock/
deadlock-dodger,aimbot,observed_corpus_cooccurrence,3,https://avalan.cc/ | https://forgecheats.com/en/game/deadlock/ | https://uc.zone/en/deadlock
deadlock-dodger,also,observed_corpus_cooccurrence,3,https://deadlock.io/en/mechanics/parry | https://deadlock.wiki/Console_commands | https://forgecheats.com/en/game/deadlock/
deadlock-dodger,always,observed_corpus_cooccurrence,3,https://avalan.cc/ | https://forgecheats.com/en/game/deadlock/ | https://uc.zone/en/deadlock
deadlock-dodger,any,observed_corpus_cooccurrence,3,https://avalan.cc/ | https://deadlock.wiki/Console_commands | https://forgecheats.com/en/game/deadlock/
deadlock-dodger,api,observed_corpus_cooccurrence,3,https://avalan.cc/ | https://deadlock.io/en/mechanics/parry | https://uc.zone/en/deadlock
deadlock-dodger,auto,observed_corpus_cooccurrence,3,https://avalan.cc/ | https://deadlock.wiki/Console_commands | https://forgecheats.com/en/game/deadlock/
deadlock-dodger,automatic,observed_corpus_cooccurrence,3,https://avalan.cc/ | https://forgecheats.com/en/game/deadlock/ | https://uc.zone/en/deadlock
deadlock-dodger,before,observed_corpus_cooccurrence,3,https://avalan.cc/ | https://deadlock.wiki/Console_commands | https://forgecheats.com/en/game/deadlock/
deadlock-dodger,but,observed_corpus_cooccurrence,3,https://avalan.cc/ | https://deadlock.wiki/Console_commands | https://forgecheats.com/en/game/deadlock/
deadlock-dodger,changer,observed_corpus_cooccurrence,3,https://avalan.cc/ | https://forgecheats.com/en/game/deadlock/ | https://uc.zone/en/deadlock
deadlock-dodger,complete,observed_corpus_cooccurrence,3,https://avalan.cc/ | https://deadlock.wiki/Console_commands | https://forgecheats.com/en/game/deadlock/
deadlock-dodger,config,observed_corpus_cooccurrence,3,https://avalan.cc/ | https://deadlock.wiki/Console_commands | https://forgecheats.com/en/game/deadlock/
deadlock-dodger,control,observed_corpus_cooccurrence,3,https://avalan.cc/ | https://deadlock.wiki/Console_commands | https://forgecheats.com/en/game/deadlock/
deadlock-dodger,cooldown,observed_corpus_cooccurrence,3,https://deadlock.io/en/mechanics/parry | https://deadlock.wiki/Console_commands | https://forgecheats.com/en/game/deadlock/
deadlock-dodger,crosshair,observed_corpus_cooccurrence,3,https://avalan.cc/ | https://deadlock.wiki/Console_commands | https://forgecheats.com/en/game/deadlock/
deadlock-dodger,current,observed_corpus_cooccurrence,3,https://avalan.cc/ | https://deadlock.wiki/Console_commands | https://forgecheats.com/en/game/deadlock/
deadlock-dodger,data,observed_corpus_cooccurrence,3,https://deadlock.io/en/mechanics/parry | https://deadlock.wiki/Console_commands | https://uc.zone/en/deadlock
deadlock-comparison,build,observed_corpus_cooccurrence,6,https://avalan.cc/ | https://deadlock.wiki/Console_commands | https://deadlockcheats.net/blog | https://forgecheats.com/en/game/deadlock/ | https://ivsofte.biz/en/blog/best-deadlock-cheats/ | https://uc.zone/en/deadlock
deadlock-comparison,features,observed_corpus_cooccurrence,6,https://avalan.cc/ | https://deadlock.wiki/Console_commands | https://deadlockcheats.net/blog | https://forgecheats.com/en/game/deadlock/ | https://ivsofte.biz/en/blog/best-deadlock-cheats/ | https://uc.zone/en/deadlock
deadlock-comparison,get,observed_corpus_cooccurrence,6,https://avalan.cc/ | https://deadlock.io/en/mechanics/parry | https://deadlockcheats.net/blog | https://forgecheats.com/en/game/deadlock/ | https://ivsofte.biz/en/blog/best-deadlock-cheats/ | https://uc.zone/en/deadlock
deadlock-comparison,hero,observed_corpus_cooccurrence,6,https://avalan.cc/ | https://deadlock.io/en/mechanics/parry | https://deadlock.wiki/Console_commands | https://deadlockcheats.net/blog | https://forgecheats.com/en/game/deadlock/ | https://ivsofte.biz/en/blog/best-deadlock-cheats/
deadlock-comparison,no,observed_corpus_cooccurrence,6,https://avalan.cc/ | https://deadlock.io/en/mechanics/parry | https://deadlockcheats.net/blog | https://forgecheats.com/en/game/deadlock/ | https://ivsofte.biz/en/blog/best-deadlock-cheats/ | https://uc.zone/en/deadlock
deadlock-comparison,one,observed_corpus_cooccurrence,6,https://avalan.cc/ | https://deadlock.wiki/Console_commands | https://deadlockcheats.net/blog | https://forgecheats.com/en/game/deadlock/ | https://ivsofte.biz/en/blog/best-deadlock-cheats/ | https://uc.zone/en/deadlock
deadlock-comparison,players,observed_corpus_cooccurrence,6,https://avalan.cc/ | https://deadlock.io/en/mechanics/parry | https://deadlock.wiki/Console_commands | https://deadlockcheats.net/blog | https://forgecheats.com/en/game/deadlock/ | https://ivsofte.biz/en/blog/best-deadlock-cheats/
deadlock-comparison,up,observed_corpus_cooccurrence,6,https://avalan.cc/ | https://deadlock.io/en/mechanics/parry | https://deadlock.wiki/Console_commands | https://forgecheats.com/en/game/deadlock/ | https://ivsofte.biz/en/blog/best-deadlock-cheats/ | https://uc.zone/en/deadlock
deadlock-comparison,updates,observed_corpus_cooccurrence,6,https://avalan.cc/ | https://deadlock.wiki/Console_commands | https://deadlockcheats.net/blog | https://forgecheats.com/en/game/deadlock/ | https://ivsofte.biz/en/blog/best-deadlock-cheats/ | https://uc.zone/en/deadlock
deadlock-comparison,ability,observed_corpus_cooccurrence,5,https://avalan.cc/ | https://deadlock.wiki/Console_commands | https://deadlockcheats.net/blog | https://forgecheats.com/en/game/deadlock/ | https://ivsofte.biz/en/blog/best-deadlock-cheats/
deadlock-comparison,active,observed_corpus_cooccurrence,5,https://avalan.cc/ | https://deadlockcheats.net/blog | https://forgecheats.com/en/game/deadlock/ | https://ivsofte.biz/en/blog/best-deadlock-cheats/ | https://uc.zone/en/deadlock
deadlock-comparison,also,observed_corpus_cooccurrence,5,https://deadlock.io/en/mechanics/parry | https://deadlock.wiki/Console_commands | https://deadlockcheats.net/blog | https://forgecheats.com/en/game/deadlock/ | https://ivsofte.biz/en/blog/best-deadlock-cheats/
deadlock-comparison,automatically,observed_corpus_cooccurrence,5,https://avalan.cc/ | https://deadlock.wiki/Console_commands | https://forgecheats.com/en/game/deadlock/ | https://ivsofte.biz/en/blog/best-deadlock-cheats/ | https://uc.zone/en/deadlock
deadlock-comparison,but,observed_corpus_cooccurrence,5,https://avalan.cc/ | https://deadlock.wiki/Console_commands | https://deadlockcheats.net/blog | https://forgecheats.com/en/game/deadlock/ | https://ivsofte.biz/en/blog/best-deadlock-cheats/
deadlock-comparison,choose,observed_corpus_cooccurrence,5,https://avalan.cc/ | https://deadlock.wiki/Console_commands | https://forgecheats.com/en/game/deadlock/ | https://ivsofte.biz/en/blog/best-deadlock-cheats/ | https://uc.zone/en/deadlock
deadlock-comparison,current,observed_corpus_cooccurrence,5,https://avalan.cc/ | https://deadlock.wiki/Console_commands | https://deadlockcheats.net/blog | https://forgecheats.com/en/game/deadlock/ | https://ivsofte.biz/en/blog/best-deadlock-cheats/
deadlock-comparison,does,observed_corpus_cooccurrence,5,https://avalan.cc/ | https://deadlock.io/en/mechanics/parry | https://deadlock.wiki/Console_commands | https://deadlockcheats.net/blog | https://forgecheats.com/en/game/deadlock/
deadlock-comparison,during,observed_corpus_cooccurrence,5,https://avalan.cc/ | https://deadlock.wiki/Console_commands | https://deadlockcheats.net/blog | https://forgecheats.com/en/game/deadlock/ | https://ivsofte.biz/en/blog/best-deadlock-cheats/
deadlock-comparison,each,observed_corpus_cooccurrence,5,https://deadlock.wiki/Console_commands | https://deadlockcheats.net/blog | https://forgecheats.com/en/game/deadlock/ | https://ivsofte.biz/en/blog/best-deadlock-cheats/ | https://uc.zone/en/deadlock
deadlock-comparison,esp,observed_corpus_cooccurrence,5,https://avalan.cc/ | https://deadlockcheats.net/blog | https://forgecheats.com/en/game/deadlock/ | https://ivsofte.biz/en/blog/best-deadlock-cheats/ | https://uc.zone/en/deadlock
deadlock-comparison,feature,observed_corpus_cooccurrence,5,https://avalan.cc/ | https://deadlock.wiki/Console_commands | https://deadlockcheats.net/blog | https://forgecheats.com/en/game/deadlock/ | https://ivsofte.biz/en/blog/best-deadlock-cheats/
deadlock-comparison,key,observed_corpus_cooccurrence,5,https://avalan.cc/ | https://deadlock.io/en/mechanics/parry | https://forgecheats.com/en/game/deadlock/ | https://ivsofte.biz/en/blog/best-deadlock-cheats/ | https://uc.zone/en/deadlock
deadlock-comparison,like,observed_corpus_cooccurrence,5,https://deadlock.io/en/mechanics/parry | https://deadlock.wiki/Console_commands | https://forgecheats.com/en/game/deadlock/ | https://ivsofte.biz/en/blog/best-deadlock-cheats/ | https://uc.zone/en/deadlock
deadlock-comparison,mechanics,observed_corpus_cooccurrence,5,https://deadlock.io/en/mechanics/parry | https://deadlock.wiki/Console_commands | https://deadlockcheats.net/blog | https://forgecheats.com/en/game/deadlock/ | https://ivsofte.biz/en/blog/best-deadlock-cheats/
deadlock-comparison,right,observed_corpus_cooccurrence,5,https://avalan.cc/ | https://deadlock.wiki/Console_commands | https://deadlockcheats.net/blog | https://forgecheats.com/en/game/deadlock/ | https://uc.zone/en/deadlock
deadlock-comparison,soul,observed_corpus_cooccurrence,5,https://avalan.cc/ | https://deadlock.io/en/mechanics/parry | https://deadlock.wiki/Console_commands | https://forgecheats.com/en/game/deadlock/ | https://ivsofte.biz/en/blog/best-deadlock-cheats/
deadlock-comparison,support,observed_corpus_cooccurrence,5,https://avalan.cc/ | https://deadlockcheats.net/blog | https://forgecheats.com/en/game/deadlock/ | https://ivsofte.biz/en/blog/best-deadlock-cheats/ | https://uc.zone/en/deadlock
deadlock-comparison,system,observed_corpus_cooccurrence,5,https://avalan.cc/ | https://deadlockcheats.net/blog | https://forgecheats.com/en/game/deadlock/ | https://ivsofte.biz/en/blog/best-deadlock-cheats/ | https://uc.zone/en/deadlock
deadlock-comparison,team,observed_corpus_cooccurrence,5,https://avalan.cc/ | https://deadlock.wiki/Console_commands | https://deadlockcheats.net/blog | https://forgecheats.com/en/game/deadlock/ | https://ivsofte.biz/en/blog/best-deadlock-cheats/
deadlock-comparison,update,observed_corpus_cooccurrence,5,https://deadlock.io/en/mechanics/parry | https://deadlock.wiki/Console_commands | https://deadlockcheats.net/blog | https://forgecheats.com/en/game/deadlock/ | https://ivsofte.biz/en/blog/best-deadlock-cheats/
deadlock-comparison,valve,observed_corpus_cooccurrence,5,https://avalan.cc/ | https://deadlock.wiki/Console_commands | https://deadlockcheats.net/blog | https://forgecheats.com/en/game/deadlock/ | https://ivsofte.biz/en/blog/best-deadlock-cheats/
deadlock-comparison,through walls,observed_corpus_cooccurrence,4,https://avalan.cc/ | https://forgecheats.com/en/game/deadlock/ | https://ivsofte.biz/en/blog/best-deadlock-cheats/ | https://uc.zone/en/deadlock
deadlock-comparison,abilities,observed_corpus_cooccurrence,4,https://deadlock.wiki/Console_commands | https://deadlockcheats.net/blog | https://forgecheats.com/en/game/deadlock/ | https://ivsofte.biz/en/blog/best-deadlock-cheats/
deadlock-comparison,about,observed_corpus_cooccurrence,4,https://avalan.cc/ | https://forgecheats.com/en/game/deadlock/ | https://ivsofte.biz/en/blog/best-deadlock-cheats/ | https://uc.zone/en/deadlock
deadlock-comparison,access,observed_corpus_cooccurrence,4,https://avalan.cc/ | https://deadlockcheats.net/blog | https://forgecheats.com/en/game/deadlock/ | https://uc.zone/en/deadlock
deadlock-comparison,account,observed_corpus_cooccurrence,4,https://avalan.cc/ | https://deadlock.wiki/Console_commands | https://forgecheats.com/en/game/deadlock/ | https://ivsofte.biz/en/blog/best-deadlock-cheats/
deadlock-comparison,after,observed_corpus_cooccurrence,4,https://avalan.cc/ | https://deadlock.wiki/Console_commands | https://deadlockcheats.net/blog | https://forgecheats.com/en/game/deadlock/
deadlock-comparison,aimbot,observed_corpus_cooccurrence,4,https://avalan.cc/ | https://forgecheats.com/en/game/deadlock/ | https://ivsofte.biz/en/blog/best-deadlock-cheats/ | https://uc.zone/en/deadlock
deadlock-comparison,always,observed_corpus_cooccurrence,4,https://avalan.cc/ | https://forgecheats.com/en/game/deadlock/ | https://ivsofte.biz/en/blog/best-deadlock-cheats/ | https://uc.zone/en/deadlock
deadlock-comparison,anti,observed_corpus_cooccurrence,4,https://avalan.cc/ | https://deadlockcheats.net/blog | https://forgecheats.com/en/game/deadlock/ | https://ivsofte.biz/en/blog/best-deadlock-cheats/
deadlock-comparison,auto,observed_corpus_cooccurrence,4,https://avalan.cc/ | https://deadlock.wiki/Console_commands | https://deadlockcheats.net/blog | https://forgecheats.com/en/game/deadlock/
deadlock-comparison,community,observed_corpus_cooccurrence,4,https://avalan.cc/ | https://deadlock.wiki/Console_commands | https://forgecheats.com/en/game/deadlock/ | https://uc.zone/en/deadlock
deadlock-comparison,complete,observed_corpus_cooccurrence,4,https://avalan.cc/ | https://deadlock.wiki/Console_commands | https://deadlockcheats.net/blog | https://forgecheats.com/en/game/deadlock/
deadlock-comparison,custom,observed_corpus_cooccurrence,4,https://avalan.cc/ | https://deadlock.wiki/Console_commands | https://forgecheats.com/en/game/deadlock/ | https://uc.zone/en/deadlock
deadlock-comparison,data,observed_corpus_cooccurrence,4,https://deadlock.io/en/mechanics/parry | https://deadlock.wiki/Console_commands | https://ivsofte.biz/en/blog/best-deadlock-cheats/ | https://uc.zone/en/deadlock
deadlock-trial,up,observed_corpus_cooccurrence,5,https://avalan.cc/ | https://deadlock.io/en/mechanics/parry | https://deadlock.wiki/Console_commands | https://forgecheats.com/en/game/deadlock/ | https://uc.zone/en/deadlock
deadlock-trial,automatically,observed_corpus_cooccurrence,4,https://avalan.cc/ | https://deadlock.wiki/Console_commands | https://forgecheats.com/en/game/deadlock/ | https://uc.zone/en/deadlock
deadlock-trial,build,observed_corpus_cooccurrence,4,https://avalan.cc/ | https://deadlock.wiki/Console_commands | https://forgecheats.com/en/game/deadlock/ | https://uc.zone/en/deadlock
deadlock-trial,choose,observed_corpus_cooccurrence,4,https://avalan.cc/ | https://deadlock.wiki/Console_commands | https://forgecheats.com/en/game/deadlock/ | https://uc.zone/en/deadlock
deadlock-trial,community,observed_corpus_cooccurrence,4,https://avalan.cc/ | https://deadlock.wiki/Console_commands | https://forgecheats.com/en/game/deadlock/ | https://uc.zone/en/deadlock
deadlock-trial,custom,observed_corpus_cooccurrence,4,https://avalan.cc/ | https://deadlock.wiki/Console_commands | https://forgecheats.com/en/game/deadlock/ | https://uc.zone/en/deadlock
deadlock-trial,does,observed_corpus_cooccurrence,4,https://avalan.cc/ | https://deadlock.io/en/mechanics/parry | https://deadlock.wiki/Console_commands | https://forgecheats.com/en/game/deadlock/
deadlock-trial,early,observed_corpus_cooccurrence,4,https://avalan.cc/ | https://deadlock.io/en/mechanics/parry | https://deadlock.wiki/Console_commands | https://forgecheats.com/en/game/deadlock/
deadlock-trial,features,observed_corpus_cooccurrence,4,https://avalan.cc/ | https://deadlock.wiki/Console_commands | https://forgecheats.com/en/game/deadlock/ | https://uc.zone/en/deadlock
deadlock-trial,get,observed_corpus_cooccurrence,4,https://avalan.cc/ | https://deadlock.io/en/mechanics/parry | https://forgecheats.com/en/game/deadlock/ | https://uc.zone/en/deadlock
deadlock-trial,hero,observed_corpus_cooccurrence,4,https://avalan.cc/ | https://deadlock.io/en/mechanics/parry | https://deadlock.wiki/Console_commands | https://forgecheats.com/en/game/deadlock/
deadlock-trial,key,observed_corpus_cooccurrence,4,https://avalan.cc/ | https://deadlock.io/en/mechanics/parry | https://forgecheats.com/en/game/deadlock/ | https://uc.zone/en/deadlock
deadlock-trial,like,observed_corpus_cooccurrence,4,https://deadlock.io/en/mechanics/parry | https://deadlock.wiki/Console_commands | https://forgecheats.com/en/game/deadlock/ | https://uc.zone/en/deadlock
deadlock-trial,no,observed_corpus_cooccurrence,4,https://avalan.cc/ | https://deadlock.io/en/mechanics/parry | https://forgecheats.com/en/game/deadlock/ | https://uc.zone/en/deadlock
deadlock-trial,one,observed_corpus_cooccurrence,4,https://avalan.cc/ | https://deadlock.wiki/Console_commands | https://forgecheats.com/en/game/deadlock/ | https://uc.zone/en/deadlock
deadlock-trial,players,observed_corpus_cooccurrence,4,https://avalan.cc/ | https://deadlock.io/en/mechanics/parry | https://deadlock.wiki/Console_commands | https://forgecheats.com/en/game/deadlock/
deadlock-trial,protection,observed_corpus_cooccurrence,4,https://avalan.cc/ | https://deadlock.wiki/Console_commands | https://forgecheats.com/en/game/deadlock/ | https://uc.zone/en/deadlock
deadlock-trial,right,observed_corpus_cooccurrence,4,https://avalan.cc/ | https://deadlock.wiki/Console_commands | https://forgecheats.com/en/game/deadlock/ | https://uc.zone/en/deadlock
deadlock-trial,soul,observed_corpus_cooccurrence,4,https://avalan.cc/ | https://deadlock.io/en/mechanics/parry | https://deadlock.wiki/Console_commands | https://forgecheats.com/en/game/deadlock/
deadlock-trial,target,observed_corpus_cooccurrence,4,https://avalan.cc/ | https://deadlock.wiki/Console_commands | https://forgecheats.com/en/game/deadlock/ | https://uc.zone/en/deadlock
deadlock-trial,updates,observed_corpus_cooccurrence,4,https://avalan.cc/ | https://deadlock.wiki/Console_commands | https://forgecheats.com/en/game/deadlock/ | https://uc.zone/en/deadlock
deadlock-trial,through walls,observed_corpus_cooccurrence,3,https://avalan.cc/ | https://forgecheats.com/en/game/deadlock/ | https://uc.zone/en/deadlock
deadlock-trial,ability,observed_corpus_cooccurrence,3,https://avalan.cc/ | https://deadlock.wiki/Console_commands | https://forgecheats.com/en/game/deadlock/
deadlock-trial,about,observed_corpus_cooccurrence,3,https://avalan.cc/ | https://forgecheats.com/en/game/deadlock/ | https://uc.zone/en/deadlock
deadlock-trial,access,observed_corpus_cooccurrence,3,https://avalan.cc/ | https://forgecheats.com/en/game/deadlock/ | https://uc.zone/en/deadlock
deadlock-trial,account,observed_corpus_cooccurrence,3,https://avalan.cc/ | https://deadlock.wiki/Console_commands | https://forgecheats.com/en/game/deadlock/
deadlock-trial,active,observed_corpus_cooccurrence,3,https://avalan.cc/ | https://forgecheats.com/en/game/deadlock/ | https://uc.zone/en/deadlock
deadlock-trial,after,observed_corpus_cooccurrence,3,https://avalan.cc/ | https://deadlock.wiki/Console_commands | https://forgecheats.com/en/game/deadlock/
deadlock-trial,aimbot,observed_corpus_cooccurrence,3,https://avalan.cc/ | https://forgecheats.com/en/game/deadlock/ | https://uc.zone/en/deadlock
deadlock-trial,also,observed_corpus_cooccurrence,3,https://deadlock.io/en/mechanics/parry | https://deadlock.wiki/Console_commands | https://forgecheats.com/en/game/deadlock/
deadlock-trial,always,observed_corpus_cooccurrence,3,https://avalan.cc/ | https://forgecheats.com/en/game/deadlock/ | https://uc.zone/en/deadlock
deadlock-trial,any,observed_corpus_cooccurrence,3,https://avalan.cc/ | https://deadlock.wiki/Console_commands | https://forgecheats.com/en/game/deadlock/
deadlock-trial,api,observed_corpus_cooccurrence,3,https://avalan.cc/ | https://deadlock.io/en/mechanics/parry | https://uc.zone/en/deadlock
deadlock-trial,auto,observed_corpus_cooccurrence,3,https://avalan.cc/ | https://deadlock.wiki/Console_commands | https://forgecheats.com/en/game/deadlock/
deadlock-trial,automatic,observed_corpus_cooccurrence,3,https://avalan.cc/ | https://forgecheats.com/en/game/deadlock/ | https://uc.zone/en/deadlock
deadlock-trial,before,observed_corpus_cooccurrence,3,https://avalan.cc/ | https://deadlock.wiki/Console_commands | https://forgecheats.com/en/game/deadlock/
deadlock-trial,but,observed_corpus_cooccurrence,3,https://avalan.cc/ | https://deadlock.wiki/Console_commands | https://forgecheats.com/en/game/deadlock/
deadlock-trial,changer,observed_corpus_cooccurrence,3,https://avalan.cc/ | https://forgecheats.com/en/game/deadlock/ | https://uc.zone/en/deadlock
deadlock-trial,complete,observed_corpus_cooccurrence,3,https://avalan.cc/ | https://deadlock.wiki/Console_commands | https://forgecheats.com/en/game/deadlock/
deadlock-trial,config,observed_corpus_cooccurrence,3,https://avalan.cc/ | https://deadlock.wiki/Console_commands | https://forgecheats.com/en/game/deadlock/
deadlock-trial,control,observed_corpus_cooccurrence,3,https://avalan.cc/ | https://deadlock.wiki/Console_commands | https://forgecheats.com/en/game/deadlock/
deadlock-trial,cooldown,observed_corpus_cooccurrence,3,https://deadlock.io/en/mechanics/parry | https://deadlock.wiki/Console_commands | https://forgecheats.com/en/game/deadlock/
deadlock-trial,crosshair,observed_corpus_cooccurrence,3,https://avalan.cc/ | https://deadlock.wiki/Console_commands | https://forgecheats.com/en/game/deadlock/
deadlock-trial,current,observed_corpus_cooccurrence,3,https://avalan.cc/ | https://deadlock.wiki/Console_commands | https://forgecheats.com/en/game/deadlock/
deadlock-trial,data,observed_corpus_cooccurrence,3,https://deadlock.io/en/mechanics/parry | https://deadlock.wiki/Console_commands | https://uc.zone/en/deadlock
cs2-hub,counter strike,observed_corpus_cooccurrence,4,https://anyx.gg/ | https://cheater.fun/cs2-hacks/ | https://cs2-cheats.com/ | https://en.exloader.net/
cs2-hub,counter,observed_corpus_cooccurrence,4,https://anyx.gg/ | https://cheater.fun/cs2-hacks/ | https://cs2-cheats.com/ | https://en.exloader.net/
cs2-hub,no,observed_corpus_cooccurrence,4,https://anyx.gg/ | https://cheater.fun/cs2-hacks/ | https://cs2-cheats.com/ | https://en.exloader.net/
cs2-hub,now,observed_corpus_cooccurrence,4,https://anyx.gg/ | https://cheater.fun/cs2-hacks/ | https://cs2-cheats.com/ | https://en.exloader.net/
cs2-hub,strike,observed_corpus_cooccurrence,4,https://anyx.gg/ | https://cheater.fun/cs2-hacks/ | https://cs2-cheats.com/ | https://en.exloader.net/
cs2-hub,aim,observed_corpus_cooccurrence,3,https://cheater.fun/cs2-hacks/ | https://cs2-cheats.com/ | https://en.exloader.net/
cs2-hub,aimbot,observed_corpus_cooccurrence,3,https://cheater.fun/cs2-hacks/ | https://cs2-cheats.com/ | https://en.exloader.net/
cs2-hub,anti,observed_corpus_cooccurrence,3,https://cheater.fun/cs2-hacks/ | https://cs2-cheats.com/ | https://en.exloader.net/
cs2-hub,automatically,observed_corpus_cooccurrence,3,https://cheater.fun/cs2-hacks/ | https://cs2-cheats.com/ | https://en.exloader.net/
cs2-hub,choose,observed_corpus_cooccurrence,3,https://cheater.fun/cs2-hacks/ | https://cs2-cheats.com/ | https://en.exloader.net/
cs2-hub,cs,observed_corpus_cooccurrence,3,https://cheater.fun/cs2-hacks/ | https://cs2-cheats.com/ | https://en.exloader.net/
cs2-hub,esp,observed_corpus_cooccurrence,3,https://cheater.fun/cs2-hacks/ | https://cs2-cheats.com/ | https://en.exloader.net/
cs2-hub,every,observed_corpus_cooccurrence,3,https://anyx.gg/ | https://cheater.fun/cs2-hacks/ | https://cs2-cheats.com/
cs2-hub,external,observed_corpus_cooccurrence,3,https://cheater.fun/cs2-hacks/ | https://cs2-cheats.com/ | https://en.exloader.net/
cs2-hub,features,observed_corpus_cooccurrence,3,https://cheater.fun/cs2-hacks/ | https://cs2-cheats.com/ | https://en.exloader.net/
cs2-hub,get,observed_corpus_cooccurrence,3,https://cheater.fun/cs2-hacks/ | https://cs2-cheats.com/ | https://en.exloader.net/
cs2-hub,hack,observed_corpus_cooccurrence,3,https://cheater.fun/cs2-hacks/ | https://cs2-cheats.com/ | https://en.exloader.net/
cs2-hub,hacks,observed_corpus_cooccurrence,3,https://cheater.fun/cs2-hacks/ | https://cs2-cheats.com/ | https://en.exloader.net/
cs2-hub,have,observed_corpus_cooccurrence,3,https://anyx.gg/ | https://cheater.fun/cs2-hacks/ | https://en.exloader.net/
cs2-hub,hvh,observed_corpus_cooccurrence,3,https://cheater.fun/cs2-hacks/ | https://cs2-cheats.com/ | https://en.exloader.net/
cs2-hub,if,observed_corpus_cooccurrence,3,https://cheater.fun/cs2-hacks/ | https://cs2-cheats.com/ | https://en.exloader.net/
cs2-hub,map,observed_corpus_cooccurrence,3,https://anyx.gg/ | https://cheater.fun/cs2-hacks/ | https://en.exloader.net/
cs2-hub,one,observed_corpus_cooccurrence,3,https://cheater.fun/cs2-hacks/ | https://cs2-cheats.com/ | https://en.exloader.net/
cs2-hub,other,observed_corpus_cooccurrence,3,https://cheater.fun/cs2-hacks/ | https://cs2-cheats.com/ | https://en.exloader.net/
cs2-hub,play,observed_corpus_cooccurrence,3,https://cheater.fun/cs2-hacks/ | https://cs2-cheats.com/ | https://en.exloader.net/
cs2-hub,risk,observed_corpus_cooccurrence,3,https://cheater.fun/cs2-hacks/ | https://cs2-cheats.com/ | https://en.exloader.net/
cs2-hub,safe,observed_corpus_cooccurrence,3,https://cheater.fun/cs2-hacks/ | https://cs2-cheats.com/ | https://en.exloader.net/
cs2-hub,so,observed_corpus_cooccurrence,3,https://anyx.gg/ | https://cs2-cheats.com/ | https://en.exloader.net/
cs2-hub,third,observed_corpus_cooccurrence,3,https://cheater.fun/cs2-hacks/ | https://cs2-cheats.com/ | https://en.exloader.net/
cs2-hub,undetected,observed_corpus_cooccurrence,3,https://cheater.fun/cs2-hacks/ | https://cs2-cheats.com/ | https://en.exloader.net/
cs2-hub,updated,observed_corpus_cooccurrence,3,https://cheater.fun/cs2-hacks/ | https://cs2-cheats.com/ | https://en.exloader.net/
cs2-hub,using,observed_corpus_cooccurrence,3,https://cheater.fun/cs2-hacks/ | https://cs2-cheats.com/ | https://en.exloader.net/
cs2-hub,whether,observed_corpus_cooccurrence,3,https://cheater.fun/cs2-hacks/ | https://cs2-cheats.com/ | https://en.exloader.net/
cs2-hub,if you re,observed_corpus_cooccurrence,2,https://cheater.fun/cs2-hacks/ | https://en.exloader.net/
cs2-hub,updated to stay,observed_corpus_cooccurrence,2,https://cheater.fun/cs2-hacks/ | https://cs2-cheats.com/
cs2-hub,aim assist,observed_corpus_cooccurrence,2,https://cheater.fun/cs2-hacks/ | https://en.exloader.net/
cs2-hub,anti aim,observed_corpus_cooccurrence,2,https://cheater.fun/cs2-hacks/ | https://cs2-cheats.com/
cs2-hub,esp wallhack,observed_corpus_cooccurrence,2,https://cheater.fun/cs2-hacks/ | https://cs2-cheats.com/
cs2-hub,legit play,observed_corpus_cooccurrence,2,https://cs2-cheats.com/ | https://en.exloader.net/
cs2-hub,other players,observed_corpus_cooccurrence,2,https://cheater.fun/cs2-hacks/ | https://cs2-cheats.com/
cs2-hub,third party,observed_corpus_cooccurrence,2,https://cs2-cheats.com/ | https://en.exloader.net/
cs2-hub,through walls,observed_corpus_cooccurrence,2,https://cheater.fun/cs2-hacks/ | https://cs2-cheats.com/
cs2-hub,updated version,observed_corpus_cooccurrence,2,https://cheater.fun/cs2-hacks/ | https://en.exloader.net/
cs2-hub,about,observed_corpus_cooccurrence,2,https://cs2-cheats.com/ | https://en.exloader.net/
cs2-hub,access,observed_corpus_cooccurrence,2,https://cheater.fun/cs2-hacks/ | https://cs2-cheats.com/
deadlock-hub,credit card,observed_corpus_cooccurrence,2,https://ducks-services.com/store/category/145-deadlock/ | https://uc.zone/en/deadlock
deadlock-hub,aimbot,observed_corpus_cooccurrence,2,https://cheater.fun/deadlock_cheats/ | https://uc.zone/en/deadlock
deadlock-hub,card,observed_corpus_cooccurrence,2,https://ducks-services.com/store/category/145-deadlock/ | https://uc.zone/en/deadlock
deadlock-hub,credit,observed_corpus_cooccurrence,2,https://ducks-services.com/store/category/145-deadlock/ | https://uc.zone/en/deadlock
deadlock-hub,esp,observed_corpus_cooccurrence,2,https://cheater.fun/deadlock_cheats/ | https://uc.zone/en/deadlock
deadlock-hub,features,observed_corpus_cooccurrence,2,https://cheater.fun/deadlock_cheats/ | https://uc.zone/en/deadlock
deadlock-hub,get,observed_corpus_cooccurrence,2,https://cheater.fun/deadlock_cheats/ | https://uc.zone/en/deadlock
deadlock-hub,instant,observed_corpus_cooccurrence,2,https://ducks-services.com/store/category/145-deadlock/ | https://uc.zone/en/deadlock
deadlock-hub,undetected,observed_corpus_cooccurrence,2,https://cheater.fun/deadlock_cheats/ | https://ducks-services.com/store/category/145-deadlock/
deadlock-free-download,aimbot,observed_corpus_cooccurrence,5,https://avalan.cc/ | https://cheater.fun/deadlock_cheats/ | https://en.exloader.net/tree/games/deadlock/ | https://octarine.fun/en/deadlock/ | https://uc.zone/en/deadlock
deadlock-free-download,esp,observed_corpus_cooccurrence,5,https://avalan.cc/ | https://cheater.fun/deadlock_cheats/ | https://en.exloader.net/tree/games/deadlock/ | https://octarine.fun/en/deadlock/ | https://uc.zone/en/deadlock
deadlock-free-download,download,observed_corpus_cooccurrence,4,https://avalan.cc/ | https://cheater.fun/deadlock_cheats/ | https://en.exloader.net/tree/games/deadlock/ | https://octarine.fun/en/deadlock/
deadlock-free-download,features,observed_corpus_cooccurrence,4,https://avalan.cc/ | https://cheater.fun/deadlock_cheats/ | https://octarine.fun/en/deadlock/ | https://uc.zone/en/deadlock
deadlock-free-download,get,observed_corpus_cooccurrence,4,https://avalan.cc/ | https://cheater.fun/deadlock_cheats/ | https://octarine.fun/en/deadlock/ | https://uc.zone/en/deadlock
deadlock-free-download,no,observed_corpus_cooccurrence,4,https://avalan.cc/ | https://en.exloader.net/tree/games/deadlock/ | https://octarine.fun/en/deadlock/ | https://uc.zone/en/deadlock
deadlock-free-download,updates,observed_corpus_cooccurrence,4,https://avalan.cc/ | https://en.exloader.net/tree/games/deadlock/ | https://octarine.fun/en/deadlock/ | https://uc.zone/en/deadlock
deadlock-free-download,latest version,observed_corpus_cooccurrence,3,https://avalan.cc/ | https://cheater.fun/deadlock_cheats/ | https://en.exloader.net/tree/games/deadlock/
deadlock-free-download,through walls,observed_corpus_cooccurrence,3,https://avalan.cc/ | https://octarine.fun/en/deadlock/ | https://uc.zone/en/deadlock
deadlock-free-download,about,observed_corpus_cooccurrence,3,https://avalan.cc/ | https://octarine.fun/en/deadlock/ | https://uc.zone/en/deadlock
deadlock-free-download,access,observed_corpus_cooccurrence,3,https://avalan.cc/ | https://octarine.fun/en/deadlock/ | https://uc.zone/en/deadlock
deadlock-free-download,after,observed_corpus_cooccurrence,3,https://avalan.cc/ | https://cheater.fun/deadlock_cheats/ | https://octarine.fun/en/deadlock/
deadlock-free-download,aim,observed_corpus_cooccurrence,3,https://avalan.cc/ | https://en.exloader.net/tree/games/deadlock/ | https://octarine.fun/en/deadlock/
deadlock-free-download,always,observed_corpus_cooccurrence,3,https://avalan.cc/ | https://octarine.fun/en/deadlock/ | https://uc.zone/en/deadlock
deadlock-free-download,any,observed_corpus_cooccurrence,3,https://avalan.cc/ | https://en.exloader.net/tree/games/deadlock/ | https://octarine.fun/en/deadlock/
deadlock-free-download,auto,observed_corpus_cooccurrence,3,https://avalan.cc/ | https://cheater.fun/deadlock_cheats/ | https://octarine.fun/en/deadlock/
deadlock-free-download,automatically,observed_corpus_cooccurrence,3,https://avalan.cc/ | https://octarine.fun/en/deadlock/ | https://uc.zone/en/deadlock
deadlock-free-download,available,observed_corpus_cooccurrence,3,https://cheater.fun/deadlock_cheats/ | https://en.exloader.net/tree/games/deadlock/ | https://octarine.fun/en/deadlock/
deadlock-free-download,built,observed_corpus_cooccurrence,3,https://avalan.cc/ | https://octarine.fun/en/deadlock/ | https://uc.zone/en/deadlock
deadlock-free-download,choose,observed_corpus_cooccurrence,3,https://avalan.cc/ | https://octarine.fun/en/deadlock/ | https://uc.zone/en/deadlock
deadlock-free-download,days,observed_corpus_cooccurrence,3,https://avalan.cc/ | https://octarine.fun/en/deadlock/ | https://uc.zone/en/deadlock
deadlock-free-download,do,observed_corpus_cooccurrence,3,https://avalan.cc/ | https://en.exloader.net/tree/games/deadlock/ | https://octarine.fun/en/deadlock/
deadlock-free-download,does,observed_corpus_cooccurrence,3,https://avalan.cc/ | https://en.exloader.net/tree/games/deadlock/ | https://octarine.fun/en/deadlock/
deadlock-free-download,fov,observed_corpus_cooccurrence,3,https://avalan.cc/ | https://octarine.fun/en/deadlock/ | https://uc.zone/en/deadlock
deadlock-free-download,full,observed_corpus_cooccurrence,3,https://avalan.cc/ | https://en.exloader.net/tree/games/deadlock/ | https://octarine.fun/en/deadlock/
deadlock-free-download,hack,observed_corpus_cooccurrence,3,https://avalan.cc/ | https://cheater.fun/deadlock_cheats/ | https://en.exloader.net/tree/games/deadlock/
deadlock-free-download,hacks,observed_corpus_cooccurrence,3,https://avalan.cc/ | https://cheater.fun/deadlock_cheats/ | https://en.exloader.net/tree/games/deadlock/
deadlock-free-download,have,observed_corpus_cooccurrence,3,https://avalan.cc/ | https://en.exloader.net/tree/games/deadlock/ | https://octarine.fun/en/deadlock/
deadlock-free-download,latest,observed_corpus_cooccurrence,3,https://avalan.cc/ | https://cheater.fun/deadlock_cheats/ | https://en.exloader.net/tree/games/deadlock/
deadlock-free-download,legit,observed_corpus_cooccurrence,3,https://avalan.cc/ | https://en.exloader.net/tree/games/deadlock/ | https://uc.zone/en/deadlock
deadlock-free-download,one,observed_corpus_cooccurrence,3,https://avalan.cc/ | https://octarine.fun/en/deadlock/ | https://uc.zone/en/deadlock
deadlock-free-download,own,observed_corpus_cooccurrence,3,https://avalan.cc/ | https://octarine.fun/en/deadlock/ | https://uc.zone/en/deadlock
deadlock-free-download,players,observed_corpus_cooccurrence,3,https://avalan.cc/ | https://en.exloader.net/tree/games/deadlock/ | https://octarine.fun/en/deadlock/
deadlock-free-download,right,observed_corpus_cooccurrence,3,https://avalan.cc/ | https://en.exloader.net/tree/games/deadlock/ | https://uc.zone/en/deadlock
deadlock-free-download,safe,observed_corpus_cooccurrence,3,https://avalan.cc/ | https://en.exloader.net/tree/games/deadlock/ | https://octarine.fun/en/deadlock/
deadlock-free-download,scripts,observed_corpus_cooccurrence,3,https://avalan.cc/ | https://en.exloader.net/tree/games/deadlock/ | https://uc.zone/en/deadlock
deadlock-free-download,support,observed_corpus_cooccurrence,3,https://avalan.cc/ | https://octarine.fun/en/deadlock/ | https://uc.zone/en/deadlock
deadlock-free-download,target,observed_corpus_cooccurrence,3,https://avalan.cc/ | https://octarine.fun/en/deadlock/ | https://uc.zone/en/deadlock
deadlock-free-download,through,observed_corpus_cooccurrence,3,https://avalan.cc/ | https://octarine.fun/en/deadlock/ | https://uc.zone/en/deadlock
deadlock-free-download,time,observed_corpus_cooccurrence,3,https://en.exloader.net/tree/games/deadlock/ | https://octarine.fun/en/deadlock/ | https://uc.zone/en/deadlock
deadlock-free-download,undetected,observed_corpus_cooccurrence,3,https://avalan.cc/ | https://cheater.fun/deadlock_cheats/ | https://en.exloader.net/tree/games/deadlock/
deadlock-free-download,vac,observed_corpus_cooccurrence,3,https://en.exloader.net/tree/games/deadlock/ | https://octarine.fun/en/deadlock/ | https://uc.zone/en/deadlock
deadlock-free-download,version,observed_corpus_cooccurrence,3,https://avalan.cc/ | https://cheater.fun/deadlock_cheats/ | https://en.exloader.net/tree/games/deadlock/
deadlock-free-download,wallhack,observed_corpus_cooccurrence,3,https://avalan.cc/ | https://octarine.fun/en/deadlock/ | https://uc.zone/en/deadlock
deadlock-free-download,walls,observed_corpus_cooccurrence,3,https://avalan.cc/ | https://octarine.fun/en/deadlock/ | https://uc.zone/en/deadlock
cs2-free-download,counter strike,observed_corpus_cooccurrence,2,https://anyx.gg/ | https://cheater.fun/cs2-hacks/
cs2-free-download,counter,observed_corpus_cooccurrence,2,https://anyx.gg/ | https://cheater.fun/cs2-hacks/
cs2-free-download,every,observed_corpus_cooccurrence,2,https://anyx.gg/ | https://cheater.fun/cs2-hacks/
cs2-free-download,have,observed_corpus_cooccurrence,2,https://anyx.gg/ | https://cheater.fun/cs2-hacks/
cs2-free-download,map,observed_corpus_cooccurrence,2,https://anyx.gg/ | https://cheater.fun/cs2-hacks/
cs2-free-download,no,observed_corpus_cooccurrence,2,https://anyx.gg/ | https://cheater.fun/cs2-hacks/
cs2-free-download,now,observed_corpus_cooccurrence,2,https://anyx.gg/ | https://cheater.fun/cs2-hacks/
cs2-free-download,strike,observed_corpus_cooccurrence,2,https://anyx.gg/ | https://cheater.fun/cs2-hacks/
dota2-free-download,visible by enemy,observed_corpus_cooccurrence,2,https://cheater.fun/cheats_for_dota2_download_hacks_free/ | https://uc.zone/en/dota2
dota2-free-download,camera,observed_corpus_cooccurrence,2,https://cheater.fun/cheats_for_dota2_download_hacks_free/ | https://uc.zone/en/dota2
dota2-free-download,enemy,observed_corpus_cooccurrence,2,https://cheater.fun/cheats_for_dota2_download_hacks_free/ | https://uc.zone/en/dota2
dota2-free-download,hack,observed_corpus_cooccurrence,2,https://cheater.fun/cheats_for_dota2_download_hacks_free/ | https://uc.zone/en/dota2
dota2-free-download,heroes,observed_corpus_cooccurrence,2,https://cheater.fun/cheats_for_dota2_download_hacks_free/ | https://uc.zone/en/dota2
dota2-free-download,plus,observed_corpus_cooccurrence,2,https://cheater.fun/cheats_for_dota2_download_hacks_free/ | https://uc.zone/en/dota2
dota2-free-download,skills,observed_corpus_cooccurrence,2,https://cheater.fun/cheats_for_dota2_download_hacks_free/ | https://uc.zone/en/dota2
dota2-free-download,visible,observed_corpus_cooccurrence,2,https://cheater.fun/cheats_for_dota2_download_hacks_free/ | https://uc.zone/en/dota2
